# Procedurally generated forest terrain
# Size: 40.0 x 40.0 m
# Grid: 81 x 81

v -20.000000 -20.000000 -0.057930
v -19.500000 -20.000000 -0.085670
v -19.000000 -20.000000 -0.137272
v -18.500000 -20.000000 -0.184731
v -18.000000 -20.000000 -0.201603
v -17.500000 -20.000000 -0.174083
v -17.000000 -20.000000 -0.109921
v -16.500000 -20.000000 -0.035264
v -16.000000 -20.000000 0.020253
v -15.500000 -20.000000 0.037769
v -15.000000 -20.000000 0.014788
v -14.500000 -20.000000 -0.038840
v -14.000000 -20.000000 -0.112116
v -13.500000 -20.000000 -0.198990
v -13.000000 -20.000000 -0.286710
v -12.500000 -20.000000 -0.343790
v -12.000000 -20.000000 -0.336201
v -11.500000 -20.000000 -0.260587
v -11.000000 -20.000000 -0.150046
v -10.500000 -20.000000 -0.045287
v -10.000000 -20.000000 0.027432
v -9.500000 -20.000000 0.049461
v -9.000000 -20.000000 0.004732
v -8.500000 -20.000000 -0.096392
v -8.000000 -20.000000 -0.197051
v -7.500000 -20.000000 -0.224672
v -7.000000 -20.000000 -0.151207
v -6.500000 -20.000000 -0.015663
v -6.000000 -20.000000 0.106969
v -5.500000 -20.000000 0.146760
v -5.000000 -20.000000 0.070123
v -4.500000 -20.000000 -0.090079
v -4.000000 -20.000000 -0.237681
v -3.500000 -20.000000 -0.283284
v -3.000000 -20.000000 -0.221760
v -2.500000 -20.000000 -0.124712
v -2.000000 -20.000000 -0.058578
v -1.500000 -20.000000 -0.027550
v -1.000000 -20.000000 0.003694
v -0.500000 -20.000000 0.052725
v 0.000000 -20.000000 0.100300
v 0.500000 -20.000000 0.121783
v 1.000000 -20.000000 0.116717
v 1.500000 -20.000000 0.099109
v 2.000000 -20.000000 0.074123
v 2.500000 -20.000000 0.038187
v 3.000000 -20.000000 -0.007808
v 3.500000 -20.000000 -0.058418
v 4.000000 -20.000000 -0.112643
v 4.500000 -20.000000 -0.173793
v 5.000000 -20.000000 -0.242921
v 5.500000 -20.000000 -0.311943
v 6.000000 -20.000000 -0.355000
v 6.500000 -20.000000 -0.329334
v 7.000000 -20.000000 -0.203365
v 7.500000 -20.000000 0.003231
v 8.000000 -20.000000 0.205437
v 8.500000 -20.000000 0.289411
v 9.000000 -20.000000 0.189047
v 9.500000 -20.000000 -0.050471
v 10.000000 -20.000000 -0.286692
v 10.500000 -20.000000 -0.378908
v 11.000000 -20.000000 -0.293204
v 11.500000 -20.000000 -0.117323
v 12.000000 -20.000000 0.021603
v 12.500000 -20.000000 0.050863
v 13.000000 -20.000000 -0.024587
v 13.500000 -20.000000 -0.166764
v 14.000000 -20.000000 -0.347256
v 14.500000 -20.000000 -0.539553
v 15.000000 -20.000000 -0.693638
v 15.500000 -20.000000 -0.748813
v 16.000000 -20.000000 -0.682616
v 16.500000 -20.000000 -0.540221
v 17.000000 -20.000000 -0.407793
v 17.500000 -20.000000 -0.353137
v 18.000000 -20.000000 -0.387047
v 18.500000 -20.000000 -0.472679
v 19.000000 -20.000000 -0.562299
v 19.500000 -20.000000 -0.624616
v 20.000000 -20.000000 -0.648476
v -20.000000 -19.500000 -0.004272
v -19.500000 -19.500000 -0.041249
v -19.000000 -19.500000 -0.099888
v -18.500000 -19.500000 -0.142174
v -18.000000 -19.500000 -0.146310
v -17.500000 -19.500000 -0.113673
v -17.000000 -19.500000 -0.060821
v -16.500000 -19.500000 -0.009348
v -16.000000 -19.500000 0.020035
v -15.500000 -19.500000 0.014164
v -15.000000 -19.500000 -0.024319
v -14.500000 -19.500000 -0.078987
v -14.000000 -19.500000 -0.137018
v -13.500000 -19.500000 -0.200950
v -13.000000 -19.500000 -0.272509
v -12.500000 -19.500000 -0.328961
v -12.000000 -19.500000 -0.332543
v -11.500000 -19.500000 -0.268665
v -11.000000 -19.500000 -0.162306
v -10.500000 -19.500000 -0.054052
v -10.000000 -19.500000 0.025366
v -9.500000 -19.500000 0.053791
v -9.000000 -19.500000 0.014224
v -8.500000 -19.500000 -0.083755
v -8.000000 -19.500000 -0.185571
v -7.500000 -19.500000 -0.220114
v -7.000000 -19.500000 -0.156941
v -6.500000 -19.500000 -0.029558
v -6.000000 -19.500000 0.092077
v -5.500000 -19.500000 0.139756
v -5.000000 -19.500000 0.076311
v -4.500000 -19.500000 -0.074483
v -4.000000 -19.500000 -0.225388
v -3.500000 -19.500000 -0.286420
v -3.000000 -19.500000 -0.240701
v -2.500000 -19.500000 -0.147607
v -2.000000 -19.500000 -0.072939
v -1.500000 -19.500000 -0.032058
v -1.000000 -19.500000 -0.001699
v -0.500000 -19.500000 0.032840
v 0.000000 -19.500000 0.059022
v 0.500000 -19.500000 0.061346
v 1.000000 -19.500000 0.044605
v 1.500000 -19.500000 0.023812
v 2.000000 -19.500000 0.004238
v 2.500000 -19.500000 -0.016975
v 3.000000 -19.500000 -0.040414
v 3.500000 -19.500000 -0.067052
v 4.000000 -19.500000 -0.103908
v 4.500000 -19.500000 -0.156631
v 5.000000 -19.500000 -0.221012
v 5.500000 -19.500000 -0.283179
v 6.000000 -19.500000 -0.318966
v 6.500000 -19.500000 -0.294452
v 7.000000 -19.500000 -0.186347
v 7.500000 -19.500000 -0.014591
v 8.000000 -19.500000 0.146039
v 8.500000 -19.500000 0.198925
v 9.000000 -19.500000 0.092746
v 9.500000 -19.500000 -0.125716
v 10.000000 -19.500000 -0.327555
v 10.500000 -19.500000 -0.389720
v 11.000000 -19.500000 -0.287233
v 11.500000 -19.500000 -0.106117
v 12.000000 -19.500000 0.032267
v 12.500000 -19.500000 0.060512
v 13.000000 -19.500000 -0.011090
v 13.500000 -19.500000 -0.138658
v 14.000000 -19.500000 -0.291138
v 14.500000 -19.500000 -0.449130
v 15.000000 -19.500000 -0.580152
v 15.500000 -19.500000 -0.640274
v 16.000000 -19.500000 -0.608345
v 16.500000 -19.500000 -0.512822
v 17.000000 -19.500000 -0.417689
v 17.500000 -19.500000 -0.377841
v 18.000000 -19.500000 -0.405067
v 18.500000 -19.500000 -0.472376
v 19.000000 -19.500000 -0.543074
v 19.500000 -19.500000 -0.592595
v 20.000000 -19.500000 -0.610852
v -20.000000 -19.000000 0.067557
v -19.500000 -19.000000 0.015366
v -19.000000 -19.000000 -0.058142
v -18.500000 -19.000000 -0.100181
v -18.000000 -19.000000 -0.092493
v -17.500000 -19.000000 -0.054584
v -17.000000 -19.000000 -0.014694
v -16.500000 -19.000000 0.010128
v -16.000000 -19.000000 0.009803
v -15.500000 -19.000000 -0.021331
v -15.000000 -19.000000 -0.073616
v -14.500000 -19.000000 -0.122542
v -14.000000 -19.000000 -0.154372
v -13.500000 -19.000000 -0.185076
v -13.000000 -19.000000 -0.237923
v -12.500000 -19.000000 -0.302862
v -12.000000 -19.000000 -0.334643
v -11.500000 -19.000000 -0.297975
v -11.000000 -19.000000 -0.202204
v -10.500000 -19.000000 -0.087700
v -10.000000 -19.000000 0.004931
v -9.500000 -19.000000 0.045450
v -9.000000 -19.000000 0.015781
v -8.500000 -19.000000 -0.073445
v -8.000000 -19.000000 -0.170678
v -7.500000 -19.000000 -0.209945
v -7.000000 -19.000000 -0.160490
v -6.500000 -19.000000 -0.047259
v -6.000000 -19.000000 0.070658
v -5.500000 -19.000000 0.130163
v -5.000000 -19.000000 0.088938
v -4.500000 -19.000000 -0.043703
v -4.000000 -19.000000 -0.195172
v -3.500000 -19.000000 -0.276417
v -3.000000 -19.000000 -0.254035
v -2.500000 -19.000000 -0.168275
v -2.000000 -19.000000 -0.082328
v -1.500000 -19.000000 -0.027521
v -1.000000 -19.000000 0.001302
v -0.500000 -19.000000 0.014976
v 0.000000 -19.000000 0.011895
v 0.500000 -19.000000 -0.009819
v 1.000000 -19.000000 -0.038791
v 1.500000 -19.000000 -0.059417
v 2.000000 -19.000000 -0.065847
v 2.500000 -19.000000 -0.059267
v 3.000000 -19.000000 -0.043149
v 3.500000 -19.000000 -0.029698
v 4.000000 -19.000000 -0.039227
v 4.500000 -19.000000 -0.081840
v 5.000000 -19.000000 -0.146599
v 5.500000 -19.000000 -0.211209
v 6.000000 -19.000000 -0.251725
v 6.500000 -19.000000 -0.243664
v 7.000000 -19.000000 -0.173954
v 7.500000 -19.000000 -0.063429
v 8.000000 -19.000000 0.027532
v 8.500000 -19.000000 0.029318
v 9.000000 -19.000000 -0.084105
v 9.500000 -19.000000 -0.261651
v 10.000000 -19.000000 -0.397246
v 10.500000 -19.000000 -0.401106
v 11.000000 -19.000000 -0.268487
v 11.500000 -19.000000 -0.084566
v 12.000000 -19.000000 0.042945
v 12.500000 -19.000000 0.062376
v 13.000000 -19.000000 -0.003568
v 13.500000 -19.000000 -0.103906
v 14.000000 -19.000000 -0.208656
v 14.500000 -19.000000 -0.312275
v 15.000000 -19.000000 -0.407395
v 15.500000 -19.000000 -0.471638
v 16.000000 -19.000000 -0.483795
v 16.500000 -19.000000 -0.448797
v 17.000000 -19.000000 -0.400876
v 17.500000 -19.000000 -0.377774
v 18.000000 -19.000000 -0.392378
v 18.500000 -19.000000 -0.430960
v 19.000000 -19.000000 -0.472567
v 19.500000 -19.000000 -0.502642
v 20.000000 -19.000000 -0.512537
v -20.000000 -18.500000 0.107391
v -19.500000 -18.500000 0.042066
v -19.000000 -18.500000 -0.048607
v -18.500000 -18.500000 -0.101147
v -18.000000 -18.500000 -0.095389
v -17.500000 -18.500000 -0.058184
v -17.000000 -18.500000 -0.024052
v -16.500000 -18.500000 -0.009131
v -16.000000 -18.500000 -0.019406
v -15.500000 -18.500000 -0.057213
v -15.000000 -18.500000 -0.109002
v -14.500000 -18.500000 -0.145658
v -14.000000 -18.500000 -0.153443
v -13.500000 -18.500000 -0.158563
v -13.000000 -18.500000 -0.202439
v -12.500000 -18.500000 -0.287619
v -12.000000 -18.500000 -0.361866
v -11.500000 -18.500000 -0.365850
v -11.000000 -18.500000 -0.287550
v -10.500000 -18.500000 -0.165225
v -10.000000 -18.500000 -0.053699
v -9.500000 -18.500000 0.003129
v -9.000000 -18.500000 -0.014572
v -8.500000 -18.500000 -0.091298
v -8.000000 -18.500000 -0.176419
v -7.500000 -18.500000 -0.212630
v -7.000000 -18.500000 -0.174154
v -6.500000 -18.500000 -0.078171
v -6.000000 -18.500000 0.030963
v -5.500000 -18.500000 0.099171
v -5.000000 -18.500000 0.081231
v -4.500000 -18.500000 -0.026607
v -4.000000 -18.500000 -0.167514
v -3.500000 -18.500000 -0.258453
v -3.000000 -18.500000 -0.254656
v -2.500000 -18.500000 -0.177421
v -2.000000 -18.500000 -0.083310
v -1.500000 -18.500000 -0.016144
v -1.000000 -18.500000 0.012117
v -0.500000 -18.500000 0.008792
v 0.000000 -18.500000 -0.016194
v 0.500000 -18.500000 -0.052167
v 1.000000 -18.500000 -0.084582
v 1.500000 -18.500000 -0.100074
v 2.000000 -18.500000 -0.091842
v 2.500000 -18.500000 -0.057228
v 3.000000 -18.500000 -0.001446
v 3.500000 -18.500000 0.052055
v 4.000000 -18.500000 0.069572
v 4.500000 -18.500000 0.035015
v 5.000000 -18.500000 -0.038042
v 5.500000 -18.500000 -0.121871
v 6.000000 -18.500000 -0.189771
v 6.500000 -18.500000 -0.219278
v 7.000000 -18.500000 -0.202332
v 7.500000 -18.500000 -0.160924
v 8.000000 -18.500000 -0.143497
v 8.500000 -18.500000 -0.192751
v 9.000000 -18.500000 -0.306803
v 9.500000 -18.500000 -0.428667
v 10.000000 -18.500000 -0.478334
v 10.500000 -18.500000 -0.407508
v 11.000000 -18.500000 -0.240312
v 11.500000 -18.500000 -0.063341
v 12.000000 -18.500000 0.036388
v 12.500000 -18.500000 0.034178
v 13.000000 -18.500000 -0.028933
v 13.500000 -18.500000 -0.098570
v 14.000000 -18.500000 -0.153838
v 14.500000 -18.500000 -0.206134
v 15.000000 -18.500000 -0.267669
v 15.500000 -18.500000 -0.328861
v 16.000000 -18.500000 -0.365115
v 16.500000 -18.500000 -0.363469
v 17.000000 -18.500000 -0.338580
v 17.500000 -18.500000 -0.318200
v 18.000000 -18.500000 -0.316806
v 18.500000 -18.500000 -0.330100
v 19.000000 -18.500000 -0.348825
v 19.500000 -18.500000 -0.365610
v 20.000000 -18.500000 -0.371033
v -20.000000 -18.000000 0.090251
v -19.500000 -18.000000 0.024736
v -19.000000 -18.000000 -0.071070
v -18.500000 -18.000000 -0.135756
v -18.000000 -18.000000 -0.144694
v -17.500000 -18.000000 -0.117376
v -17.000000 -18.000000 -0.083817
v -16.500000 -18.000000 -0.060902
v -16.000000 -18.000000 -0.058801
v -15.500000 -18.000000 -0.084464
v -15.000000 -18.000000 -0.127668
v -14.500000 -18.000000 -0.159775
v -14.000000 -18.000000 -0.163889
v -13.500000 -18.000000 -0.164039
v -13.000000 -18.000000 -0.207932
v -12.500000 -18.000000 -0.310054
v -12.000000 -18.000000 -0.420394
v -11.500000 -18.000000 -0.463432
v -11.000000 -18.000000 -0.405074
v -10.500000 -18.000000 -0.276312
v -10.000000 -18.000000 -0.144312
v -9.500000 -18.000000 -0.069273
v -9.000000 -18.000000 -0.074967
v -8.500000 -18.000000 -0.139431
v -8.000000 -18.000000 -0.210036
v -7.500000 -18.000000 -0.238060
v -7.000000 -18.000000 -0.205705
v -6.500000 -18.000000 -0.125543
v -6.000000 -18.000000 -0.028593
v -5.500000 -18.000000 0.041307
v -5.000000 -18.000000 0.041185
v -4.500000 -18.000000 -0.038403
v -4.000000 -18.000000 -0.153857
v -3.500000 -18.000000 -0.235479
v -3.000000 -18.000000 -0.238671
v -2.500000 -18.000000 -0.170505
v -2.000000 -18.000000 -0.075145
v -1.500000 -18.000000 0.000542
v -1.000000 -18.000000 0.032426
v -0.500000 -18.000000 0.023149
v 0.000000 -18.000000 -0.009816
v 0.500000 -18.000000 -0.047791
v 1.000000 -18.000000 -0.077898
v 1.500000 -18.000000 -0.092751
v 2.000000 -18.000000 -0.084952
v 2.500000 -18.000000 -0.044742
v 3.000000 -18.000000 0.026417
v 3.500000 -18.000000 0.100768
v 4.000000 -18.000000 0.137210
v 4.500000 -18.000000 0.113508
v 5.000000 -18.000000 0.038030
v 5.500000 -18.000000 -0.064574
v 6.000000 -18.000000 -0.165573
v 6.500000 -18.000000 -0.237530
v 7.000000 -18.000000 -0.269972
v 7.500000 -18.000000 -0.284166
v 8.000000 -18.000000 -0.320485
v 8.500000 -18.000000 -0.401272
v 9.000000 -18.000000 -0.502974
v 9.500000 -18.000000 -0.565848
v 10.000000 -18.000000 -0.534419
v 10.500000 -18.000000 -0.397705
v 11.000000 -18.000000 -0.205958
v 11.500000 -18.000000 -0.046838
v 12.000000 -18.000000 0.013973
v 12.500000 -18.000000 -0.019511
v 13.000000 -18.000000 -0.088287
v 13.500000 -18.000000 -0.139081
v 14.000000 -18.000000 -0.164369
v 14.500000 -18.000000 -0.188986
v 15.000000 -18.000000 -0.231924
v 15.500000 -18.000000 -0.283207
v 16.000000 -18.000000 -0.312767
v 16.500000 -18.000000 -0.301390
v 17.000000 -18.000000 -0.261539
v 17.500000 -18.000000 -0.223515
v 18.000000 -18.000000 -0.205915
v 18.500000 -18.000000 -0.208182
v 19.000000 -18.000000 -0.224043
v 19.500000 -18.000000 -0.245576
v 20.000000 -18.000000 -0.257072
v -20.000000 -17.500000 0.033432
v -19.500000 -17.500000 -0.012689
v -19.000000 -17.500000 -0.088458
v -18.500000 -17.500000 -0.150383
v -18.000000 -17.500000 -0.173959
v -17.500000 -17.500000 -0.163777
v -17.000000 -17.500000 -0.135948
v -16.500000 -17.500000 -0.104727
v -16.000000 -17.500000 -0.086642
v -15.500000 -17.500000 -0.098547
v -15.000000 -17.500000 -0.140771
v -14.500000 -17.500000 -0.189862
v -14.000000 -17.500000 -0.220608
v -13.500000 -17.500000 -0.239022
v -13.000000 -17.500000 -0.283410
v -12.500000 -17.500000 -0.378763
v -12.000000 -17.500000 -0.492709
v -11.500000 -17.500000 -0.553045
v -11.000000 -17.500000 -0.511790
v -10.500000 -17.500000 -0.386182
v -10.000000 -17.500000 -0.243748
v -9.500000 -17.500000 -0.154178
v -9.000000 -17.500000 -0.146365
v -8.500000 -17.500000 -0.196192
v -8.000000 -17.500000 -0.250783
v -7.500000 -17.500000 -0.268090
v -7.000000 -17.500000 -0.236350
v -6.500000 -17.500000 -0.165649
v -6.000000 -17.500000 -0.078922
v -5.500000 -17.500000 -0.012164
v -5.000000 -17.500000 -0.001544
v -4.500000 -17.500000 -0.054107
v -4.000000 -17.500000 -0.135936
v -3.500000 -17.500000 -0.196288
v -3.000000 -17.500000 -0.201173
v -2.500000 -17.500000 -0.148524
v -2.000000 -17.500000 -0.064120
v -1.500000 -17.500000 0.013693
v -1.000000 -17.500000 0.054771
v -0.500000 -17.500000 0.053069
v 0.000000 -17.500000 0.024790
v 0.500000 -17.500000 -0.009709
v 1.000000 -17.500000 -0.041785
v 1.500000 -17.500000 -0.071524
v 2.000000 -17.500000 -0.091728
v 2.500000 -17.500000 -0.083285
v 3.000000 -17.500000 -0.036547
v 3.500000 -17.500000 0.027946
v 4.000000 -17.500000 0.071951
v 4.500000 -17.500000 0.069366
v 5.000000 -17.500000 0.016515
v 5.500000 -17.500000 -0.075333
v 6.000000 -17.500000 -0.182800
v 6.500000 -17.500000 -0.275075
v 7.000000 -17.500000 -0.335691
v 7.500000 -17.500000 -0.380512
v 8.000000 -17.500000 -0.441675
v 8.500000 -17.500000 -0.528313
v 9.000000 -17.500000 -0.606649
v 9.500000 -17.500000 -0.621867
v 10.000000 -17.500000 -0.539270
v 10.500000 -17.500000 -0.370745
v 11.000000 -17.500000 -0.177640
v 11.500000 -17.500000 -0.043603
v 12.000000 -17.500000 -0.019347
v 12.500000 -17.500000 -0.082821
v 13.000000 -17.500000 -0.164595
v 13.500000 -17.500000 -0.214561
v 14.000000 -17.500000 -0.235828
v 14.500000 -17.500000 -0.259425
v 15.000000 -17.500000 -0.300932
v 15.500000 -17.500000 -0.342380
v 16.000000 -17.500000 -0.348842
v 16.500000 -17.500000 -0.303132
v 17.000000 -17.500000 -0.225891
v 17.500000 -17.500000 -0.157908
v 18.000000 -17.500000 -0.125576
v 18.500000 -17.500000 -0.130515
v 19.000000 -17.500000 -0.163274
v 19.500000 -17.500000 -0.207743
v 20.000000 -17.500000 -0.235954
v -20.000000 -17.000000 -0.024578
v -19.500000 -17.000000 -0.036138
v -19.000000 -17.000000 -0.068653
v -18.500000 -17.000000 -0.106826
v -18.000000 -17.000000 -0.133994
v -17.500000 -17.000000 -0.142077
v -17.000000 -17.000000 -0.131059
v -16.500000 -17.000000 -0.107955
v -16.000000 -17.000000 -0.090538
v -15.500000 -17.000000 -0.102750
v -15.000000 -17.000000 -0.157294
v -14.500000 -17.000000 -0.240268
v -14.000000 -17.000000 -0.318244
v -13.500000 -17.000000 -0.370020
v -13.000000 -17.000000 -0.410500
v -12.500000 -17.000000 -0.469760
v -12.000000 -17.000000 -0.545583
v -11.500000 -17.000000 -0.592526
v -11.000000 -17.000000 -0.564549
v -10.500000 -17.000000 -0.461167
v -10.000000 -17.000000 -0.331690
v -9.500000 -17.000000 -0.238558
v -9.000000 -17.000000 -0.212685
v -8.500000 -17.000000 -0.236184
v -8.000000 -17.000000 -0.264603
v -7.500000 -17.000000 -0.263867
v -7.000000 -17.000000 -0.225042
v -6.500000 -17.000000 -0.155588
v -6.000000 -17.000000 -0.074465
v -5.500000 -17.000000 -0.012402
v -5.000000 -17.000000 0.003335
v -4.500000 -17.000000 -0.028045
v -4.000000 -17.000000 -0.080265
v -3.500000 -17.000000 -0.122725
v -3.000000 -17.000000 -0.136208
v -2.500000 -17.000000 -0.112809
v -2.000000 -17.000000 -0.056621
v -1.500000 -17.000000 0.012003
v -1.000000 -17.000000 0.063839
v -0.500000 -17.000000 0.081015
v 0.000000 -17.000000 0.068316
v 0.500000 -17.000000 0.040102
v 1.000000 -17.000000 -0.000254
v 1.500000 -17.000000 -0.058779
v 2.000000 -17.000000 -0.128709
v 2.500000 -17.000000 -0.181939
v 3.000000 -17.000000 -0.193402
v 3.500000 -17.000000 -0.166686
v 4.000000 -17.000000 -0.127324
v 4.500000 -17.000000 -0.100508
v 5.000000 -17.000000 -0.102967
v 5.500000 -17.000000 -0.142852
v 6.000000 -17.000000 -0.212706
v 6.500000 -17.000000 -0.288911
v 7.000000 -17.000000 -0.352222
v 7.500000 -17.000000 -0.408265
v 8.000000 -17.000000 -0.476284
v 8.500000 -17.000000 -0.555349
v 9.000000 -17.000000 -0.611007
v 9.500000 -17.000000 -0.600392
v 10.000000 -17.000000 -0.505705
v 10.500000 -17.000000 -0.346796
v 11.000000 -17.000000 -0.179211
v 11.500000 -17.000000 -0.075141
v 12.000000 -17.000000 -0.076590
v 12.500000 -17.000000 -0.156897
v 13.000000 -17.000000 -0.246210
v 13.500000 -17.000000 -0.299165
v 14.000000 -17.000000 -0.325636
v 14.500000 -17.000000 -0.358648
v 15.000000 -17.000000 -0.408204
v 15.500000 -17.000000 -0.448122
v 16.000000 -17.000000 -0.439542
v 16.500000 -17.000000 -0.367451
v 17.000000 -17.000000 -0.258984
v 17.500000 -17.000000 -0.164621
v 18.000000 -17.000000 -0.121191
v 18.500000 -17.000000 -0.135590
v 19.000000 -17.000000 -0.194169
v 19.500000 -17.000000 -0.268792
v 20.000000 -17.000000 -0.317172
v -20.000000 -16.500000 -0.061617
v -19.500000 -16.500000 -0.036893
v -19.000000 -16.500000 -0.020272
v -18.500000 -16.500000 -0.024031
v -18.000000 -16.500000 -0.043356
v -17.500000 -16.500000 -0.064350
v -17.000000 -16.500000 -0.075994
v -16.500000 -16.500000 -0.077550
v -16.000000 -16.500000 -0.081120
v -15.500000 -16.500000 -0.107996
v -15.000000 -16.500000 -0.177658
v -14.500000 -16.500000 -0.289194
v -14.000000 -16.500000 -0.409774
v -13.500000 -16.500000 -0.494705
v -13.000000 -16.500000 -0.528721
v -12.500000 -16.500000 -0.537707
v -12.000000 -16.500000 -0.551082
v -11.500000 -16.500000 -0.564537
v -11.000000 -16.500000 -0.548471
v -10.500000 -16.500000 -0.485323
v -10.000000 -16.500000 -0.392282
v -9.500000 -16.500000 -0.308384
v -9.000000 -16.500000 -0.260555
v -8.500000 -16.500000 -0.242989
v -8.000000 -16.500000 -0.229287
v -7.500000 -16.500000 -0.198573
v -7.000000 -16.500000 -0.145114
v -6.500000 -16.500000 -0.073459
v -6.000000 -16.500000 0.001492
v -5.500000 -16.500000 0.055677
v -5.000000 -16.500000 0.071847
v -4.500000 -16.500000 0.054422
v -4.000000 -16.500000 0.021614
v -3.500000 -16.500000 -0.013541
v -3.000000 -16.500000 -0.044798
v -2.500000 -16.500000 -0.060920
v -2.000000 -16.500000 -0.046956
v -1.500000 -16.500000 -0.001848
v -1.000000 -16.500000 0.053826
v -0.500000 -16.500000 0.093885
v 0.000000 -16.500000 0.106782
v 0.500000 -16.500000 0.093159
v 1.000000 -16.500000 0.048322
v 1.500000 -16.500000 -0.037659
v 2.000000 -16.500000 -0.157417
v 2.500000 -16.500000 -0.275987
v 3.000000 -16.500000 -0.354412
v 3.500000 -16.500000 -0.377571
v 4.000000 -16.500000 -0.354522
v 4.500000 -16.500000 -0.304567
v 5.000000 -16.500000 -0.251423
v 5.500000 -16.500000 -0.219723
v 6.000000 -16.500000 -0.223579
v 6.500000 -16.500000 -0.258277
v 7.000000 -16.500000 -0.309872
v 7.500000 -16.500000 -0.372964
v 8.000000 -16.500000 -0.449164
v 8.500000 -16.500000 -0.526153
v 9.000000 -16.500000 -0.571495
v 9.500000 -16.500000 -0.555890
v 10.000000 -16.500000 -0.475527
v 10.500000 -16.500000 -0.351836
v 11.000000 -16.500000 -0.227182
v 11.500000 -16.500000 -0.156528
v 12.000000 -16.500000 -0.172257
v 12.500000 -16.500000 -0.248444
v 13.000000 -16.500000 -0.322802
v 13.500000 -16.500000 -0.359924
v 14.000000 -16.500000 -0.378045
v 14.500000 -16.500000 -0.413670
v 15.000000 -16.500000 -0.474209
v 15.500000 -16.500000 -0.527146
v 16.000000 -16.500000 -0.527713
v 16.500000 -16.500000 -0.457086
v 17.000000 -16.500000 -0.341296
v 17.500000 -16.500000 -0.235881
v 18.000000 -16.500000 -0.189166
v 18.500000 -16.500000 -0.216526
v 19.000000 -16.500000 -0.300359
v 19.500000 -16.500000 -0.399993
v 20.000000 -16.500000 -0.462945
v -20.000000 -16.000000 -0.081875
v -19.500000 -16.000000 -0.032647
v -19.000000 -16.000000 0.019470
v -18.500000 -16.000000 0.044637
v -18.000000 -16.000000 0.037496
v -17.500000 -16.000000 0.011594
v -17.000000 -16.000000 -0.018618
v -16.500000 -16.000000 -0.047902
v -16.000000 -16.000000 -0.079078
v -15.500000 -16.000000 -0.121535
v -15.000000 -16.000000 -0.193134
v -14.500000 -16.000000 -0.307086
v -14.000000 -16.000000 -0.443305
v -13.500000 -16.000000 -0.547214
v -13.000000 -16.000000 -0.576916
v -12.500000 -16.000000 -0.545894
v -12.000000 -16.000000 -0.504388
v -11.500000 -16.000000 -0.485351
v -11.000000 -16.000000 -0.479432
v -10.500000 -16.000000 -0.457193
v -10.000000 -16.000000 -0.404996
v -9.500000 -16.000000 -0.335547
v -9.000000 -16.000000 -0.267813
v -8.500000 -16.000000 -0.206664
v -8.000000 -16.000000 -0.145958
v -7.500000 -16.000000 -0.081991
v -7.000000 -16.000000 -0.015800
v -6.500000 -16.000000 0.049882
v -6.000000 -16.000000 0.107538
v -5.500000 -16.000000 0.145295
v -5.000000 -16.000000 0.157477
v -4.500000 -16.000000 0.150103
v -4.000000 -16.000000 0.131242
v -3.500000 -16.000000 0.100304
v -3.000000 -16.000000 0.054731
v -2.500000 -16.000000 0.005537
v -2.000000 -16.000000 -0.022503
v -1.500000 -16.000000 -0.011100
v -1.000000 -16.000000 0.034418
v -0.500000 -16.000000 0.090204
v 0.000000 -16.000000 0.132417
v 0.500000 -16.000000 0.144185
v 1.000000 -16.000000 0.108845
v 1.500000 -16.000000 0.013178
v 2.000000 -16.000000 -0.133380
v 2.500000 -16.000000 -0.291575
v 3.000000 -16.000000 -0.415132
v 3.500000 -16.000000 -0.477844
v 4.000000 -16.000000 -0.477410
v 4.500000 -16.000000 -0.425665
v 5.000000 -16.000000 -0.344127
v 5.500000 -16.000000 -0.262739
v 6.000000 -16.000000 -0.211751
v 6.500000 -16.000000 -0.208011
v 7.000000 -16.000000 -0.249404
v 7.500000 -16.000000 -0.324104
v 8.000000 -16.000000 -0.416972
v 8.500000 -16.000000 -0.503299
v 9.000000 -16.000000 -0.550480
v 9.500000 -16.000000 -0.539110
v 10.000000 -16.000000 -0.476886
v 10.500000 -16.000000 -0.388653
v 11.000000 -16.000000 -0.306667
v 11.500000 -16.000000 -0.266696
v 12.000000 -16.000000 -0.285400
v 12.500000 -16.000000 -0.335385
v 13.000000 -16.000000 -0.367336
v 13.500000 -16.000000 -0.363631
v 14.000000 -16.000000 -0.355711
v 14.500000 -16.000000 -0.386061
v 15.000000 -16.000000 -0.461700
v 15.500000 -16.000000 -0.543979
v 16.000000 -16.000000 -0.578289
v 16.500000 -16.000000 -0.535593
v 17.000000 -16.000000 -0.435477
v 17.500000 -16.000000 -0.336027
v 18.000000 -16.000000 -0.296606
v 18.500000 -16.000000 -0.340263
v 19.000000 -16.000000 -0.443667
v 19.500000 -16.000000 -0.555297
v 20.000000 -16.000000 -0.621384
v -20.000000 -15.500000 -0.088681
v -19.500000 -15.500000 -0.033819
v -19.000000 -15.500000 0.029241
v -18.500000 -15.500000 0.067108
v -18.000000 -15.500000 0.068695
v -17.500000 -15.500000 0.043166
v -17.000000 -15.500000 0.003296
v -16.500000 -15.500000 -0.043579
v -16.000000 -15.500000 -0.091180
v -15.500000 -15.500000 -0.135016
v -15.000000 -15.500000 -0.187400
v -14.500000 -15.500000 -0.274089
v -14.000000 -15.500000 -0.394457
v -13.500000 -15.500000 -0.498491
v -13.000000 -15.500000 -0.529653
v -12.500000 -15.500000 -0.486613
v -12.000000 -15.500000 -0.422748
v -11.500000 -15.500000 -0.388176
v -11.000000 -15.500000 -0.386150
v -10.500000 -15.500000 -0.383944
v -10.000000 -15.500000 -0.353298
v -9.500000 -15.500000 -0.292067
v -9.000000 -15.500000 -0.212127
v -8.500000 -15.500000 -0.122862
v -8.000000 -15.500000 -0.032366
v -7.500000 -15.500000 0.047750
v -7.000000 -15.500000 0.108103
v -6.500000 -15.500000 0.147077
v -6.000000 -15.500000 0.168331
v -5.500000 -15.500000 0.177726
v -5.000000 -15.500000 0.182157
v -4.500000 -15.500000 0.185438
v -4.000000 -15.500000 0.183502
v -3.500000 -15.500000 0.165506
v -3.000000 -15.500000 0.123476
v -2.500000 -15.500000 0.063988
v -2.000000 -15.500000 0.010264
v -1.500000 -15.500000 -0.011044
v -1.000000 -15.500000 0.011814
v -0.500000 -15.500000 0.067667
v 0.000000 -15.500000 0.130231
v 0.500000 -15.500000 0.169334
v 1.000000 -15.500000 0.156831
v 1.500000 -15.500000 0.076328
v 2.000000 -15.500000 -0.061052
v 2.500000 -15.500000 -0.215364
v 3.000000 -15.500000 -0.341698
v 3.500000 -15.500000 -0.415115
v 4.000000 -15.500000 -0.432769
v 4.500000 -15.500000 -0.402295
v 5.000000 -15.500000 -0.336751
v 5.500000 -15.500000 -0.258198
v 6.000000 -15.500000 -0.197826
v 6.500000 -15.500000 -0.183183
v 7.000000 -15.500000 -0.222786
v 7.500000 -15.500000 -0.305928
v 8.000000 -15.500000 -0.410515
v 8.500000 -15.500000 -0.505187
v 9.000000 -15.500000 -0.555989
v 9.500000 -15.500000 -0.547219
v 10.000000 -15.500000 -0.493562
v 10.500000 -15.500000 -0.425676
v 11.000000 -15.500000 -0.371766
v 11.500000 -15.500000 -0.350639
v 12.000000 -15.500000 -0.360772
v 12.500000 -15.500000 -0.372131
v 13.000000 -15.500000 -0.351281
v 13.500000 -15.500000 -0.301455
v 14.000000 -15.500000 -0.267001
v 14.500000 -15.500000 -0.294461
v 15.000000 -15.500000 -0.390075
v 15.500000 -15.500000 -0.509720
v 16.000000 -15.500000 -0.588471
v 16.500000 -15.500000 -0.585978
v 17.000000 -15.500000 -0.515022
v 17.500000 -15.500000 -0.434944
v 18.000000 -15.500000 -0.411759
v 18.500000 -15.500000 -0.470885
v 19.000000 -15.500000 -0.581955
v 19.500000 -15.500000 -0.688041
v 20.000000 -15.500000 -0.744303
v -20.000000 -15.000000 -0.067215
v -19.500000 -15.000000 -0.024760
v -19.000000 -15.000000 0.025080
v -18.500000 -15.000000 0.057924
v -18.000000 -15.000000 0.060949
v -17.500000 -15.000000 0.036248
v -17.000000 -15.000000 -0.006980
v -16.500000 -15.000000 -0.058649
v -16.000000 -15.000000 -0.104792
v -15.500000 -15.000000 -0.131876
v -15.000000 -15.000000 -0.149191
v -14.500000 -15.000000 -0.191683
v -14.000000 -15.000000 -0.276016
v -13.500000 -15.000000 -0.365105
v -13.000000 -15.000000 -0.402481
v -12.500000 -15.000000 -0.376160
v -12.000000 -15.000000 -0.326893
v -11.500000 -15.000000 -0.297746
v -11.000000 -15.000000 -0.292605
v -10.500000 -15.000000 -0.284051
v -10.000000 -15.000000 -0.248457
v -9.500000 -15.000000 -0.183743
v -9.000000 -15.000000 -0.099005
v -8.500000 -15.000000 -0.004488
v -8.000000 -15.000000 0.084674
v -7.500000 -15.000000 0.148812
v -7.000000 -15.000000 0.174809
v -6.500000 -15.000000 0.164203
v -6.000000 -15.000000 0.133207
v -5.500000 -15.000000 0.105976
v -5.000000 -15.000000 0.100334
v -4.500000 -15.000000 0.115386
v -4.000000 -15.000000 0.134545
v -3.500000 -15.000000 0.138969
v -3.000000 -15.000000 0.117360
v -2.500000 -15.000000 0.070188
v -2.000000 -15.000000 0.012683
v -1.500000 -15.000000 -0.028288
v -1.000000 -15.000000 -0.028921
v -0.500000 -15.000000 0.013947
v 0.000000 -15.000000 0.080116
v 0.500000 -15.000000 0.137429
v 1.000000 -15.000000 0.153982
v 1.500000 -15.000000 0.111090
v 2.000000 -15.000000 0.017635
v 2.500000 -15.000000 -0.091409
v 3.000000 -15.000000 -0.179754
v 3.500000 -15.000000 -0.233050
v 4.000000 -15.000000 -0.256948
v 4.500000 -15.000000 -0.260102
v 5.000000 -15.000000 -0.246270
v 5.500000 -15.000000 -0.220841
v 6.000000 -15.000000 -0.199039
v 6.500000 -15.000000 -0.200855
v 7.000000 -15.000000 -0.237504
v 7.500000 -15.000000 -0.307113
v 8.000000 -15.000000 -0.397267
v 8.500000 -15.000000 -0.483303
v 9.000000 -15.000000 -0.532321
v 9.500000 -15.000000 -0.525294
v 10.000000 -15.000000 -0.475466
v 10.500000 -15.000000 -0.416380
v 11.000000 -15.000000 -0.375347
v 11.500000 -15.000000 -0.360233
v 12.000000 -15.000000 -0.357515
v 12.500000 -15.000000 -0.338304
v 13.000000 -15.000000 -0.283456
v 13.500000 -15.000000 -0.210014
v 14.000000 -15.000000 -0.166666
v 14.500000 -15.000000 -0.198324
v 15.000000 -15.000000 -0.309709
v 15.500000 -15.000000 -0.455128
v 16.000000 -15.000000 -0.566071
v 16.500000 -15.000000 -0.598078
v 17.000000 -15.000000 -0.561064
v 17.500000 -15.000000 -0.511692
v 18.000000 -15.000000 -0.511569
v 18.500000 -15.000000 -0.579769
v 19.000000 -15.000000 -0.681106
v 19.500000 -15.000000 -0.763305
v 20.000000 -15.000000 -0.798980
v -20.000000 -14.500000 -0.014438
v -19.500000 -14.500000 0.006030
v -19.000000 -14.500000 0.029946
v -18.500000 -14.500000 0.048836
v -18.000000 -14.500000 0.050050
v -17.500000 -14.500000 0.026256
v -17.000000 -14.500000 -0.018387
v -16.500000 -14.500000 -0.069618
v -16.000000 -14.500000 -0.105842
v -15.500000 -14.500000 -0.109295
v -15.000000 -14.500000 -0.090288
v -14.500000 -14.500000 -0.089055
v -14.000000 -14.500000 -0.132191
v -13.500000 -14.500000 -0.196837
v -13.000000 -14.500000 -0.238048
v -12.500000 -14.500000 -0.241324
v -12.000000 -14.500000 -0.228426
v -11.500000 -14.500000 -0.220309
v -11.000000 -14.500000 -0.212763
v -10.500000 -14.500000 -0.187438
v -10.000000 -14.500000 -0.134657
v -9.500000 -14.500000 -0.059672
v -9.000000 -14.500000 0.026274
v -8.500000 -14.500000 0.109182
v -8.000000 -14.500000 0.169707
v -7.500000 -14.500000 0.189412
v -7.000000 -14.500000 0.161218
v -6.500000 -14.500000 0.093625
v -6.000000 -14.500000 0.011919
v -5.500000 -14.500000 -0.048493
v -5.000000 -14.500000 -0.063886
v -4.500000 -14.500000 -0.040137
v -4.000000 -14.500000 -0.003996
v -3.500000 -14.500000 0.019829
v -3.000000 -14.500000 0.018987
v -2.500000 -14.500000 -0.008987
v -2.000000 -14.500000 -0.055398
v -1.500000 -14.500000 -0.097338
v -1.000000 -14.500000 -0.108354
v -0.500000 -14.500000 -0.078245
v 0.000000 -14.500000 -0.018433
v 0.500000 -14.500000 0.048309
v 1.000000 -14.500000 0.096199
v 1.500000 -14.500000 0.105078
v 2.000000 -14.500000 0.075558
v 2.500000 -14.500000 0.031591
v 3.000000 -14.500000 -0.002089
v 3.500000 -14.500000 -0.022746
v 4.000000 -14.500000 -0.045729
v 4.500000 -14.500000 -0.083090
v 5.000000 -14.500000 -0.131404
v 5.500000 -14.500000 -0.177185
v 6.000000 -14.500000 -0.210263
v 6.500000 -14.500000 -0.230363
v 7.000000 -14.500000 -0.245116
v 7.500000 -14.500000 -0.267890
v 8.000000 -14.500000 -0.311095
v 8.500000 -14.500000 -0.369803
v 9.000000 -14.500000 -0.415246
v 9.500000 -14.500000 -0.418656
v 10.000000 -14.500000 -0.382037
v 10.500000 -14.500000 -0.334964
v 11.000000 -14.500000 -0.304091
v 11.500000 -14.500000 -0.294274
v 12.000000 -14.500000 -0.290607
v 12.500000 -14.500000 -0.269422
v 13.000000 -14.500000 -0.218242
v 13.500000 -14.500000 -0.154179
v 14.000000 -14.500000 -0.119972
v 14.500000 -14.500000 -0.155125
v 15.000000 -14.500000 -0.263513
v 15.500000 -14.500000 -0.403027
v 16.000000 -14.500000 -0.512442
v 16.500000 -14.500000 -0.556608
v 17.000000 -14.500000 -0.550207
v 17.500000 -14.500000 -0.541940
v 18.000000 -14.500000 -0.574103
v 18.500000 -14.500000 -0.648617
v 19.000000 -14.500000 -0.728374
v 19.500000 -14.500000 -0.775908
v 20.000000 -14.500000 -0.786269
v -20.000000 -14.000000 0.023092
v -19.500000 -14.000000 0.025361
v -19.000000 -14.000000 0.029500
v -18.500000 -14.000000 0.041927
v -18.000000 -14.000000 0.049579
v -17.500000 -14.000000 0.033525
v -17.000000 -14.000000 -0.010343
v -16.500000 -14.000000 -0.064460
v -16.000000 -14.000000 -0.097900
v -15.500000 -14.000000 -0.087875
v -15.000000 -14.000000 -0.045673
v -14.500000 -14.000000 -0.013206
v -14.000000 -14.000000 -0.020282
v -13.500000 -14.000000 -0.055547
v -13.000000 -14.000000 -0.090606
v -12.500000 -14.000000 -0.116102
v -12.000000 -14.000000 -0.138337
v -11.500000 -14.000000 -0.155244
v -11.000000 -14.000000 -0.152819
v -10.500000 -14.000000 -0.120124
v -10.000000 -14.000000 -0.058265
v -9.500000 -14.000000 0.022519
v -9.000000 -14.000000 0.106008
v -8.500000 -14.000000 0.168909
v -8.000000 -14.000000 0.187622
v -7.500000 -14.000000 0.152992
v -7.000000 -14.000000 0.073367
v -6.500000 -14.000000 -0.033827
v -6.000000 -14.000000 -0.142719
v -5.500000 -14.000000 -0.219516
v -5.000000 -14.000000 -0.241544
v -4.500000 -14.000000 -0.217120
v -4.000000 -14.000000 -0.177220
v -3.500000 -14.000000 -0.148806
v -3.000000 -14.000000 -0.142225
v -2.500000 -14.000000 -0.157346
v -2.000000 -14.000000 -0.186956
v -1.500000 -14.000000 -0.213352
v -1.000000 -14.000000 -0.215700
v -0.500000 -14.000000 -0.185465
v 0.000000 -14.000000 -0.127481
v 0.500000 -14.000000 -0.051129
v 1.000000 -14.000000 0.028035
v 1.500000 -14.000000 0.088222
v 2.000000 -14.000000 0.118454
v 2.500000 -14.000000 0.129396
v 3.000000 -14.000000 0.136331
v 3.500000 -14.000000 0.136604
v 4.000000 -14.000000 0.111570
v 4.500000 -14.000000 0.047953
v 5.000000 -14.000000 -0.045991
v 5.500000 -14.000000 -0.141662
v 6.000000 -14.000000 -0.206195
v 6.500000 -14.000000 -0.220607
v 7.000000 -14.000000 -0.190418
v 7.500000 -14.000000 -0.146650
v 8.000000 -14.000000 -0.129774
v 8.500000 -14.000000 -0.157153
v 9.000000 -14.000000 -0.204724
v 9.500000 -14.000000 -0.231878
v 10.000000 -14.000000 -0.224422
v 10.500000 -14.000000 -0.202479
v 11.000000 -14.000000 -0.191365
v 11.500000 -14.000000 -0.199371
v 12.000000 -14.000000 -0.217830
v 12.500000 -14.000000 -0.227608
v 13.000000 -14.000000 -0.212032
v 13.500000 -14.000000 -0.176437
v 14.000000 -14.000000 -0.153576
v 14.500000 -14.000000 -0.179542
v 15.000000 -14.000000 -0.259211
v 15.500000 -14.000000 -0.356494
v 16.000000 -14.000000 -0.425377
v 16.500000 -14.000000 -0.452370
v 17.000000 -14.000000 -0.465537
v 17.500000 -14.000000 -0.503673
v 18.000000 -14.000000 -0.579446
v 18.500000 -14.000000 -0.668578
v 19.000000 -14.000000 -0.731145
v 19.500000 -14.000000 -0.747996
v 20.000000 -14.000000 -0.736656
v -20.000000 -13.500000 -0.020801
v -19.500000 -13.500000 -0.022791
v -19.000000 -13.500000 -0.018496
v -18.500000 -13.500000 0.006148
v -18.000000 -13.500000 0.036158
v -17.500000 -13.500000 0.040917
v -17.000000 -13.500000 0.004522
v -16.500000 -13.500000 -0.056342
v -16.000000 -13.500000 -0.100973
v -15.500000 -13.500000 -0.096838
v -15.000000 -13.500000 -0.051226
v -14.500000 -13.500000 -0.004039
v -14.000000 -13.500000 0.015090
v -13.500000 -13.500000 0.009034
v -13.000000 -13.500000 -0.009506
v -12.500000 -13.500000 -0.039104
v -12.000000 -13.500000 -0.077168
v -11.500000 -13.500000 -0.107004
v -11.000000 -13.500000 -0.110586
v -10.500000 -13.500000 -0.083203
v -10.000000 -13.500000 -0.029445
v -9.500000 -13.500000 0.042564
v -9.000000 -13.500000 0.113847
v -8.500000 -13.500000 0.151316
v -8.000000 -13.500000 0.128393
v -7.500000 -13.500000 0.048977
v -7.000000 -13.500000 -0.059950
v -6.500000 -13.500000 -0.173896
v -6.000000 -13.500000 -0.276115
v -5.500000 -13.500000 -0.347566
v -5.000000 -13.500000 -0.372971
v -4.500000 -13.500000 -0.358339
v -4.000000 -13.500000 -0.329737
v -3.500000 -13.500000 -0.310644
v -3.000000 -13.500000 -0.306819
v -2.500000 -13.500000 -0.312741
v -2.000000 -13.500000 -0.320551
v -1.500000 -13.500000 -0.319037
v -1.000000 -13.500000 -0.296903
v -0.500000 -13.500000 -0.251192
v 0.000000 -13.500000 -0.183911
v 0.500000 -13.500000 -0.095584
v 1.000000 -13.500000 0.005199
v 1.500000 -13.500000 0.095858
v 2.000000 -13.500000 0.157650
v 2.500000 -13.500000 0.191917
v 3.000000 -13.500000 0.209181
v 3.500000 -13.500000 0.209003
v 4.000000 -13.500000 0.177788
v 4.500000 -13.500000 0.104640
v 5.000000 -13.500000 -0.000861
v 5.500000 -13.500000 -0.104118
v 6.000000 -13.500000 -0.162061
v 6.500000 -13.500000 -0.149014
v 7.000000 -13.500000 -0.073408
v 7.500000 -13.500000 0.021899
v 8.000000 -13.500000 0.080759
v 8.500000 -13.500000 0.072675
v 9.000000 -13.500000 0.016765
v 9.500000 -13.500000 -0.040369
v 10.000000 -13.500000 -0.071080
v 10.500000 -13.500000 -0.083543
v 11.000000 -13.500000 -0.100112
v 11.500000 -13.500000 -0.135247
v 12.000000 -13.500000 -0.188786
v 12.500000 -13.500000 -0.242533
v 13.000000 -13.500000 -0.268252
v 13.500000 -13.500000 -0.255655
v 14.000000 -13.500000 -0.230583
v 14.500000 -13.500000 -0.231100
v 15.000000 -13.500000 -0.264882
v 15.500000 -13.500000 -0.300890
v 16.000000 -13.500000 -0.309097
v 16.500000 -13.500000 -0.300944
v 17.000000 -13.500000 -0.321008
v 17.500000 -13.500000 -0.399979
v 18.000000 -13.500000 -0.521649
v 18.500000 -13.500000 -0.634728
v 19.000000 -13.500000 -0.693722
v 19.500000 -13.500000 -0.693592
v 20.000000 -13.500000 -0.669350
v -20.000000 -13.000000 -0.138767
v -19.500000 -13.000000 -0.133664
v -19.000000 -13.000000 -0.115713
v -18.500000 -13.000000 -0.070652
v -18.000000 -13.000000 -0.013851
v -17.500000 -13.000000 0.017615
v -17.000000 -13.000000 -0.004189
v -16.500000 -13.000000 -0.069864
v -16.000000 -13.000000 -0.133946
v -15.500000 -13.000000 -0.152225
v -15.000000 -13.000000 -0.121537
v -14.500000 -13.000000 -0.074845
v -14.000000 -13.000000 -0.040146
v -13.500000 -13.000000 -0.021810
v -13.000000 -13.000000 -0.019296
v -12.500000 -13.000000 -0.036083
v -12.000000 -13.000000 -0.063653
v -11.500000 -13.000000 -0.080600
v -11.000000 -13.000000 -0.075524
v -10.500000 -13.000000 -0.054096
v -10.000000 -13.000000 -0.021127
v -9.500000 -13.000000 0.024240
v -9.000000 -13.000000 0.068121
v -8.500000 -13.000000 0.075012
v -8.000000 -13.000000 0.018892
v -7.500000 -13.000000 -0.085461
v -7.000000 -13.000000 -0.197102
v -6.500000 -13.000000 -0.288705
v -6.000000 -13.000000 -0.358200
v -5.500000 -13.000000 -0.408757
v -5.000000 -13.000000 -0.436418
v -4.500000 -13.000000 -0.440604
v -4.000000 -13.000000 -0.433520
v -3.500000 -13.000000 -0.428806
v -3.000000 -13.000000 -0.426301
v -2.500000 -13.000000 -0.416306
v -2.000000 -13.000000 -0.392410
v -1.500000 -13.000000 -0.352364
v -1.000000 -13.000000 -0.295596
v -0.500000 -13.000000 -0.225121
v 0.000000 -13.000000 -0.143819
v 0.500000 -13.000000 -0.050975
v 1.000000 -13.000000 0.047354
v 1.500000 -13.000000 0.132462
v 2.000000 -13.000000 0.187673
v 2.500000 -13.000000 0.212138
v 3.000000 -13.000000 0.215006
v 3.500000 -13.000000 0.202081
v 4.000000 -13.000000 0.169941
v 4.500000 -13.000000 0.111057
v 5.000000 -13.000000 0.029553
v 5.500000 -13.000000 -0.046941
v 6.000000 -13.000000 -0.079892
v 6.500000 -13.000000 -0.047399
v 7.000000 -13.000000 0.040051
v 7.500000 -13.000000 0.142464
v 8.000000 -13.000000 0.208406
v 8.500000 -13.000000 0.205497
v 9.000000 -13.000000 0.142871
v 9.500000 -13.000000 0.060577
v 10.000000 -13.000000 -0.006348
v 10.500000 -13.000000 -0.051090
v 11.000000 -13.000000 -0.089022
v 11.500000 -13.000000 -0.140212
v 12.000000 -13.000000 -0.212925
v 12.500000 -13.000000 -0.289190
v 13.000000 -13.000000 -0.331148
v 13.500000 -13.000000 -0.318309
v 14.000000 -13.000000 -0.275060
v 14.500000 -13.000000 -0.244010
v 15.000000 -13.000000 -0.235275
v 15.500000 -13.000000 -0.220432
v 16.000000 -13.000000 -0.180406
v 16.500000 -13.000000 -0.143548
v 17.000000 -13.000000 -0.164046
v 17.500000 -13.000000 -0.266056
v 18.000000 -13.000000 -0.415539
v 18.500000 -13.000000 -0.545347
v 19.000000 -13.000000 -0.606264
v 19.500000 -13.000000 -0.600402
v 20.000000 -13.000000 -0.571516
v -20.000000 -12.500000 -0.213282
v -19.500000 -12.500000 -0.204384
v -19.000000 -12.500000 -0.183988
v -18.500000 -12.500000 -0.139246
v -18.000000 -12.500000 -0.079294
v -17.500000 -12.500000 -0.037271
v -17.000000 -12.500000 -0.048393
v -16.500000 -12.500000 -0.115730
v -16.000000 -12.500000 -0.198842
v -15.500000 -12.500000 -0.246827
v -15.000000 -12.500000 -0.242880
v -14.500000 -12.500000 -0.207500
v -14.000000 -12.500000 -0.165449
v -13.500000 -12.500000 -0.128898
v -13.000000 -12.500000 -0.106527
v -12.500000 -12.500000 -0.101072
v -12.000000 -12.500000 -0.097022
v -11.500000 -12.500000 -0.075257
v -11.000000 -12.500000 -0.041028
v -10.500000 -12.500000 -0.016628
v -10.000000 -12.500000 -0.007897
v -9.500000 -12.500000 -0.001271
v -9.000000 -12.500000 0.002865
v -8.500000 -12.500000 -0.023281
v -8.000000 -12.500000 -0.101117
v -7.500000 -12.500000 -0.210753
v -7.000000 -12.500000 -0.306480
v -6.500000 -12.500000 -0.362559
v -6.000000 -12.500000 -0.390747
v -5.500000 -12.500000 -0.415221
v -5.000000 -12.500000 -0.443760
v -4.500000 -12.500000 -0.468807
v -4.000000 -12.500000 -0.485823
v -3.500000 -12.500000 -0.495483
v -3.000000 -12.500000 -0.491003
v -2.500000 -12.500000 -0.459493
v -2.000000 -12.500000 -0.397153
v -1.500000 -12.500000 -0.312007
v -1.000000 -12.500000 -0.215447
v -0.500000 -12.500000 -0.118082
v 0.000000 -12.500000 -0.027433
v 0.500000 -12.500000 0.053903
v 1.000000 -12.500000 0.122574
v 1.500000 -12.500000 0.170715
v 2.000000 -12.500000 0.192237
v 2.500000 -12.500000 0.188469
v 3.000000 -12.500000 0.167843
v 3.500000 -12.500000 0.143061
v 4.000000 -12.500000 0.121952
v 4.500000 -12.500000 0.098145
v 5.000000 -12.500000 0.062009
v 5.500000 -12.500000 0.022258
v 6.000000 -12.500000 0.003407
v 6.500000 -12.500000 0.022009
v 7.000000 -12.500000 0.074172
v 7.500000 -12.500000 0.139234
v 8.000000 -12.500000 0.186174
v 8.500000 -12.500000 0.184842
v 9.000000 -12.500000 0.124932
v 9.500000 -12.500000 0.027508
v 10.000000 -12.500000 -0.068638
v 10.500000 -12.500000 -0.136476
v 11.000000 -12.500000 -0.178403
v 11.500000 -12.500000 -0.217316
v 12.000000 -12.500000 -0.269564
v 12.500000 -12.500000 -0.321642
v 13.000000 -12.500000 -0.337401
v 13.500000 -12.500000 -0.298639
v 14.000000 -12.500000 -0.232596
v 14.500000 -12.500000 -0.182411
v 15.000000 -12.500000 -0.155673
v 15.500000 -12.500000 -0.123143
v 16.000000 -12.500000 -0.069742
v 16.500000 -12.500000 -0.027277
v 17.000000 -12.500000 -0.046735
v 17.500000 -12.500000 -0.145762
v 18.000000 -12.500000 -0.288277
v 18.500000 -12.500000 -0.410875
v 19.000000 -12.500000 -0.468868
v 19.500000 -12.500000 -0.465114
v 20.000000 -12.500000 -0.439751
v -20.000000 -12.000000 -0.120200
v -19.500000 -12.000000 -0.122626
v -19.000000 -12.000000 -0.128259
v -18.500000 -12.000000 -0.121772
v -18.000000 -12.000000 -0.099237
v -17.500000 -12.000000 -0.080778
v -17.000000 -12.000000 -0.101212
v -16.500000 -12.000000 -0.175335
v -16.000000 -12.000000 -0.275244
v -15.500000 -12.000000 -0.352354
v -15.000000 -12.000000 -0.378738
v -14.500000 -12.000000 -0.359441
v -14.000000 -12.000000 -0.314504
v -13.500000 -12.000000 -0.265121
v -13.000000 -12.000000 -0.227985
v -12.500000 -12.000000 -0.200755
v -12.000000 -12.000000 -0.159207
v -11.500000 -12.000000 -0.089803
v -11.000000 -12.000000 -0.018416
v -10.500000 -12.000000 0.014807
v -10.000000 -12.000000 0.002623
v -9.500000 -12.000000 -0.029467
v -9.000000 -12.000000 -0.066360
v -8.500000 -12.000000 -0.122512
v -8.000000 -12.000000 -0.211425
v -7.500000 -12.000000 -0.312584
v -7.000000 -12.000000 -0.384355
v -6.500000 -12.000000 -0.406784
v -6.000000 -12.000000 -0.400531
v -5.500000 -12.000000 -0.401868
v -5.000000 -12.000000 -0.426460
v -4.500000 -12.000000 -0.463907
v -4.000000 -12.000000 -0.499576
v -3.500000 -12.000000 -0.524687
v -3.000000 -12.000000 -0.525568
v -2.500000 -12.000000 -0.483174
v -2.000000 -12.000000 -0.391720
v -1.500000 -12.000000 -0.266347
v -1.000000 -12.000000 -0.131258
v -0.500000 -12.000000 -0.008577
v 0.000000 -12.000000 0.085917
v 0.500000 -12.000000 0.146083
v 1.000000 -12.000000 0.174615
v 1.500000 -12.000000 0.177815
v 2.000000 -12.000000 0.160722
v 2.500000 -12.000000 0.126321
v 3.000000 -12.000000 0.082953
v 3.500000 -12.000000 0.050628
v 4.000000 -12.000000 0.046853
v 4.500000 -12.000000 0.063371
v 5.000000 -12.000000 0.072996
v 5.500000 -12.000000 0.061793
v 6.000000 -12.000000 0.039110
v 6.500000 -12.000000 0.019691
v 7.000000 -12.000000 0.013265
v 7.500000 -12.000000 0.025436
v 8.000000 -12.000000 0.048796
v 8.500000 -12.000000 0.053375
v 9.000000 -12.000000 0.004297
v 9.500000 -12.000000 -0.100519
v 10.000000 -12.000000 -0.219109
v 10.500000 -12.000000 -0.301537
v 11.000000 -12.000000 -0.333061
v 11.500000 -12.000000 -0.335286
v 12.000000 -12.000000 -0.330937
v 12.500000 -12.000000 -0.316373
v 13.000000 -12.000000 -0.271178
v 13.500000 -12.000000 -0.193433
v 14.000000 -12.000000 -0.115855
v 14.500000 -12.000000 -0.073728
v 15.000000 -12.000000 -0.062950
v 15.500000 -12.000000 -0.048330
v 16.000000 -12.000000 -0.013060
v 16.500000 -12.000000 0.017514
v 17.000000 -12.000000 0.004487
v 17.500000 -12.000000 -0.064812
v 18.000000 -12.000000 -0.167011
v 18.500000 -12.000000 -0.261398
v 19.000000 -12.000000 -0.316717
v 19.500000 -12.000000 -0.329485
v 20.000000 -12.000000 -0.320649
v -20.000000 -11.500000 0.127967
v -19.500000 -11.500000 0.104885
v -19.000000 -11.500000 0.058571
v -18.500000 -11.500000 0.008947
v -18.000000 -11.500000 -0.028576
v -17.500000 -11.500000 -0.060537
v -17.000000 -11.500000 -0.114249
v -16.500000 -11.500000 -0.208118
v -16.000000 -11.500000 -0.326363
v -15.500000 -11.500000 -0.429551
v -15.000000 -11.500000 -0.484632
v -14.500000 -11.500000 -0.482416
v -14.000000 -11.500000 -0.437818
v -13.500000 -11.500000 -0.381324
v -13.000000 -11.500000 -0.337255
v -12.500000 -11.500000 -0.297454
v -12.000000 -11.500000 -0.229686
v -11.500000 -11.500000 -0.126282
v -11.000000 -11.500000 -0.029949
v -10.500000 -11.500000 0.007583
v -10.000000 -11.500000 -0.020083
v -9.500000 -11.500000 -0.079829
v -9.000000 -11.500000 -0.146800
v -8.500000 -11.500000 -0.223638
v -8.000000 -11.500000 -0.314360
v -7.500000 -11.500000 -0.398920
v -7.000000 -11.500000 -0.445417
v -6.500000 -11.500000 -0.443691
v -6.000000 -11.500000 -0.418087
v -5.500000 -11.500000 -0.404659
v -5.000000 -11.500000 -0.419611
v -4.500000 -11.500000 -0.455091
v -4.000000 -11.500000 -0.498647
v -3.500000 -11.500000 -0.540648
v -3.000000 -11.500000 -0.561646
v -2.500000 -11.500000 -0.531741
v -2.000000 -11.500000 -0.434998
v -1.500000 -11.500000 -0.286183
v -1.000000 -11.500000 -0.120190
v -0.500000 -11.500000 0.026407
v 0.000000 -11.500000 0.126888
v 0.500000 -11.500000 0.172480
v 1.000000 -11.500000 0.173155
v 1.500000 -11.500000 0.145808
v 2.000000 -11.500000 0.100280
v 2.500000 -11.500000 0.039436
v 3.000000 -11.500000 -0.025239
v 3.500000 -11.500000 -0.065763
v 4.000000 -11.500000 -0.059129
v 4.500000 -11.500000 -0.017142
v 5.000000 -11.500000 0.021212
v 5.500000 -11.500000 0.028126
v 6.000000 -11.500000 0.003332
v 6.500000 -11.500000 -0.039959
v 7.000000 -11.500000 -0.083325
v 7.500000 -11.500000 -0.103969
v 8.000000 -11.500000 -0.094252
v 8.500000 -11.500000 -0.084935
v 9.000000 -11.500000 -0.127516
v 9.500000 -11.500000 -0.238989
v 10.000000 -11.500000 -0.374076
v 10.500000 -11.500000 -0.465256
v 11.000000 -11.500000 -0.482908
v 11.500000 -11.500000 -0.444165
v 12.000000 -11.500000 -0.374603
v 12.500000 -11.500000 -0.282149
v 13.000000 -11.500000 -0.169704
v 13.500000 -11.500000 -0.059422
v 14.000000 -11.500000 0.009705
v 14.500000 -11.500000 0.016930
v 15.000000 -11.500000 -0.013940
v 15.500000 -11.500000 -0.036699
v 16.000000 -11.500000 -0.029990
v 16.500000 -11.500000 -0.010871
v 17.000000 -11.500000 -0.006449
v 17.500000 -11.500000 -0.028695
v 18.000000 -11.500000 -0.075549
v 18.500000 -11.500000 -0.138429
v 19.000000 -11.500000 -0.202673
v 19.500000 -11.500000 -0.251314
v 20.000000 -11.500000 -0.273337
v -20.000000 -11.000000 0.373842
v -19.500000 -11.000000 0.341190
v -19.000000 -11.000000 0.276117
v -18.500000 -11.000000 0.196563
v -18.000000 -11.000000 0.117045
v -17.500000 -11.000000 0.037036
v -17.000000 -11.000000 -0.058661
v -16.500000 -11.000000 -0.181366
v -16.000000 -11.000000 -0.321261
v -15.500000 -11.000000 -0.449230
v -15.000000 -11.000000 -0.531475
v -14.500000 -11.000000 -0.547792
v -14.000000 -11.000000 -0.508117
v -13.500000 -11.000000 -0.450226
v -13.000000 -11.000000 -0.405679
v -12.500000 -11.000000 -0.364340
v -12.000000 -11.000000 -0.290426
v -11.500000 -11.000000 -0.180373
v -11.000000 -11.000000 -0.084249
v -10.500000 -11.000000 -0.054937
v -10.000000 -11.000000 -0.094479
v -9.500000 -11.000000 -0.166944
v -9.000000 -11.000000 -0.246135
v -8.500000 -11.000000 -0.329089
v -8.000000 -11.000000 -0.411995
v -7.500000 -11.000000 -0.475186
v -7.000000 -11.000000 -0.498611
v -6.500000 -11.000000 -0.484290
v -6.000000 -11.000000 -0.456381
v -5.500000 -11.000000 -0.440133
v -5.000000 -11.000000 -0.444506
v -4.500000 -11.000000 -0.466917
v -4.000000 -11.000000 -0.506580
v -3.500000 -11.000000 -0.560899
v -3.000000 -11.000000 -0.607979
v -2.500000 -11.000000 -0.606687
v -2.000000 -11.000000 -0.526224
v -1.500000 -11.000000 -0.372850
v -1.000000 -11.000000 -0.185928
v -0.500000 -11.000000 -0.015639
v 0.000000 -11.000000 0.098682
v 0.500000 -11.000000 0.144777
v 1.000000 -11.000000 0.137738
v 1.500000 -11.000000 0.098868
v 2.000000 -11.000000 0.036811
v 2.500000 -11.000000 -0.045339
v 3.000000 -11.000000 -0.129427
v 3.500000 -11.000000 -0.181678
v 4.000000 -11.000000 -0.180426
v 4.500000 -11.000000 -0.140318
v 5.000000 -11.000000 -0.098109
v 5.500000 -11.000000 -0.077961
v 6.000000 -11.000000 -0.081888
v 6.500000 -11.000000 -0.103985
v 7.000000 -11.000000 -0.133256
v 7.500000 -11.000000 -0.149960
v 8.000000 -11.000000 -0.145177
v 8.500000 -11.000000 -0.146516
v 9.000000 -11.000000 -0.202458
v 9.500000 -11.000000 -0.327834
v 10.000000 -11.000000 -0.474456
v 10.500000 -11.000000 -0.569567
v 11.000000 -11.000000 -0.577394
v 11.500000 -11.000000 -0.510508
v 12.000000 -11.000000 -0.394013
v 12.500000 -11.000000 -0.244742
v 13.000000 -11.000000 -0.086196
v 13.500000 -11.000000 0.038236
v 14.000000 -11.000000 0.084899
v 14.500000 -11.000000 0.047898
v 15.000000 -11.000000 -0.028880
v 15.500000 -11.000000 -0.087382
v 16.000000 -11.000000 -0.102171
v 16.500000 -11.000000 -0.085673
v 17.000000 -11.000000 -0.058662
v 17.500000 -11.000000 -0.035498
v 18.000000 -11.000000 -0.034026
v 18.500000 -11.000000 -0.074098
v 19.000000 -11.000000 -0.154720
v 19.500000 -11.000000 -0.244193
v 20.000000 -11.000000 -0.299409
v -20.000000 -10.500000 0.455236
v -19.500000 -10.500000 0.439965
v -19.000000 -10.500000 0.403540
v -18.500000 -10.500000 0.348544
v -18.000000 -10.500000 0.273088
v -17.500000 -10.500000 0.173868
v -17.000000 -10.500000 0.048953
v -16.500000 -10.500000 -0.099740
v -16.000000 -10.500000 -0.262168
v -15.500000 -10.500000 -0.415223
v -15.000000 -10.500000 -0.523991
v -14.500000 -10.500000 -0.559887
v -14.000000 -10.500000 -0.528022
v -13.500000 -10.500000 -0.469893
v -13.000000 -10.500000 -0.424182
v -12.500000 -10.500000 -0.386098
v -12.000000 -10.500000 -0.323223
v -11.500000 -10.500000 -0.233117
v -11.000000 -10.500000 -0.162008
v -10.500000 -10.500000 -0.154188
v -10.000000 -10.500000 -0.204714
v -9.500000 -10.500000 -0.277767
v -9.000000 -10.500000 -0.351614
v -8.500000 -10.500000 -0.424550
v -8.000000 -10.500000 -0.490032
v -7.500000 -10.500000 -0.530302
v -7.000000 -10.500000 -0.536815
v -6.500000 -10.500000 -0.522852
v -6.000000 -10.500000 -0.509068
v -5.500000 -10.500000 -0.503692
v -5.000000 -10.500000 -0.503214
v -4.500000 -10.500000 -0.509115
v -4.000000 -10.500000 -0.533852
v -3.500000 -10.500000 -0.584949
v -3.000000 -10.500000 -0.643847
v -2.500000 -10.500000 -0.665714
v -2.000000 -10.500000 -0.608059
v -1.500000 -10.500000 -0.463235
v -1.000000 -10.500000 -0.266029
v -0.500000 -10.500000 -0.075457
v 0.000000 -10.500000 0.055936
v 0.500000 -10.500000 0.110298
v 1.000000 -10.500000 0.105741
v 1.500000 -10.500000 0.065720
v 2.000000 -10.500000 -0.003199
v 2.500000 -10.500000 -0.096773
v 3.000000 -10.500000 -0.191476
v 3.500000 -10.500000 -0.254313
v 4.000000 -10.500000 -0.271674
v 4.500000 -10.500000 -0.258067
v 5.000000 -10.500000 -0.233454
v 5.500000 -10.500000 -0.202555
v 6.000000 -10.500000 -0.163451
v 6.500000 -10.500000 -0.124493
v 7.000000 -10.500000 -0.097993
v 7.500000 -10.500000 -0.085791
v 8.000000 -10.500000 -0.088330
v 8.500000 -10.500000 -0.123243
v 9.000000 -10.500000 -0.216017
v 9.500000 -10.500000 -0.364241
v 10.000000 -10.500000 -0.519171
v 10.500000 -10.500000 -0.615795
v 11.000000 -10.500000 -0.620921
v 11.500000 -10.500000 -0.543159
v 12.000000 -10.500000 -0.405304
v 12.500000 -10.500000 -0.229902
v 13.000000 -10.500000 -0.052894
v 13.500000 -10.500000 0.071443
v 14.000000 -10.500000 0.098761
v 14.500000 -10.500000 0.032664
v 15.000000 -10.500000 -0.071608
v 15.500000 -10.500000 -0.150054
v 16.000000 -10.500000 -0.176318
v 16.500000 -10.500000 -0.161877
v 17.000000 -10.500000 -0.124680
v 17.500000 -10.500000 -0.079262
v 18.000000 -10.500000 -0.052330
v 18.500000 -10.500000 -0.078360
v 19.000000 -10.500000 -0.165011
v 19.500000 -10.500000 -0.274468
v 20.000000 -10.500000 -0.346907
v -20.000000 -10.000000 0.336476
v -19.500000 -10.000000 0.361177
v -19.000000 -10.000000 0.391697
v -18.500000 -10.000000 0.405532
v -18.000000 -10.000000 0.376219
v -17.500000 -10.000000 0.292310
v -17.000000 -10.000000 0.161285
v -16.500000 -10.000000 -0.003035
v -16.000000 -10.000000 -0.186004
v -15.500000 -10.000000 -0.362672
v -15.000000 -10.000000 -0.493569
v -14.500000 -10.000000 -0.544231
v -14.000000 -10.000000 -0.516027
v -13.500000 -10.000000 -0.451289
v -13.000000 -10.000000 -0.396204
v -12.500000 -10.000000 -0.358373
v -12.000000 -10.000000 -0.314442
v -11.500000 -10.000000 -0.259816
v -11.000000 -10.000000 -0.228106
v -10.500000 -10.000000 -0.249245
v -10.000000 -10.000000 -0.310728
v -9.500000 -10.000000 -0.377992
v -9.000000 -10.000000 -0.435441
v -8.500000 -10.000000 -0.486700
v -8.000000 -10.000000 -0.528162
v -7.500000 -10.000000 -0.547273
v -7.000000 -10.000000 -0.546010
v -6.500000 -10.000000 -0.545595
v -6.000000 -10.000000 -0.560228
v -5.500000 -10.000000 -0.579253
v -5.000000 -10.000000 -0.584520
v -4.500000 -10.000000 -0.577201
v -4.000000 -10.000000 -0.577655
v -3.500000 -10.000000 -0.602385
v -3.000000 -10.000000 -0.643534
v -2.500000 -10.000000 -0.665697
v -2.000000 -10.000000 -0.624232
v -1.500000 -10.000000 -0.496420
v -1.000000 -10.000000 -0.303632
v -0.500000 -10.000000 -0.105911
v 0.000000 -10.000000 0.033481
v 0.500000 -10.000000 0.090432
v 1.000000 -10.000000 0.085800
v 1.500000 -10.000000 0.047182
v 2.000000 -10.000000 -0.018301
v 2.500000 -10.000000 -0.106355
v 3.000000 -10.000000 -0.194601
v 3.500000 -10.000000 -0.258500
v 4.000000 -10.000000 -0.295585
v 4.500000 -10.000000 -0.317113
v 5.000000 -10.000000 -0.319952
v 5.500000 -10.000000 -0.284143
v 6.000000 -10.000000 -0.201757
v 6.500000 -10.000000 -0.096545
v 7.000000 -10.000000 -0.008628
v 7.500000 -10.000000 0.032287
v 8.000000 -10.000000 0.014012
v 8.500000 -10.000000 -0.065710
v 9.000000 -10.000000 -0.200972
v 9.500000 -10.000000 -0.369767
v 10.000000 -10.000000 -0.529210
v 10.500000 -10.000000 -0.630003
v 11.000000 -10.000000 -0.642967
v 11.500000 -10.000000 -0.569165
v 12.000000 -10.000000 -0.427452
v 12.500000 -10.000000 -0.245857
v 13.000000 -10.000000 -0.066981
v 13.500000 -10.000000 0.054725
v 14.000000 -10.000000 0.079732
v 14.500000 -10.000000 0.014905
v 15.000000 -10.000000 -0.086422
v 15.500000 -10.000000 -0.165362
v 16.000000 -10.000000 -0.199243
v 16.500000 -10.000000 -0.199063
v 17.000000 -10.000000 -0.178622
v 17.500000 -10.000000 -0.146609
v 18.000000 -10.000000 -0.124398
v 18.500000 -10.000000 -0.144785
v 19.000000 -10.000000 -0.219640
v 19.500000 -10.000000 -0.318309
v 20.000000 -10.000000 -0.385356
v -20.000000 -9.500000 0.109510
v -19.500000 -9.500000 0.175187
v -19.000000 -9.500000 0.275721
v -18.500000 -9.500000 0.367066
v -18.000000 -9.500000 0.401417
v -17.500000 -9.500000 0.356044
v -17.000000 -9.500000 0.238522
v -16.500000 -9.500000 0.068601
v -16.000000 -9.500000 -0.130356
v -15.500000 -9.500000 -0.323450
v -15.000000 -9.500000 -0.464703
v -14.500000 -9.500000 -0.517971
v -14.000000 -9.500000 -0.483480
v -13.500000 -9.500000 -0.403062
v -13.000000 -9.500000 -0.329996
v -12.500000 -9.500000 -0.287049
v -12.000000 -9.500000 -0.261924
v -11.500000 -9.500000 -0.245801
v -11.000000 -9.500000 -0.255785
v -10.500000 -9.500000 -0.305885
v -10.000000 -9.500000 -0.377205
v -9.500000 -9.500000 -0.437347
v -9.000000 -9.500000 -0.476142
v -8.500000 -9.500000 -0.502491
v -8.000000 -9.500000 -0.518222
v -7.500000 -9.500000 -0.518630
v -7.000000 -9.500000 -0.515474
v -6.500000 -9.500000 -0.535100
v -6.000000 -9.500000 -0.585063
v -5.500000 -9.500000 -0.638712
v -5.000000 -9.500000 -0.663424
v -4.500000 -9.500000 -0.653442
v -4.000000 -9.500000 -0.627828
v -3.500000 -9.500000 -0.608532
v -3.000000 -9.500000 -0.604360
v -2.500000 -9.500000 -0.601541
v -2.000000 -9.500000 -0.564610
v -1.500000 -9.500000 -0.459932
v -1.000000 -9.500000 -0.290804
v -0.500000 -9.500000 -0.108795
v 0.000000 -9.500000 0.020071
v 0.500000 -9.500000 0.067781
v 1.000000 -9.500000 0.056697
v 1.500000 -9.500000 0.019089
v 2.000000 -9.500000 -0.034919
v 2.500000 -9.500000 -0.102112
v 3.000000 -9.500000 -0.166847
v 3.500000 -9.500000 -0.216936
v 4.000000 -9.500000 -0.260656
v 4.500000 -9.500000 -0.306560
v 5.000000 -9.500000 -0.333873
v 5.500000 -9.500000 -0.303823
v 6.000000 -9.500000 -0.201823
v 6.500000 -9.500000 -0.059331
v 7.000000 -9.500000 0.064916
v 7.500000 -9.500000 0.120098
v 8.000000 -9.500000 0.086537
v 8.500000 -9.500000 -0.022456
v 9.000000 -9.500000 -0.176314
v 9.500000 -9.500000 -0.344839
v 10.000000 -9.500000 -0.500027
v 10.500000 -9.500000 -0.609593
v 11.000000 -9.500000 -0.642381
v 11.500000 -9.500000 -0.584545
v 12.000000 -9.500000 -0.448632
v 12.500000 -9.500000 -0.269803
v 13.000000 -9.500000 -0.095888
v 13.500000 -9.500000 0.025311
v 14.000000 -9.500000 0.064353
v 14.500000 -9.500000 0.027548
v 15.000000 -9.500000 -0.045525
v 15.500000 -9.500000 -0.112267
v 16.000000 -9.500000 -0.156931
v 16.500000 -9.500000 -0.186897
v 17.000000 -9.500000 -0.208226
v 17.500000 -9.500000 -0.220004
v 18.000000 -9.500000 -0.229887
v 18.500000 -9.500000 -0.257911
v 19.000000 -9.500000 -0.316314
v 19.500000 -9.500000 -0.389630
v 20.000000 -9.500000 -0.439759
v -20.000000 -9.000000 -0.103316
v -19.500000 -9.000000 -0.016782
v -19.000000 -9.000000 0.124358
v -18.500000 -9.000000 0.270597
v -18.000000 -9.000000 0.363272
v -17.500000 -9.000000 0.365200
v -17.000000 -9.000000 0.272752
v -16.500000 -9.000000 0.105878
v -16.000000 -9.000000 -0.099517
v -15.500000 -9.000000 -0.294391
v -15.000000 -9.000000 -0.428816
v -14.500000 -9.000000 -0.470972
v -14.000000 -9.000000 -0.423030
v -13.500000 -9.000000 -0.325002
v -13.000000 -9.000000 -0.233772
v -12.500000 -9.000000 -0.184371
v -12.000000 -9.000000 -0.174795
v -11.500000 -9.000000 -0.192694
v -11.000000 -9.000000 -0.239103
v -10.500000 -9.000000 -0.312414
v -10.000000 -9.000000 -0.388947
v -9.500000 -9.000000 -0.440659
v -9.000000 -9.000000 -0.462809
v -8.500000 -9.000000 -0.467385
v -8.000000 -9.000000 -0.460091
v -7.500000 -9.000000 -0.443358
v -7.000000 -9.000000 -0.436693
v -6.500000 -9.000000 -0.470216
v -6.000000 -9.000000 -0.549371
v -5.500000 -9.000000 -0.640213
v -5.000000 -9.000000 -0.698802
v -4.500000 -9.000000 -0.705407
v -4.000000 -9.000000 -0.667190
v -3.500000 -9.000000 -0.605610
v -3.000000 -9.000000 -0.546538
v -2.500000 -9.000000 -0.503198
v -2.000000 -9.000000 -0.458854
v -1.500000 -9.000000 -0.378678
v -1.000000 -9.000000 -0.249876
v -0.500000 -9.000000 -0.106518
v 0.000000 -9.000000 -0.005240
v 0.500000 -9.000000 0.025976
v 1.000000 -9.000000 0.005728
v 1.500000 -9.000000 -0.033900
v 2.000000 -9.000000 -0.078729
v 2.500000 -9.000000 -0.123752
v 3.000000 -9.000000 -0.158753
v 3.500000 -9.000000 -0.182046
v 4.000000 -9.000000 -0.211312
v 4.500000 -9.000000 -0.258092
v 5.000000 -9.000000 -0.297653
v 5.500000 -9.000000 -0.283890
v 6.000000 -9.000000 -0.194425
v 6.500000 -9.000000 -0.055108
v 7.000000 -9.000000 0.073805
v 7.500000 -9.000000 0.133616
v 8.000000 -9.000000 0.101954
v 8.500000 -9.000000 0.000985
v 9.000000 -9.000000 -0.130186
v 9.500000 -9.000000 -0.268759
v 10.000000 -9.000000 -0.407307
v 10.500000 -9.000000 -0.526578
v 11.000000 -9.000000 -0.586581
v 11.500000 -9.000000 -0.553758
v 12.000000 -9.000000 -0.432408
v 12.500000 -9.000000 -0.264301
v 13.000000 -9.000000 -0.101166
v 13.500000 -9.000000 0.018682
v 14.000000 -9.000000 0.077709
v 14.500000 -9.000000 0.078951
v 15.000000 -9.000000 0.041294
v 15.500000 -9.000000 -0.014238
v 16.000000 -9.000000 -0.077269
v 16.500000 -9.000000 -0.146214
v 17.000000 -9.000000 -0.217655
v 17.500000 -9.000000 -0.283771
v 18.000000 -9.000000 -0.339603
v 18.500000 -9.000000 -0.389391
v 19.000000 -9.000000 -0.442321
v 19.500000 -9.000000 -0.497237
v 20.000000 -9.000000 -0.533834
v -20.000000 -8.500000 -0.228858
v -19.500000 -8.500000 -0.147034
v -19.000000 -8.500000 -0.003635
v -18.500000 -8.500000 0.163863
v -18.000000 -8.500000 0.296714
v -17.500000 -8.500000 0.342167
v -17.000000 -8.500000 0.279045
v -16.500000 -8.500000 0.125050
v -16.000000 -8.500000 -0.070654
v -15.500000 -8.500000 -0.247545
v -15.000000 -8.500000 -0.358337
v -14.500000 -8.500000 -0.381224
v -14.000000 -8.500000 -0.322057
v -13.500000 -8.500000 -0.216074
v -13.000000 -8.500000 -0.116818
v -12.500000 -8.500000 -0.064854
v -12.000000 -8.500000 -0.067165
v -11.500000 -8.500000 -0.111189
v -11.000000 -8.500000 -0.184655
v -10.500000 -8.500000 -0.270896
v -10.000000 -8.500000 -0.342836
v -9.500000 -8.500000 -0.379969
v -9.000000 -8.500000 -0.384782
v -8.500000 -8.500000 -0.371226
v -8.000000 -8.500000 -0.346407
v -7.500000 -8.500000 -0.316483
v -7.000000 -8.500000 -0.303816
v -6.500000 -8.500000 -0.339790
v -6.000000 -8.500000 -0.433493
v -5.500000 -8.500000 -0.555327
v -5.000000 -8.500000 -0.656985
v -4.500000 -8.500000 -0.701744
v -4.000000 -8.500000 -0.676832
v -3.500000 -8.500000 -0.595387
v -3.000000 -8.500000 -0.493360
v -2.500000 -8.500000 -0.407539
v -2.000000 -8.500000 -0.345509
v -1.500000 -8.500000 -0.283504
v -1.000000 -8.500000 -0.199534
v -0.500000 -8.500000 -0.104520
v 0.000000 -8.500000 -0.035307
v 0.500000 -8.500000 -0.017791
v 1.000000 -8.500000 -0.045123
v 1.500000 -8.500000 -0.093069
v 2.000000 -8.500000 -0.142850
v 2.500000 -8.500000 -0.181109
v 3.000000 -8.500000 -0.195551
v 3.500000 -8.500000 -0.188749
v 4.000000 -8.500000 -0.185890
v 4.500000 -8.500000 -0.208742
v 5.000000 -8.500000 -0.243355
v 5.500000 -8.500000 -0.248121
v 6.000000 -8.500000 -0.192902
v 6.500000 -8.500000 -0.086394
v 7.000000 -8.500000 0.026251
v 7.500000 -8.500000 0.091585
v 8.000000 -8.500000 0.086246
v 8.500000 -8.500000 0.029864
v 9.000000 -8.500000 -0.046215
v 9.500000 -8.500000 -0.135930
v 10.000000 -8.500000 -0.250537
v 10.500000 -8.500000 -0.377458
v 11.000000 -8.500000 -0.465661
v 11.500000 -8.500000 -0.463723
v 12.000000 -8.500000 -0.367240
v 12.500000 -8.500000 -0.219812
v 13.000000 -8.500000 -0.072717
v 13.500000 -8.500000 0.044920
v 14.000000 -8.500000 0.123426
v 14.500000 -8.500000 0.158495
v 15.000000 -8.500000 0.147070
v 15.500000 -8.500000 0.091580
v 16.000000 -8.500000 0.003183
v 16.500000 -8.500000 -0.102843
v 17.000000 -8.500000 -0.215038
v 17.500000 -8.500000 -0.325281
v 18.000000 -8.500000 -0.422319
v 18.500000 -8.500000 -0.496823
v 19.000000 -8.500000 -0.552740
v 19.500000 -8.500000 -0.598533
v 20.000000 -8.500000 -0.627355
v -20.000000 -8.000000 -0.247836
v -19.500000 -8.000000 -0.186207
v -19.000000 -8.000000 -0.067321
v -18.500000 -8.000000 0.090401
v -18.000000 -8.000000 0.235527
v -17.500000 -8.000000 0.305780
v -17.000000 -8.000000 0.266863
v -16.500000 -8.000000 0.135429
v -16.000000 -8.000000 -0.031062
v -15.500000 -8.000000 -0.170405
v -15.000000 -8.000000 -0.246078
v -14.500000 -8.000000 -0.248878
v -14.000000 -8.000000 -0.186906
v -13.500000 -8.000000 -0.086498
v -13.000000 -8.000000 0.008932
v -12.500000 -8.000000 0.059587
v -12.000000 -8.000000 0.050737
v -11.500000 -8.000000 -0.008317
v -11.000000 -8.000000 -0.095927
v -10.500000 -8.000000 -0.182779
v -10.000000 -8.000000 -0.240101
v -9.500000 -8.000000 -0.255970
v -9.000000 -8.000000 -0.240236
v -8.500000 -8.000000 -0.209310
v -8.000000 -8.000000 -0.172711
v -7.500000 -8.000000 -0.138941
v -7.000000 -8.000000 -0.127673
v -6.500000 -8.000000 -0.165665
v -6.000000 -8.000000 -0.265581
v -5.500000 -8.000000 -0.408915
v -5.000000 -8.000000 -0.551328
v -4.500000 -8.000000 -0.644178
v -4.000000 -8.000000 -0.655008
v -3.500000 -8.000000 -0.582833
v -3.000000 -8.000000 -0.462116
v -2.500000 -8.000000 -0.342689
v -2.000000 -8.000000 -0.255897
v -1.500000 -8.000000 -0.197805
v -1.000000 -8.000000 -0.145303
v -0.500000 -8.000000 -0.087236
v 0.000000 -8.000000 -0.038568
v 0.500000 -8.000000 -0.024411
v 1.000000 -8.000000 -0.054783
v 1.500000 -8.000000 -0.117457
v 2.000000 -8.000000 -0.188461
v 2.500000 -8.000000 -0.241094
v 3.000000 -8.000000 -0.253760
v 3.500000 -8.000000 -0.226003
v 4.000000 -8.000000 -0.186456
v 4.500000 -8.000000 -0.170071
v 5.000000 -8.000000 -0.182851
v 5.500000 -8.000000 -0.196917
v 6.000000 -8.000000 -0.178428
v 6.500000 -8.000000 -0.116009
v 7.000000 -8.000000 -0.030279
v 7.500000 -8.000000 0.040724
v 8.000000 -8.000000 0.073752
v 8.500000 -8.000000 0.076201
v 9.000000 -8.000000 0.061703
v 9.500000 -8.000000 0.019249
v 10.000000 -8.000000 -0.073824
v 10.500000 -8.000000 -0.206674
v 11.000000 -8.000000 -0.320429
v 11.500000 -8.000000 -0.352203
v 12.000000 -8.000000 -0.289086
v 12.500000 -8.000000 -0.169418
v 13.000000 -8.000000 -0.038363
v 13.500000 -8.000000 0.081492
v 14.000000 -8.000000 0.180447
v 14.500000 -8.000000 0.242334
v 15.000000 -8.000000 0.245345
v 15.500000 -8.000000 0.180797
v 16.000000 -8.000000 0.066340
v 16.500000 -8.000000 -0.067557
v 17.000000 -8.000000 -0.203097
v 17.500000 -8.000000 -0.335836
v 18.000000 -8.000000 -0.453886
v 18.500000 -8.000000 -0.538946
v 19.000000 -8.000000 -0.589768
v 19.500000 -8.000000 -0.621379
v 20.000000 -8.000000 -0.639243
v -20.000000 -7.500000 -0.170810
v -19.500000 -7.500000 -0.130905
v -19.000000 -7.500000 -0.047304
v -18.500000 -7.500000 0.074514
v -18.000000 -7.500000 0.194784
v -17.500000 -7.500000 0.256160
v -17.000000 -7.500000 0.225846
v -16.500000 -7.500000 0.123026
v -16.000000 -7.500000 0.003573
v -15.500000 -7.500000 -0.082985
v -15.000000 -7.500000 -0.118426
v -14.500000 -7.500000 -0.104185
v -14.000000 -7.500000 -0.045093
v -13.500000 -7.500000 0.045092
v -13.000000 -7.500000 0.134747
v -12.500000 -7.500000 0.186311
v -12.000000 -7.500000 0.178521
v -11.500000 -7.500000 0.116512
v -11.000000 -7.500000 0.027045
v -10.500000 -7.500000 -0.053547
v -10.000000 -7.500000 -0.096706
v -9.500000 -7.500000 -0.094891
v -9.000000 -7.500000 -0.060058
v -8.500000 -7.500000 -0.011613
v -8.000000 -7.500000 0.032877
v -7.500000 -7.500000 0.058830
v -7.000000 -7.500000 0.051742
v -6.500000 -7.500000 -0.003462
v -6.000000 -7.500000 -0.115710
v -5.500000 -7.500000 -0.274746
v -5.000000 -7.500000 -0.445162
v -4.500000 -7.500000 -0.577532
v -4.000000 -7.500000 -0.629441
v -3.500000 -7.500000 -0.585970
v -3.000000 -7.500000 -0.469639
v -2.500000 -7.500000 -0.329832
v -2.000000 -7.500000 -0.214024
v -1.500000 -7.500000 -0.139328
v -1.000000 -7.500000 -0.089127
v -0.500000 -7.500000 -0.040085
v 0.000000 -7.500000 0.007221
v 0.500000 -7.500000 0.026911
v 1.000000 -7.500000 -0.004589
v 1.500000 -7.500000 -0.083957
v 2.000000 -7.500000 -0.181941
v 2.500000 -7.500000 -0.259490
v 3.000000 -7.500000 -0.284644
v 3.500000 -7.500000 -0.249845
v 4.000000 -7.500000 -0.181695
v 4.500000 -7.500000 -0.124648
v 5.000000 -7.500000 -0.105073
v 5.500000 -7.500000 -0.113477
v 6.000000 -7.500000 -0.120090
v 6.500000 -7.500000 -0.100748
v 7.000000 -7.500000 -0.052113
v 7.500000 -7.500000 0.009825
v 8.000000 -7.500000 0.067143
v 8.500000 -7.500000 0.113671
v 9.000000 -7.500000 0.143902
v 9.500000 -7.500000 0.134645
v 10.000000 -7.500000 0.058672
v 10.500000 -7.500000 -0.074619
v 11.000000 -7.500000 -0.205780
v 11.500000 -7.500000 -0.267666
v 12.000000 -7.500000 -0.238831
v 12.500000 -7.500000 -0.146707
v 13.000000 -7.500000 -0.027002
v 13.500000 -7.500000 0.100887
v 14.000000 -7.500000 0.221127
v 14.500000 -7.500000 0.304484
v 15.000000 -7.500000 0.316375
v 15.500000 -7.500000 0.243647
v 16.000000 -7.500000 0.111051
v 16.500000 -7.500000 -0.038258
v 17.000000 -7.500000 -0.179327
v 17.500000 -7.500000 -0.309550
v 18.000000 -7.500000 -0.420321
v 18.500000 -7.500000 -0.491684
v 19.000000 -7.500000 -0.519597
v 19.500000 -7.500000 -0.523466
v 20.000000 -7.500000 -0.521737
v -20.000000 -7.000000 -0.033937
v -19.500000 -7.000000 -0.009551
v -19.000000 -7.000000 0.038361
v -18.500000 -7.000000 0.105397
v -18.000000 -7.000000 0.165849
v -17.500000 -7.000000 0.183725
v -17.000000 -7.000000 0.144694
v -16.500000 -7.000000 0.074167
v -16.000000 -7.000000 0.015517
v -15.500000 -7.000000 -0.008582
v -15.000000 -7.000000 -0.003588
v -14.500000 -7.000000 0.023848
v -14.000000 -7.000000 0.080535
v -13.500000 -7.000000 0.167824
v -13.000000 -7.000000 0.261484
v -12.500000 -7.000000 0.321422
v -12.000000 -7.000000 0.320040
v -11.500000 -7.000000 0.260336
v -11.000000 -7.000000 0.171635
v -10.500000 -7.000000 0.091279
v -10.000000 -7.000000 0.046787
v -9.500000 -7.000000 0.049019
v -9.000000 -7.000000 0.092105
v -8.500000 -7.000000 0.153797
v -8.000000 -7.000000 0.202394
v -7.500000 -7.000000 0.212247
v -7.000000 -7.000000 0.173353
v -6.500000 -7.000000 0.085638
v -6.000000 -7.000000 -0.048933
v -5.500000 -7.000000 -0.220728
v -5.000000 -7.000000 -0.402857
v -4.500000 -7.000000 -0.554876
v -4.000000 -7.000000 -0.636987
v -3.500000 -7.000000 -0.625569
v -3.000000 -7.000000 -0.526164
v -2.500000 -7.000000 -0.376602
v -2.000000 -7.000000 -0.229243
v -1.500000 -7.000000 -0.117553
v -1.000000 -7.000000 -0.038519
v -0.500000 -7.000000 0.028013
v 0.000000 -7.000000 0.085081
v 0.500000 -7.000000 0.109026
v 1.000000 -7.000000 0.074326
v 1.500000 -7.000000 -0.017059
v 2.000000 -7.000000 -0.132334
v 2.500000 -7.000000 -0.226281
v 3.000000 -7.000000 -0.261424
v 3.500000 -7.000000 -0.224488
v 4.000000 -7.000000 -0.137157
v 4.500000 -7.000000 -0.046679
v 5.000000 -7.000000 0.006816
v 5.500000 -7.000000 0.015420
v 6.000000 -7.000000 -0.002494
v 6.500000 -7.000000 -0.022127
v 7.000000 -7.000000 -0.024102
v 7.500000 -7.000000 0.000259
v 8.000000 -7.000000 0.047523
v 8.500000 -7.000000 0.105753
v 9.000000 -7.000000 0.155567
v 9.500000 -7.000000 0.166900
v 10.000000 -7.000000 0.110940
v 10.500000 -7.000000 -0.008232
v 11.000000 -7.000000 -0.139260
v 11.500000 -7.000000 -0.216979
v 12.000000 -7.000000 -0.212189
v 12.500000 -7.000000 -0.140416
v 13.000000 -7.000000 -0.028889
v 13.500000 -7.000000 0.104087
v 14.000000 -7.000000 0.236649
v 14.500000 -7.000000 0.331361
v 15.000000 -7.000000 0.349102
v 15.500000 -7.000000 0.276847
v 16.000000 -7.000000 0.142349
v 16.500000 -7.000000 -0.005005
v 17.000000 -7.000000 -0.132446
v 17.500000 -7.000000 -0.235373
v 18.000000 -7.000000 -0.312263
v 18.500000 -7.000000 -0.350748
v 19.000000 -7.000000 -0.346800
v 19.500000 -7.000000 -0.319163
v 20.000000 -7.000000 -0.295597
v -20.000000 -6.500000 0.112946
v -19.500000 -6.500000 0.126955
v -19.000000 -6.500000 0.142220
v -18.500000 -6.500000 0.148292
v -18.000000 -6.500000 0.134255
v -17.500000 -6.500000 0.094526
v -17.000000 -6.500000 0.042320
v -16.500000 -6.500000 0.009654
v -16.000000 -6.500000 0.019335
v -15.500000 -6.500000 0.059151
v -15.000000 -6.500000 0.099185
v -14.500000 -6.500000 0.133988
v -14.000000 -6.500000 0.189392
v -13.500000 -6.500000 0.282856
v -13.000000 -6.500000 0.390744
v -12.500000 -6.500000 0.462866
v -12.000000 -6.500000 0.464373
v -11.500000 -6.500000 0.399825
v -11.000000 -6.500000 0.302058
v -10.500000 -6.500000 0.206817
v -10.000000 -6.500000 0.140622
v -9.500000 -6.500000 0.122432
v -9.000000 -6.500000 0.156905
v -8.500000 -6.500000 0.219756
v -8.000000 -6.500000 0.264723
v -7.500000 -6.500000 0.255416
v -7.000000 -6.500000 0.185462
v -6.500000 -6.500000 0.067273
v -6.000000 -6.500000 -0.086310
v -5.500000 -6.500000 -0.262114
v -5.000000 -6.500000 -0.438926
v -4.500000 -6.500000 -0.588953
v -4.000000 -6.500000 -0.682752
v -3.500000 -6.500000 -0.693852
v -3.000000 -6.500000 -0.611726
v -2.500000 -6.500000 -0.458149
v -2.000000 -6.500000 -0.281837
v -1.500000 -6.500000 -0.126730
v -1.000000 -6.500000 -0.007700
v -0.500000 -6.500000 0.081015
v 0.000000 -6.500000 0.140941
v 0.500000 -6.500000 0.158400
v 1.000000 -6.500000 0.118285
v 1.500000 -6.500000 0.025972
v 2.000000 -6.500000 -0.086553
v 2.500000 -6.500000 -0.174592
v 3.000000 -6.500000 -0.200643
v 3.500000 -6.500000 -0.150913
v 4.000000 -6.500000 -0.044937
v 4.500000 -6.500000 0.071308
v 5.000000 -6.500000 0.152956
v 5.500000 -6.500000 0.180637
v 6.000000 -6.500000 0.158942
v 6.500000 -6.500000 0.104427
v 7.000000 -6.500000 0.043682
v 7.500000 -6.500000 0.008162
v 8.000000 -6.500000 0.015610
v 8.500000 -6.500000 0.058162
v 9.000000 -6.500000 0.109502
v 9.500000 -6.500000 0.135768
v 10.000000 -6.500000 0.106717
v 10.500000 -6.500000 0.017952
v 11.000000 -6.500000 -0.092500
v 11.500000 -6.500000 -0.165824
v 12.000000 -6.500000 -0.168505
v 12.500000 -6.500000 -0.108752
v 13.000000 -6.500000 -0.009656
v 13.500000 -6.500000 0.111872
v 14.000000 -6.500000 0.234284
v 14.500000 -6.500000 0.321811
v 15.000000 -6.500000 0.340365
v 15.500000 -6.500000 0.281026
v 16.000000 -6.500000 0.169064
v 16.500000 -6.500000 0.049903
v 17.000000 -6.500000 -0.041253
v 17.500000 -6.500000 -0.097906
v 18.000000 -6.500000 -0.128240
v 18.500000 -6.500000 -0.132939
v 19.000000 -6.500000 -0.107977
v 19.500000 -6.500000 -0.063519
v 20.000000 -6.500000 -0.027679
v -20.000000 -6.000000 0.242264
v -19.500000 -6.000000 0.244573
v -19.000000 -6.000000 0.228551
v -18.500000 -6.000000 0.180784
v -18.000000 -6.000000 0.104536
v -17.500000 -6.000000 0.021630
v -17.000000 -6.000000 -0.031586
v -16.500000 -6.000000 -0.021783
v -16.000000 -6.000000 0.050479
v -15.500000 -6.000000 0.141057
v -15.000000 -6.000000 0.202059
v -14.500000 -6.000000 0.234328
v -14.000000 -6.000000 0.284178
v -13.500000 -6.000000 0.382898
v -13.000000 -6.000000 0.502473
v -12.500000 -6.000000 0.578710
v -12.000000 -6.000000 0.570432
v -11.500000 -6.000000 0.488077
v -11.000000 -6.000000 0.370948
v -10.500000 -6.000000 0.253039
v -10.000000 -6.000000 0.157875
v -9.500000 -6.000000 0.109545
v -9.000000 -6.000000 0.121070
v -8.500000 -6.000000 0.168619
v -8.000000 -6.000000 0.198923
v -7.500000 -6.000000 0.171582
v -7.000000 -6.000000 0.083869
v -6.500000 -6.000000 -0.045205
v -6.000000 -6.000000 -0.197624
v -5.500000 -6.000000 -0.358212
v -5.000000 -6.000000 -0.510312
v -4.500000 -6.000000 -0.638180
v -4.000000 -6.000000 -0.724046
v -3.500000 -6.000000 -0.742173
v -3.000000 -6.000000 -0.670929
v -2.500000 -6.000000 -0.518801
v -2.000000 -6.000000 -0.328483
v -1.500000 -6.000000 -0.149393
v -1.000000 -6.000000 -0.011305
v -0.500000 -6.000000 0.078402
v 0.000000 -6.000000 0.123258
v 0.500000 -6.000000 0.125722
v 1.000000 -6.000000 0.084787
v 1.500000 -6.000000 0.006828
v 2.000000 -6.000000 -0.082169
v 2.500000 -6.000000 -0.141051
v 3.000000 -6.000000 -0.134546
v 3.500000 -6.000000 -0.054289
v 4.000000 -6.000000 0.075313
v 4.500000 -6.000000 0.209732
v 5.000000 -6.000000 0.308023
v 5.500000 -6.000000 0.348354
v 6.000000 -6.000000 0.324778
v 6.500000 -6.000000 0.243609
v 7.000000 -6.000000 0.133243
v 7.500000 -6.000000 0.041755
v 8.000000 -6.000000 0.006272
v 8.500000 -6.000000 0.026962
v 9.000000 -6.000000 0.074921
v 9.500000 -6.000000 0.113363
v 10.000000 -6.000000 0.110556
v 10.500000 -6.000000 0.055369
v 11.000000 -6.000000 -0.025757
v 11.500000 -6.000000 -0.081957
v 12.000000 -6.000000 -0.081238
v 12.500000 -6.000000 -0.031942
v 13.000000 -6.000000 0.042688
v 13.500000 -6.000000 0.129615
v 14.000000 -6.000000 0.216110
v 14.500000 -6.000000 0.278193
v 15.000000 -6.000000 0.294480
v 15.500000 -6.000000 0.262719
v 16.000000 -6.000000 0.200871
v 16.500000 -6.000000 0.138971
v 17.000000 -6.000000 0.103279
v 17.500000 -6.000000 0.097572
v 18.000000 -6.000000 0.105559
v 18.500000 -6.000000 0.116643
v 19.000000 -6.000000 0.138305
v 19.500000 -6.000000 0.175103
v 20.000000 -6.000000 0.207495
v -20.000000 -5.500000 0.360719
v -19.500000 -5.500000 0.345515
v -19.000000 -5.500000 0.298137
v -18.500000 -5.500000 0.211863
v -18.000000 -5.500000 0.101782
v -17.500000 -5.500000 0.004692
v -17.000000 -5.500000 -0.034356
v -16.500000 -5.500000 0.011017
v -16.000000 -5.500000 0.120528
v -15.500000 -5.500000 0.231674
v -15.000000 -5.500000 0.291177
v -14.500000 -5.500000 0.308467
v -14.000000 -5.500000 0.343868
v -13.500000 -5.500000 0.435671
v -13.000000 -5.500000 0.550081
v -12.500000 -5.500000 0.612761
v -12.000000 -5.500000 0.581668
v -11.500000 -5.500000 0.476970
v -11.000000 -5.500000 0.345745
v -10.500000 -5.500000 0.218705
v -10.000000 -5.500000 0.110484
v -9.500000 -5.500000 0.040886
v -9.000000 -5.500000 0.025545
v -8.500000 -5.500000 0.046076
v -8.000000 -5.500000 0.054462
v -7.500000 -5.500000 0.014912
v -7.000000 -5.500000 -0.072159
v -6.500000 -5.500000 -0.187027
v -6.000000 -5.500000 -0.312431
v -5.500000 -5.500000 -0.435329
v -5.000000 -5.500000 -0.545351
v -4.500000 -5.500000 -0.637226
v -4.000000 -5.500000 -0.701963
v -3.500000 -5.500000 -0.715348
v -3.000000 -5.500000 -0.650932
v -2.500000 -5.500000 -0.511013
v -2.000000 -5.500000 -0.334325
v -1.500000 -5.500000 -0.170564
v -1.000000 -5.500000 -0.053370
v -0.500000 -5.500000 0.008952
v 0.000000 -5.500000 0.028592
v 0.500000 -5.500000 0.021952
v 1.000000 -5.500000 -0.005669
v 1.500000 -5.500000 -0.054034
v 2.000000 -5.500000 -0.105793
v 2.500000 -5.500000 -0.122321
v 3.000000 -5.500000 -0.070646
v 3.500000 -5.500000 0.047454
v 4.000000 -5.500000 0.196792
v 4.500000 -5.500000 0.334871
v 5.000000 -5.500000 0.433163
v 5.500000 -5.500000 0.476752
v 6.000000 -5.500000 0.454250
v 6.500000 -5.500000 0.363049
v 7.000000 -5.500000 0.229933
v 7.500000 -5.500000 0.110357
v 8.000000 -5.500000 0.051721
v 8.500000 -5.500000 0.060246
v 9.000000 -5.500000 0.106954
v 9.500000 -5.500000 0.152873
v 10.000000 -5.500000 0.165222
v 10.500000 -5.500000 0.130979
v 11.000000 -5.500000 0.071547
v 11.500000 -5.500000 0.030884
v 12.000000 -5.500000 0.034185
v 12.500000 -5.500000 0.067399
v 13.000000 -5.500000 0.105608
v 13.500000 -5.500000 0.142107
v 14.000000 -5.500000 0.178267
v 14.500000 -5.500000 0.207695
v 15.000000 -5.500000 0.224621
v 15.500000 -5.500000 0.232383
v 16.000000 -5.500000 0.237461
v 16.500000 -5.500000 0.246914
v 17.000000 -5.500000 0.268949
v 17.500000 -5.500000 0.301157
v 18.000000 -5.500000 0.325231
v 18.500000 -5.500000 0.329425
v 19.000000 -5.500000 0.327768
v 19.500000 -5.500000 0.339317
v 20.000000 -5.500000 0.356662
v -20.000000 -5.000000 0.479243
v -19.500000 -5.000000 0.444096
v -19.000000 -5.000000 0.370132
v -18.500000 -5.000000 0.264015
v -18.000000 -5.000000 0.147281
v -17.500000 -5.000000 0.057267
v -17.000000 -5.000000 0.033858
v -16.500000 -5.000000 0.092009
v -16.000000 -5.000000 0.200345
v -15.500000 -5.000000 0.294578
v -15.000000 -5.000000 0.328727
v -14.500000 -5.000000 0.320715
v -14.000000 -5.000000 0.334536
v -13.500000 -5.000000 0.406379
v -13.000000 -5.000000 0.497549
v -12.500000 -5.000000 0.532146
v -12.000000 -5.000000 0.474603
v -11.500000 -5.000000 0.356626
v -11.000000 -5.000000 0.231923
v -10.500000 -5.000000 0.125440
v -10.000000 -5.000000 0.036104
v -9.500000 -5.000000 -0.031310
v -9.000000 -5.000000 -0.064738
v -8.500000 -5.000000 -0.071874
v -8.000000 -5.000000 -0.083978
v -7.500000 -5.000000 -0.125474
v -7.000000 -5.000000 -0.194139
v -6.500000 -5.000000 -0.274096
v -6.000000 -5.000000 -0.353133
v -5.500000 -5.000000 -0.424653
v -5.000000 -5.000000 -0.487402
v -4.500000 -5.000000 -0.544596
v -4.000000 -5.000000 -0.590760
v -3.500000 -5.000000 -0.601171
v -3.000000 -5.000000 -0.548893
v -2.500000 -5.000000 -0.436568
v -2.000000 -5.000000 -0.301573
v -1.500000 -5.000000 -0.188526
v -1.000000 -5.000000 -0.121984
v -0.500000 -5.000000 -0.098246
v 0.000000 -5.000000 -0.094153
v 0.500000 -5.000000 -0.089505
v 1.000000 -5.000000 -0.085518
v 1.500000 -5.000000 -0.093927
v 2.000000 -5.000000 -0.105028
v 2.500000 -5.000000 -0.080886
v 3.000000 -5.000000 0.008552
v 3.500000 -5.000000 0.149684
v 4.000000 -5.000000 0.297041
v 4.500000 -5.000000 0.414909
v 5.000000 -5.000000 0.494736
v 5.500000 -5.000000 0.534680
v 6.000000 -5.000000 0.520521
v 6.500000 -5.000000 0.440490
v 7.000000 -5.000000 0.315243
v 7.500000 -5.000000 0.197569
v 8.000000 -5.000000 0.135318
v 8.500000 -5.000000 0.138815
v 9.000000 -5.000000 0.183183
v 9.500000 -5.000000 0.229863
v 10.000000 -5.000000 0.245209
v 10.500000 -5.000000 0.217408
v 11.000000 -5.000000 0.168425
v 11.500000 -5.000000 0.137245
v 12.000000 -5.000000 0.139653
v 12.500000 -5.000000 0.153945
v 13.000000 -5.000000 0.153879
v 13.500000 -5.000000 0.139221
v 14.000000 -5.000000 0.125742
v 14.500000 -5.000000 0.126015
v 15.000000 -5.000000 0.149057
v 15.500000 -5.000000 0.199096
v 16.000000 -5.000000 0.266811
v 16.500000 -5.000000 0.335281
v 17.000000 -5.000000 0.395275
v 17.500000 -5.000000 0.441053
v 18.000000 -5.000000 0.459522
v 18.500000 -5.000000 0.444562
v 19.000000 -5.000000 0.415723
v 19.500000 -5.000000 0.400365
v 20.000000 -5.000000 0.400810
v -20.000000 -4.500000 0.591049
v -19.500000 -4.500000 0.542343
v -19.000000 -4.500000 0.455311
v -18.500000 -4.500000 0.347209
v -18.000000 -4.500000 0.238070
v -17.500000 -4.500000 0.156742
v -17.000000 -4.500000 0.133614
v -16.500000 -4.500000 0.175403
v -16.000000 -4.500000 0.248690
v -15.500000 -4.500000 0.297887
v -15.000000 -4.500000 0.291340
v -14.500000 -4.500000 0.255167
v -14.000000 -4.500000 0.249745
v -13.500000 -4.500000 0.301892
v -13.000000 -4.500000 0.367971
v -12.500000 -4.500000 0.375837
v -12.000000 -4.500000 0.299376
v -11.500000 -4.500000 0.180594
v -11.000000 -4.500000 0.079432
v -10.500000 -4.500000 0.016857
v -10.000000 -4.500000 -0.025606
v -9.500000 -4.500000 -0.065855
v -9.000000 -4.500000 -0.102038
v -8.500000 -4.500000 -0.129702
v -8.000000 -4.500000 -0.156359
v -7.500000 -4.500000 -0.190461
v -7.000000 -4.500000 -0.228749
v -6.500000 -4.500000 -0.262491
v -6.000000 -4.500000 -0.288134
v -5.500000 -4.500000 -0.309029
v -5.000000 -4.500000 -0.334438
v -4.500000 -4.500000 -0.373255
v -4.000000 -4.500000 -0.418463
v -3.500000 -4.500000 -0.441770
v -3.000000 -4.500000 -0.416050
v -2.500000 -4.500000 -0.345778
v -2.000000 -4.500000 -0.266999
v -1.500000 -4.500000 -0.215716
v -1.000000 -4.500000 -0.200709
v -0.500000 -4.500000 -0.202021
v 0.000000 -4.500000 -0.189931
v 0.500000 -4.500000 -0.151528
v 1.000000 -4.500000 -0.103001
v 1.500000 -4.500000 -0.068703
v 2.000000 -4.500000 -0.044151
v 2.500000 -4.500000 0.007399
v 3.000000 -4.500000 0.111388
v 3.500000 -4.500000 0.245098
v 4.000000 -4.500000 0.360142
v 4.500000 -4.500000 0.434450
v 5.000000 -4.500000 0.482356
v 5.500000 -4.500000 0.515054
v 6.000000 -4.500000 0.514828
v 6.500000 -4.500000 0.459504
v 7.000000 -4.500000 0.359480
v 7.500000 -4.500000 0.257596
v 8.000000 -4.500000 0.196383
v 8.500000 -4.500000 0.190929
v 9.000000 -4.500000 0.225964
v 9.500000 -4.500000 0.267613
v 10.000000 -4.500000 0.282089
v 10.500000 -4.500000 0.258954
v 11.000000 -4.500000 0.221835
v 11.500000 -4.500000 0.204635
v 12.000000 -4.500000 0.212175
v 12.500000 -4.500000 0.214615
v 13.000000 -4.500000 0.184901
v 13.500000 -4.500000 0.128496
v 14.000000 -4.500000 0.074297
v 14.500000 -4.500000 0.053465
v 15.000000 -4.500000 0.087215
v 15.500000 -4.500000 0.174187
v 16.000000 -4.500000 0.284950
v 16.500000 -4.500000 0.382574
v 17.000000 -4.500000 0.449583
v 17.500000 -4.500000 0.484689
v 18.000000 -4.500000 0.484291
v 18.500000 -4.500000 0.448657
v 19.000000 -4.500000 0.399069
v 19.500000 -4.500000 0.364604
v 20.000000 -4.500000 0.352679
v -20.000000 -4.000000 0.687708
v -19.500000 -4.000000 0.636536
v -19.000000 -4.000000 0.551898
v -18.500000 -4.000000 0.452436
v -18.000000 -4.000000 0.349970
v -17.500000 -4.000000 0.263681
v -17.000000 -4.000000 0.219208
v -16.500000 -4.000000 0.222841
v -16.000000 -4.000000 0.245173
v -15.500000 -4.000000 0.241445
v -15.000000 -4.000000 0.194740
v -14.500000 -4.000000 0.139372
v -14.000000 -4.000000 0.130254
v -13.500000 -4.000000 0.181479
v -13.000000 -4.000000 0.242098
v -12.500000 -4.000000 0.241765
v -12.000000 -4.000000 0.159550
v -11.500000 -4.000000 0.043354
v -11.000000 -4.000000 -0.038707
v -10.500000 -4.000000 -0.060810
v -10.000000 -4.000000 -0.051738
v -9.500000 -4.000000 -0.053590
v -9.000000 -4.000000 -0.081274
v -8.500000 -4.000000 -0.122054
v -8.000000 -4.000000 -0.158905
v -7.500000 -4.000000 -0.182407
v -7.000000 -4.000000 -0.188243
v -6.500000 -4.000000 -0.176729
v -6.000000 -4.000000 -0.155349
v -5.500000 -4.000000 -0.138139
v -5.000000 -4.000000 -0.142615
v -4.500000 -4.000000 -0.180188
v -4.000000 -4.000000 -0.241456
v -3.500000 -4.000000 -0.295114
v -3.000000 -4.000000 -0.312163
v -2.500000 -4.000000 -0.294456
v -2.000000 -4.000000 -0.272486
v -1.500000 -4.000000 -0.271955
v -1.000000 -4.000000 -0.287373
v -0.500000 -4.000000 -0.287994
v 0.000000 -4.000000 -0.245778
v 0.500000 -4.000000 -0.161333
v 1.000000 -4.000000 -0.065909
v 1.500000 -4.000000 0.007561
v 2.000000 -4.000000 0.060098
v 2.500000 -4.000000 0.124564
v 3.000000 -4.000000 0.220507
v 3.500000 -4.000000 0.321930
v 4.000000 -4.000000 0.386804
v 4.500000 -4.000000 0.410283
v 5.000000 -4.000000 0.424860
v 5.500000 -4.000000 0.448333
v 6.000000 -4.000000 0.457645
v 6.500000 -4.000000 0.422085
v 7.000000 -4.000000 0.343110
v 7.500000 -4.000000 0.252893
v 8.000000 -4.000000 0.187322
v 8.500000 -4.000000 0.166113
v 9.000000 -4.000000 0.185604
v 9.500000 -4.000000 0.220198
v 10.000000 -4.000000 0.238843
v 10.500000 -4.000000 0.232434
v 11.000000 -4.000000 0.223178
v 11.500000 -4.000000 0.235695
v 12.000000 -4.000000 0.261017
v 12.500000 -4.000000 0.261263
v 13.000000 -4.000000 0.210940
v 13.500000 -4.000000 0.123497
v 14.000000 -4.000000 0.041236
v 14.500000 -4.000000 0.011370
v 15.000000 -4.000000 0.061643
v 15.500000 -4.000000 0.178473
v 16.000000 -4.000000 0.310705
v 16.500000 -4.000000 0.408686
v 17.000000 -4.000000 0.457851
v 17.500000 -4.000000 0.467429
v 18.000000 -4.000000 0.442062
v 18.500000 -4.000000 0.384789
v 19.000000 -4.000000 0.316548
v 19.500000 -4.000000 0.266782
v 20.000000 -4.000000 0.245604
v -20.000000 -3.500000 0.779806
v -19.500000 -3.500000 0.731521
v -19.000000 -3.500000 0.653655
v -18.500000 -3.500000 0.560154
v -18.000000 -3.500000 0.453352
v -17.500000 -3.500000 0.345880
v -17.000000 -3.500000 0.264512
v -16.500000 -3.500000 0.221878
v -16.000000 -3.500000 0.196462
v -15.500000 -3.500000 0.152904
v -15.000000 -3.500000 0.084617
v -14.500000 -3.500000 0.030842
v -14.000000 -3.500000 0.040309
v -13.500000 -3.500000 0.114758
v -13.000000 -3.500000 0.195176
v -12.500000 -3.500000 0.209029
v -12.000000 -3.500000 0.132741
v -11.500000 -3.500000 0.012624
v -11.000000 -3.500000 -0.074379
v -10.500000 -3.500000 -0.086579
v -10.000000 -3.500000 -0.049481
v -9.500000 -3.500000 -0.022710
v -9.000000 -3.500000 -0.039948
v -8.500000 -3.500000 -0.086743
v -8.000000 -3.500000 -0.128248
v -7.500000 -3.500000 -0.141330
v -7.000000 -3.500000 -0.121610
v -6.500000 -3.500000 -0.077754
v -6.000000 -3.500000 -0.026789
v -5.500000 -3.500000 0.010508
v -5.000000 -3.500000 0.014684
v -4.500000 -3.500000 -0.025202
v -4.000000 -3.500000 -0.102102
v -3.500000 -3.500000 -0.189159
v -3.000000 -3.500000 -0.256856
v -2.500000 -3.500000 -0.298179
v -2.000000 -3.500000 -0.330410
v -1.500000 -3.500000 -0.366286
v -1.000000 -3.500000 -0.390483
v -0.500000 -3.500000 -0.370559
v 0.000000 -3.500000 -0.287845
v 0.500000 -3.500000 -0.157441
v 1.000000 -3.500000 -0.020717
v 1.500000 -3.500000 0.085791
v 2.000000 -3.500000 0.160356
v 2.500000 -3.500000 0.230014
v 3.000000 -3.500000 0.309294
v 3.500000 -3.500000 0.375022
v 4.000000 -3.500000 0.397395
v 4.500000 -3.500000 0.386291
v 5.000000 -3.500000 0.381425
v 5.500000 -3.500000 0.397159
v 6.000000 -3.500000 0.403501
v 6.500000 -3.500000 0.366931
v 7.000000 -3.500000 0.288145
v 7.500000 -3.500000 0.195427
v 8.000000 -3.500000 0.120124
v 8.500000 -3.500000 0.083188
v 9.000000 -3.500000 0.088311
v 9.500000 -3.500000 0.118710
v 10.000000 -3.500000 0.150207
v 10.500000 -3.500000 0.176049
v 11.000000 -3.500000 0.211908
v 11.500000 -3.500000 0.266309
v 12.000000 -3.500000 0.313804
v 12.500000 -3.500000 0.311482
v 13.000000 -3.500000 0.241939
v 13.500000 -3.500000 0.132463
v 14.000000 -3.500000 0.038937
v 14.500000 -3.500000 0.017238
v 15.000000 -3.500000 0.091256
v 15.500000 -3.500000 0.230074
v 16.000000 -3.500000 0.365467
v 16.500000 -3.500000 0.445821
v 17.000000 -3.500000 0.467484
v 17.500000 -3.500000 0.449652
v 18.000000 -3.500000 0.398658
v 18.500000 -3.500000 0.315245
v 19.000000 -3.500000 0.220831
v 19.500000 -3.500000 0.149282
v 20.000000 -3.500000 0.115708
v -20.000000 -3.000000 0.881666
v -19.500000 -3.000000 0.831000
v -19.000000 -3.000000 0.749142
v -18.500000 -3.000000 0.647801
v -18.000000 -3.000000 0.524039
v -17.500000 -3.000000 0.386417
v -17.000000 -3.000000 0.264122
v -16.500000 -3.000000 0.179314
v -16.000000 -3.000000 0.122420
v -15.500000 -3.000000 0.067008
v -15.000000 -3.000000 0.009155
v -14.500000 -3.000000 -0.017195
v -14.000000 -3.000000 0.025680
v -13.500000 -3.000000 0.130419
v -13.000000 -3.000000 0.236500
v -12.500000 -3.000000 0.272025
v -12.000000 -3.000000 0.206375
v -11.500000 -3.000000 0.075545
v -11.000000 -3.000000 -0.040000
v -10.500000 -3.000000 -0.078678
v -10.000000 -3.000000 -0.050464
v -9.500000 -3.000000 -0.018752
v -9.000000 -3.000000 -0.028903
v -8.500000 -3.000000 -0.069618
v -8.000000 -3.000000 -0.102260
v -7.500000 -3.000000 -0.102671
v -7.000000 -3.000000 -0.069508
v -6.500000 -3.000000 -0.014833
v -6.000000 -3.000000 0.042063
v -5.500000 -3.000000 0.081339
v -5.000000 -3.000000 0.089193
v -4.500000 -3.000000 0.057823
v -4.000000 -3.000000 -0.014462
v -3.500000 -3.000000 -0.116445
v -3.000000 -3.000000 -0.224931
v -2.500000 -3.000000 -0.322302
v -2.000000 -3.000000 -0.406094
v -1.500000 -3.000000 -0.471921
v -1.000000 -3.000000 -0.496828
v -0.500000 -3.000000 -0.452640
v 0.000000 -3.000000 -0.333247
v 0.500000 -3.000000 -0.165600
v 1.000000 -3.000000 0.003510
v 1.500000 -3.000000 0.135847
v 2.000000 -3.000000 0.226426
v 2.500000 -3.000000 0.297301
v 3.000000 -3.000000 0.362020
v 3.500000 -3.000000 0.405383
v 4.000000 -3.000000 0.411028
v 4.500000 -3.000000 0.396658
v 5.000000 -3.000000 0.396872
v 5.500000 -3.000000 0.413219
v 6.000000 -3.000000 0.407556
v 6.500000 -3.000000 0.349218
v 7.000000 -3.000000 0.247864
v 7.500000 -3.000000 0.138138
v 8.000000 -3.000000 0.051616
v 8.500000 -3.000000 0.006621
v 9.000000 -3.000000 0.006719
v 9.500000 -3.000000 0.040599
v 10.000000 -3.000000 0.092497
v 10.500000 -3.000000 0.158336
v 11.000000 -3.000000 0.243107
v 11.500000 -3.000000 0.335032
v 12.000000 -3.000000 0.393355
v 12.500000 -3.000000 0.376655
v 13.000000 -3.000000 0.283461
v 13.500000 -3.000000 0.159595
v 14.000000 -3.000000 0.071760
v 14.500000 -3.000000 0.073438
v 15.000000 -3.000000 0.172912
v 15.500000 -3.000000 0.320525
v 16.000000 -3.000000 0.441673
v 16.500000 -3.000000 0.495134
v 17.000000 -3.000000 0.491642
v 17.500000 -3.000000 0.454744
v 18.000000 -3.000000 0.384299
v 18.500000 -3.000000 0.273316
v 19.000000 -3.000000 0.143138
v 19.500000 -3.000000 0.036623
v 20.000000 -3.000000 -0.018738
v -20.000000 -2.500000 0.974298
v -19.500000 -2.500000 0.913469
v -19.000000 -2.500000 0.815119
v -18.500000 -2.500000 0.694612
v -18.000000 -2.500000 0.548651
v -17.500000 -2.500000 0.382017
v -17.000000 -2.500000 0.224303
v -16.500000 -2.500000 0.108160
v -16.000000 -2.500000 0.040310
v -15.500000 -2.500000 0.004382
v -15.000000 -2.500000 -0.009339
v -14.500000 -2.500000 0.013112
v -14.000000 -2.500000 0.089273
v -13.500000 -2.500000 0.206592
v -13.000000 -2.500000 0.315933
v -12.500000 -2.500000 0.357977
v -12.000000 -2.500000 0.299116
v -11.500000 -2.500000 0.159869
v -11.000000 -2.500000 0.013276
v -10.500000 -2.500000 -0.067950
v -10.000000 -2.500000 -0.075740
v -9.500000 -2.500000 -0.062314
v -9.000000 -2.500000 -0.069630
v -8.500000 -2.500000 -0.089716
v -8.000000 -2.500000 -0.096406
v -7.500000 -2.500000 -0.081429
v -7.000000 -2.500000 -0.050116
v -6.500000 -2.500000 -0.009506
v -6.000000 -2.500000 0.029490
v -5.500000 -2.500000 0.055427
v -5.000000 -2.500000 0.064946
v -4.500000 -2.500000 0.055747
v -4.000000 -2.500000 0.015359
v -3.500000 -2.500000 -0.067849
v -3.000000 -2.500000 -0.186038
v -2.500000 -2.500000 -0.316673
v -2.000000 -2.500000 -0.438202
v -1.500000 -2.500000 -0.528081
v -1.000000 -2.500000 -0.556280
v -0.500000 -2.500000 -0.499172
v 0.000000 -2.500000 -0.359634
v 0.500000 -2.500000 -0.170389
v 1.000000 -2.500000 0.019417
v 1.500000 -2.500000 0.168003
v 2.000000 -2.500000 0.265016
v 2.500000 -2.500000 0.329939
v 3.000000 -2.500000 0.381091
v 3.500000 -2.500000 0.415261
v 4.000000 -2.500000 0.427712
v 4.500000 -2.500000 0.436434
v 5.000000 -2.500000 0.462483
v 5.500000 -2.500000 0.490418
v 6.000000 -2.500000 0.474176
v 6.500000 -2.500000 0.388126
v 7.000000 -2.500000 0.255261
v 7.500000 -2.500000 0.123488
v 8.000000 -2.500000 0.030127
v 8.500000 -2.500000 -0.009540
v 9.000000 -2.500000 0.002092
v 9.500000 -2.500000 0.052312
v 10.000000 -2.500000 0.129108
v 10.500000 -2.500000 0.228925
v 11.000000 -2.500000 0.346393
v 11.500000 -2.500000 0.453440
v 12.000000 -2.500000 0.501277
v 12.500000 -2.500000 0.456693
v 13.000000 -2.500000 0.336927
v 13.500000 -2.500000 0.204689
v 14.000000 -2.500000 0.131527
v 14.500000 -2.500000 0.159230
v 15.000000 -2.500000 0.274130
v 15.500000 -2.500000 0.411698
v 16.000000 -2.500000 0.502647
v 16.500000 -2.500000 0.524619
v 17.000000 -2.500000 0.502107
v 17.500000 -2.500000 0.457968
v 18.000000 -2.500000 0.381194
v 18.500000 -2.500000 0.251929
v 19.000000 -2.500000 0.085366
v 19.500000 -2.500000 -0.066883
v 20.000000 -2.500000 -0.155098
v -20.000000 -2.000000 1.001020
v -19.500000 -2.000000 0.932909
v -19.000000 -2.000000 0.822717
v -18.500000 -2.000000 0.689161
v -18.000000 -2.000000 0.529083
v -17.500000 -2.000000 0.343180
v -17.000000 -2.000000 0.160428
v -16.500000 -2.000000 0.024361
v -16.000000 -2.000000 -0.039486
v -15.500000 -2.000000 -0.036183
v -15.000000 -2.000000 0.013808
v -14.500000 -2.000000 0.094069
v -14.000000 -2.000000 0.194046
v -13.500000 -2.000000 0.297618
v -13.000000 -2.000000 0.377417
v -12.500000 -2.000000 0.400196
v -12.000000 -2.000000 0.340366
v -11.500000 -2.000000 0.205283
v -11.000000 -2.000000 0.049573
v -10.500000 -2.000000 -0.061039
v -10.000000 -2.000000 -0.109289
v -9.500000 -2.000000 -0.127204
v -9.000000 -2.000000 -0.138030
v -8.500000 -2.000000 -0.133270
v -8.000000 -2.000000 -0.109184
v -7.500000 -2.000000 -0.084160
v -7.000000 -2.000000 -0.071107
v -6.500000 -2.000000 -0.064704
v -6.000000 -2.000000 -0.060002
v -5.500000 -2.000000 -0.057272
v -5.000000 -2.000000 -0.049669
v -4.500000 -2.000000 -0.032459
v -4.000000 -2.000000 -0.024509
v -3.500000 -2.000000 -0.058005
v -3.000000 -2.000000 -0.144968
v -2.500000 -2.000000 -0.267562
v -2.000000 -2.000000 -0.394609
v -1.500000 -2.000000 -0.491704
v -1.000000 -2.000000 -0.524083
v -0.500000 -2.000000 -0.469627
v 0.000000 -2.000000 -0.332097
v 0.500000 -2.000000 -0.141547
v 1.000000 -2.000000 0.053897
v 1.500000 -2.000000 0.207075
v 2.000000 -2.000000 0.299902
v 2.500000 -2.000000 0.350272
v 3.000000 -2.000000 0.384516
v 3.500000 -2.000000 0.412490
v 4.000000 -2.000000 0.437649
v 4.500000 -2.000000 0.473457
v 5.000000 -2.000000 0.526606
v 5.500000 -2.000000 0.568630
v 6.000000 -2.000000 0.549227
v 6.500000 -2.000000 0.446946
v 7.000000 -2.000000 0.294644
v 7.500000 -2.000000 0.152240
v 8.000000 -2.000000 0.065365
v 8.500000 -2.000000 0.049270
v 9.000000 -2.000000 0.093846
v 9.500000 -2.000000 0.176723
v 10.000000 -2.000000 0.279380
v 10.500000 -2.000000 0.394196
v 11.000000 -2.000000 0.511001
v 11.500000 -2.000000 0.598568
v 12.000000 -2.000000 0.612553
v 12.500000 -2.000000 0.532183
v 13.000000 -2.000000 0.388499
v 13.500000 -2.000000 0.252146
v 14.000000 -2.000000 0.191643
v 14.500000 -2.000000 0.233448
v 15.000000 -2.000000 0.345099
v 15.500000 -2.000000 0.455987
v 16.000000 -2.000000 0.509491
v 16.500000 -2.000000 0.501981
v 17.000000 -2.000000 0.467161
v 17.500000 -2.000000 0.425910
v 18.000000 -2.000000 0.358744
v 18.500000 -2.000000 0.231143
v 19.000000 -2.000000 0.043109
v 19.500000 -2.000000 -0.151629
v 20.000000 -2.000000 -0.276002
v -20.000000 -1.500000 0.920917
v -19.500000 -1.500000 0.861320
v -19.000000 -1.500000 0.763300
v -18.500000 -1.500000 0.640052
v -18.000000 -1.500000 0.484257
v -17.500000 -1.500000 0.293140
v -17.000000 -1.500000 0.096623
v -16.500000 -1.500000 -0.051223
v -16.000000 -1.500000 -0.107645
v -15.500000 -1.500000 -0.067115
v -15.000000 -1.500000 0.040139
v -14.500000 -1.500000 0.169035
v -14.000000 -1.500000 0.281824
v -13.500000 -1.500000 0.358273
v -13.000000 -1.500000 0.392517
v -12.500000 -1.500000 0.381280
v -12.000000 -1.500000 0.316533
v -11.500000 -1.500000 0.200508
v -11.000000 -1.500000 0.065227
v -10.500000 -1.500000 -0.046078
v -10.000000 -1.500000 -0.119606
v -9.500000 -1.500000 -0.167703
v -9.000000 -1.500000 -0.189340
v -8.500000 -1.500000 -0.172349
v -8.000000 -1.500000 -0.133897
v -7.500000 -1.500000 -0.115511
v -7.000000 -1.500000 -0.133514
v -6.500000 -1.500000 -0.168158
v -6.000000 -1.500000 -0.199286
v -5.500000 -1.500000 -0.219714
v -5.000000 -1.500000 -0.218007
v -4.500000 -1.500000 -0.184020
v -4.000000 -1.500000 -0.135598
v -3.500000 -1.500000 -0.113567
v -3.000000 -1.500000 -0.144101
v -2.500000 -1.500000 -0.219946
v -2.000000 -1.500000 -0.313426
v -1.500000 -1.500000 -0.390307
v -1.000000 -1.500000 -0.416604
v -0.500000 -1.500000 -0.369914
v 0.000000 -1.500000 -0.248701
v 0.500000 -1.500000 -0.073924
v 1.000000 -1.500000 0.111768
v 1.500000 -1.500000 0.258323
v 2.000000 -1.500000 0.340531
v 2.500000 -1.500000 0.373596
v 3.000000 -1.500000 0.389451
v 3.500000 -1.500000 0.407148
v 4.000000 -1.500000 0.433976
v 4.500000 -1.500000 0.478263
v 5.000000 -1.500000 0.538897
v 5.500000 -1.500000 0.585029
v 6.000000 -1.500000 0.569211
v 6.500000 -1.500000 0.472564
v 7.000000 -1.500000 0.328949
v 7.500000 -1.500000 0.200939
v 8.000000 -1.500000 0.139358
v 8.500000 -1.500000 0.162769
v 9.000000 -1.500000 0.256137
v 9.500000 -1.500000 0.383009
v 10.000000 -1.500000 0.508636
v 10.500000 -1.500000 0.615914
v 11.000000 -1.500000 0.696253
v 11.500000 -1.500000 0.730440
v 12.000000 -1.500000 0.691259
v 12.500000 -1.500000 0.571924
v 13.000000 -1.500000 0.408615
v 13.500000 -1.500000 0.268360
v 14.000000 -1.500000 0.209787
v 14.500000 -1.500000 0.246490
v 15.000000 -1.500000 0.337984
v 15.500000 -1.500000 0.418094
v 16.000000 -1.500000 0.443591
v 16.500000 -1.500000 0.420663
v 17.000000 -1.500000 0.383839
v 17.500000 -1.500000 0.352567
v 18.000000 -1.500000 0.306616
v 18.500000 -1.500000 0.202288
v 19.000000 -1.500000 0.020582
v 19.500000 -1.500000 -0.192588
v 20.000000 -1.500000 -0.340104
v -20.000000 -1.000000 0.764644
v -19.500000 -1.000000 0.729530
v -19.000000 -1.000000 0.668029
v -18.500000 -1.000000 0.578390
v -18.000000 -1.000000 0.444184
v -17.500000 -1.000000 0.259795
v -17.000000 -1.000000 0.057795
v -16.500000 -1.000000 -0.098933
v -16.000000 -1.000000 -0.155567
v -15.500000 -1.000000 -0.099381
v -15.000000 -1.000000 0.034483
v -14.500000 -1.000000 0.185490
v -14.000000 -1.000000 0.300732
v -13.500000 -1.000000 0.356332
v -13.000000 -1.000000 0.357326
v -12.500000 -1.000000 0.320054
v -12.000000 -1.000000 0.253943
v -11.500000 -1.000000 0.164132
v -11.000000 -1.000000 0.065977
v -10.500000 -1.000000 -0.021518
v -10.000000 -1.000000 -0.094973
v -9.500000 -1.000000 -0.156224
v -9.000000 -1.000000 -0.189040
v -8.500000 -1.000000 -0.179511
v -8.000000 -1.000000 -0.154741
v -7.500000 -1.000000 -0.163017
v -7.000000 -1.000000 -0.216202
v -6.500000 -1.000000 -0.283528
v -6.000000 -1.000000 -0.336818
v -5.500000 -1.000000 -0.369089
v -5.000000 -1.000000 -0.373994
v -4.500000 -1.000000 -0.342787
v -4.000000 -1.000000 -0.286791
v -3.500000 -1.000000 -0.238063
v -3.000000 -1.000000 -0.220743
v -2.500000 -1.000000 -0.235405
v -2.000000 -1.000000 -0.268027
v -1.500000 -1.000000 -0.297559
v -1.000000 -1.000000 -0.298527
v -0.500000 -1.000000 -0.250035
v 0.000000 -1.000000 -0.144669
v 0.500000 -1.000000 0.006892
v 1.000000 -1.000000 0.170969
v 1.500000 -1.000000 0.301034
v 2.000000 -1.000000 0.369981
v 2.500000 -1.000000 0.389749
v 3.000000 -1.000000 0.391772
v 3.500000 -1.000000 0.396772
v 4.000000 -1.000000 0.411524
v 4.500000 -1.000000 0.441437
v 5.000000 -1.000000 0.486279
v 5.500000 -1.000000 0.523610
v 6.000000 -1.000000 0.515853
v 6.500000 -1.000000 0.445820
v 7.000000 -1.000000 0.339306
v 7.500000 -1.000000 0.249277
v 8.000000 -1.000000 0.224165
v 8.500000 -1.000000 0.286999
v 9.000000 -1.000000 0.424331
v 9.500000 -1.000000 0.590203
v 10.000000 -1.000000 0.732556
v 10.500000 -1.000000 0.821621
v 11.000000 -1.000000 0.851367
v 11.500000 -1.000000 0.820212
v 12.000000 -1.000000 0.722450
v 12.500000 -1.000000 0.563849
v 13.000000 -1.000000 0.379600
v 13.500000 -1.000000 0.226872
v 14.000000 -1.000000 0.153296
v 14.500000 -1.000000 0.166894
v 15.000000 -1.000000 0.231303
v 15.500000 -1.000000 0.291751
v 16.000000 -1.000000 0.313256
v 16.500000 -1.000000 0.298862
v 17.000000 -1.000000 0.273887
v 17.500000 -1.000000 0.255850
v 18.000000 -1.000000 0.232502
v 18.500000 -1.000000 0.163470
v 19.000000 -1.000000 0.017273
v 19.500000 -1.000000 -0.175962
v 20.000000 -1.000000 -0.318907
v -20.000000 -0.500000 0.619967
v -19.500000 -0.500000 0.611467
v -19.000000 -0.500000 0.590841
v -18.500000 -0.500000 0.540910
v -18.000000 -0.500000 0.434895
v -17.500000 -0.500000 0.262730
v -17.000000 -0.500000 0.057650
v -16.500000 -0.500000 -0.111713
v -16.000000 -0.500000 -0.183061
v -15.500000 -0.500000 -0.139549
v -15.000000 -0.500000 -0.016056
v -14.500000 -0.500000 0.126918
v -14.000000 -0.500000 0.237153
v -13.500000 -0.500000 0.289635
v -13.000000 -0.500000 0.287049
v -12.500000 -0.500000 0.247496
v -12.000000 -0.500000 0.188480
v -11.500000 -0.500000 0.121820
v -11.000000 -0.500000 0.058690
v -10.500000 -0.500000 0.005755
v -10.000000 -0.500000 -0.042516
v -9.500000 -0.500000 -0.090291
v -9.000000 -0.500000 -0.124286
v -8.500000 -0.500000 -0.134439
v -8.000000 -0.500000 -0.143889
v -7.500000 -0.500000 -0.188756
v -7.000000 -0.500000 -0.270467
v -6.500000 -0.500000 -0.353977
v -6.000000 -0.500000 -0.410889
v -5.500000 -0.500000 -0.440230
v -5.000000 -0.500000 -0.449643
v -4.500000 -0.500000 -0.441037
v -4.000000 -0.500000 -0.417772
v -3.500000 -0.500000 -0.387609
v -3.000000 -0.500000 -0.354045
v -2.500000 -0.500000 -0.317181
v -2.000000 -0.500000 -0.281455
v -1.500000 -0.500000 -0.249436
v -1.000000 -0.500000 -0.211896
v -0.500000 -0.500000 -0.152202
v 0.000000 -0.500000 -0.057917
v 0.500000 -0.500000 0.069167
v 1.000000 -0.500000 0.204577
v 1.500000 -0.500000 0.310061
v 2.000000 -0.500000 0.363201
v 2.500000 -0.500000 0.374815
v 3.000000 -0.500000 0.371351
v 3.500000 -0.500000 0.368568
v 4.000000 -0.500000 0.369606
v 4.500000 -0.500000 0.378616
v 5.000000 -0.500000 0.400107
v 5.500000 -0.500000 0.423849
v 6.000000 -0.500000 0.425144
v 6.500000 -0.500000 0.389238
v 7.000000 -0.500000 0.330142
v 7.500000 -0.500000 0.283548
v 8.000000 -0.500000 0.288067
v 8.500000 -0.500000 0.369278
v 9.000000 -0.500000 0.521941
v 9.500000 -0.500000 0.703052
v 10.000000 -0.500000 0.853772
v 10.500000 -0.500000 0.934017
v 11.000000 -0.500000 0.934535
v 11.500000 -0.500000 0.861680
v 12.000000 -0.500000 0.722318
v 12.500000 -0.500000 0.529922
v 13.000000 -0.500000 0.318420
v 13.500000 -0.500000 0.138208
v 14.000000 -0.500000 0.032162
v 14.500000 -0.500000 0.011571
v 15.000000 -0.500000 0.051366
v 15.500000 -0.500000 0.108311
v 16.000000 -0.500000 0.148319
v 16.500000 -0.500000 0.161659
v 17.000000 -0.500000 0.157997
v 17.500000 -0.500000 0.151667
v 18.000000 -0.500000 0.143606
v 18.500000 -0.500000 0.109238
v 19.000000 -0.500000 0.017202
v 19.500000 -0.500000 -0.120676
v 20.000000 -0.500000 -0.229448
v -20.000000 0.000000 0.562723
v -19.500000 0.000000 0.567608
v -19.000000 0.000000 0.569633
v -18.500000 0.000000 0.546082
v -18.000000 0.000000 0.463818
v -17.500000 0.000000 0.304572
v -17.000000 0.000000 0.095309
v -16.500000 0.000000 -0.094201
v -16.000000 0.000000 -0.195123
v -15.500000 0.000000 -0.185058
v -15.000000 0.000000 -0.094228
v -14.500000 0.000000 0.025165
v -14.000000 0.000000 0.129992
v -13.500000 0.000000 0.195858
v -13.000000 0.000000 0.215543
v -12.500000 0.000000 0.196253
v -12.000000 0.000000 0.153145
v -11.500000 0.000000 0.103160
v -11.000000 0.000000 0.062873
v -10.500000 0.000000 0.041007
v -10.000000 0.000000 0.029622
v -9.500000 0.000000 0.013927
v -9.000000 0.000000 -0.009903
v -8.500000 0.000000 -0.039506
v -8.000000 0.000000 -0.084198
v -7.500000 0.000000 -0.157760
v -7.000000 0.000000 -0.252270
v -6.500000 0.000000 -0.336383
v -6.000000 0.000000 -0.385711
v -5.500000 0.000000 -0.404853
v -5.000000 0.000000 -0.417185
v -4.500000 0.000000 -0.440282
v -4.000000 0.000000 -0.471090
v -3.500000 0.000000 -0.487107
v -3.000000 0.000000 -0.461951
v -2.500000 0.000000 -0.389759
v -2.000000 0.000000 -0.294548
v -1.500000 0.000000 -0.207726
v -1.000000 0.000000 -0.140042
v -0.500000 0.000000 -0.077844
v 0.000000 0.000000 0.000000
v 0.500000 0.000000 0.101061
v 1.000000 0.000000 0.206701
v 1.500000 0.000000 0.284735
v 2.000000 0.000000 0.319690
v 2.500000 0.000000 0.324898
v 3.000000 0.000000 0.322568
v 3.500000 0.000000 0.321958
v 4.000000 0.000000 0.321629
v 4.500000 0.000000 0.323363
v 5.000000 0.000000 0.332631
v 5.500000 0.000000 0.346481
v 6.000000 0.000000 0.351346
v 6.500000 0.000000 0.337623
v 7.000000 0.000000 0.311603
v 7.500000 0.000000 0.292994
v 8.000000 0.000000 0.307462
v 8.500000 0.000000 0.378746
v 9.000000 0.000000 0.511482
v 9.500000 0.000000 0.677376
v 10.000000 0.000000 0.826692
v 10.500000 0.000000 0.917082
v 11.000000 0.000000 0.929320
v 11.500000 0.000000 0.860259
v 12.000000 0.000000 0.712892
v 12.500000 0.000000 0.501849
v 13.000000 0.000000 0.262886
v 13.500000 0.000000 0.047214
v 14.000000 0.000000 -0.098855
v 14.500000 0.000000 -0.154946
v 15.000000 0.000000 -0.134475
v 15.500000 0.000000 -0.073723
v 16.000000 0.000000 -0.010686
v 16.500000 0.000000 0.030876
v 17.000000 0.000000 0.046320
v 17.500000 0.000000 0.047107
v 18.000000 0.000000 0.046619
v 18.500000 0.000000 0.039651
v 19.000000 0.000000 0.003964
v 19.500000 0.000000 -0.063661
v 20.000000 0.000000 -0.122680
v -20.000000 0.500000 0.610473
v -19.500000 0.500000 0.610338
v -19.000000 0.500000 0.608045
v -18.500000 0.500000 0.588666
v -18.000000 0.500000 0.520582
v -17.500000 0.500000 0.375265
v -17.000000 0.500000 0.165043
v -16.500000 0.500000 -0.045983
v -16.000000 0.500000 -0.182604
v -15.500000 0.500000 -0.212076
v -15.000000 0.500000 -0.155902
v -14.500000 0.500000 -0.058147
v -14.000000 0.500000 0.044645
v -13.500000 0.500000 0.127871
v -13.000000 0.500000 0.175930
v -12.500000 0.500000 0.185275
v -12.000000 0.500000 0.164254
v -11.500000 0.500000 0.128627
v -11.000000 0.500000 0.099048
v -10.500000 0.500000 0.092349
v -10.000000 0.500000 0.105834
v -9.500000 0.500000 0.116979
v -9.000000 0.500000 0.104341
v -8.500000 0.500000 0.063386
v -8.000000 0.500000 -0.000035
v -7.500000 0.500000 -0.080156
v -7.000000 0.500000 -0.167115
v -6.500000 0.500000 -0.240104
v -6.000000 0.500000 -0.279606
v -5.500000 0.500000 -0.290464
v -5.000000 0.500000 -0.305067
v -4.500000 0.500000 -0.353734
v -4.000000 0.500000 -0.429346
v -3.500000 0.500000 -0.484441
v -3.000000 0.500000 -0.467703
v -2.500000 0.500000 -0.369659
v -2.000000 0.500000 -0.233461
v -1.500000 0.500000 -0.117056
v -1.000000 0.500000 -0.046776
v -0.500000 0.500000 -0.005086
v 0.000000 0.500000 0.044384
v 0.500000 0.500000 0.119849
v 1.000000 0.500000 0.202818
v 1.500000 0.500000 0.258853
v 2.000000 0.500000 0.275245
v 2.500000 0.500000 0.270159
v 3.000000 0.500000 0.267026
v 3.500000 0.500000 0.273191
v 4.000000 0.500000 0.284418
v 4.500000 0.500000 0.297463
v 5.000000 0.500000 0.311167
v 5.500000 0.500000 0.320846
v 6.000000 0.500000 0.319469
v 6.500000 0.500000 0.305608
v 7.000000 0.500000 0.286315
v 7.500000 0.500000 0.273323
v 8.000000 0.500000 0.281367
v 8.500000 0.500000 0.327907
v 9.000000 0.500000 0.422820
v 9.500000 0.500000 0.555080
v 10.000000 0.500000 0.693914
v 10.500000 0.500000 0.803585
v 11.000000 0.500000 0.854314
v 11.500000 0.500000 0.823613
v 12.000000 0.500000 0.699622
v 12.500000 0.500000 0.492694
v 13.000000 0.500000 0.240635
v 13.500000 0.500000 -0.001509
v 14.000000 0.500000 -0.180570
v 14.500000 0.500000 -0.265752
v 15.000000 0.500000 -0.261235
v 15.500000 0.500000 -0.200325
v 16.000000 0.500000 -0.125716
v 16.500000 0.500000 -0.070507
v 17.000000 0.500000 -0.046669
v 17.500000 0.500000 -0.042933
v 18.000000 0.500000 -0.038622
v 18.500000 0.500000 -0.027001
v 19.000000 0.500000 -0.021391
v 19.500000 0.500000 -0.032799
v 20.000000 0.500000 -0.049356
v -20.000000 1.000000 0.721077
v -19.500000 1.000000 0.704764
v -19.000000 1.000000 0.680326
v -18.500000 1.000000 0.648742
v -18.000000 1.000000 0.588068
v -17.500000 1.000000 0.462529
v -17.000000 1.000000 0.265254
v -16.500000 1.000000 0.046258
v -16.000000 1.000000 -0.117617
v -15.500000 1.000000 -0.181190
v -15.000000 1.000000 -0.153877
v -14.500000 1.000000 -0.074100
v -14.000000 1.000000 0.021729
v -13.500000 1.000000 0.107674
v -13.000000 1.000000 0.167881
v -12.500000 1.000000 0.198087
v -12.000000 1.000000 0.201319
v -11.500000 1.000000 0.183084
v -11.000000 1.000000 0.156634
v -10.500000 1.000000 0.142884
v -10.000000 1.000000 0.150806
v -9.500000 1.000000 0.162745
v -9.000000 1.000000 0.151337
v -8.500000 1.000000 0.108991
v -8.000000 1.000000 0.050194
v -7.500000 1.000000 -0.011061
v -7.000000 1.000000 -0.071208
v -6.500000 1.000000 -0.123402
v -6.000000 1.000000 -0.152914
v -5.500000 1.000000 -0.159825
v -5.000000 1.000000 -0.175604
v -4.500000 1.000000 -0.235229
v -4.000000 1.000000 -0.328957
v -3.500000 1.000000 -0.395112
v -3.000000 1.000000 -0.370343
v -2.500000 1.000000 -0.249178
v -2.000000 1.000000 -0.092555
v -1.500000 1.000000 0.024260
v -1.000000 1.000000 0.071317
v -0.500000 1.000000 0.078257
v 0.000000 1.000000 0.098383
v 0.500000 1.000000 0.157641
v 1.000000 1.000000 0.232024
v 1.500000 1.000000 0.276790
v 2.000000 1.000000 0.274994
v 2.500000 1.000000 0.249244
v 3.000000 1.000000 0.230866
v 3.500000 1.000000 0.233375
v 4.000000 1.000000 0.253921
v 4.500000 1.000000 0.283354
v 5.000000 1.000000 0.309115
v 5.500000 1.000000 0.318028
v 6.000000 1.000000 0.304314
v 6.500000 1.000000 0.275049
v 7.000000 1.000000 0.244681
v 7.500000 1.000000 0.225505
v 8.000000 1.000000 0.226035
v 8.500000 1.000000 0.255508
v 9.000000 1.000000 0.322034
v 9.500000 1.000000 0.424704
v 10.000000 1.000000 0.549290
v 10.500000 1.000000 0.670118
v 11.000000 1.000000 0.753403
v 11.500000 1.000000 0.763294
v 12.000000 1.000000 0.675539
v 12.500000 1.000000 0.493518
v 13.000000 1.000000 0.251091
v 13.500000 1.000000 0.001952
v 14.000000 1.000000 -0.196142
v 14.500000 1.000000 -0.302296
v 15.000000 1.000000 -0.311430
v 15.500000 1.000000 -0.254156
v 16.000000 1.000000 -0.177487
v 16.500000 1.000000 -0.120799
v 17.000000 1.000000 -0.097705
v 17.500000 1.000000 -0.093729
v 18.000000 1.000000 -0.085842
v 18.500000 1.000000 -0.066862
v 19.000000 1.000000 -0.047566
v 19.500000 1.000000 -0.038395
v 20.000000 1.000000 -0.037586
v -20.000000 1.500000 0.812511
v -19.500000 1.500000 0.782376
v -19.000000 1.500000 0.737612
v -18.500000 1.500000 0.693977
v -18.000000 1.500000 0.643387
v -17.500000 1.500000 0.549343
v -17.000000 1.500000 0.387002
v -16.500000 1.500000 0.185315
v -16.000000 1.500000 0.013764
v -15.500000 1.500000 -0.073654
v -15.000000 1.500000 -0.073323
v -14.500000 1.500000 -0.018659
v -14.000000 1.500000 0.051306
v -13.500000 1.500000 0.111172
v -13.000000 1.500000 0.154680
v -12.500000 1.500000 0.188290
v -12.000000 1.500000 0.213113
v -11.500000 1.500000 0.216630
v -11.000000 1.500000 0.191562
v -10.500000 1.500000 0.154449
v -10.000000 1.500000 0.128952
v -9.500000 1.500000 0.115641
v -9.000000 1.500000 0.095461
v -8.500000 1.500000 0.061091
v -8.000000 1.500000 0.025950
v -7.500000 1.500000 0.000498
v -7.000000 1.500000 -0.021910
v -6.500000 1.500000 -0.047385
v -6.000000 1.500000 -0.066183
v -5.500000 1.500000 -0.072338
v -5.000000 1.500000 -0.089146
v -4.500000 1.500000 -0.147983
v -4.000000 1.500000 -0.236432
v -3.500000 1.500000 -0.288058
v -3.000000 1.500000 -0.239568
v -2.500000 1.500000 -0.096469
v -2.000000 1.500000 0.065359
v -1.500000 1.500000 0.165516
v -1.000000 1.500000 0.183769
v -0.500000 1.500000 0.165472
v 0.000000 1.500000 0.173496
v 0.500000 1.500000 0.232974
v 1.000000 1.500000 0.311416
v 1.500000 1.500000 0.352415
v 2.000000 1.500000 0.331138
v 2.500000 1.500000 0.272573
v 3.000000 1.500000 0.219471
v 3.500000 1.500000 0.197610
v 4.000000 1.500000 0.209800
v 4.500000 1.500000 0.243373
v 5.000000 1.500000 0.275714
v 5.500000 1.500000 0.283738
v 6.000000 1.500000 0.258741
v 6.500000 1.500000 0.213570
v 7.000000 1.500000 0.171948
v 7.500000 1.500000 0.151338
v 8.000000 1.500000 0.157614
v 8.500000 1.500000 0.191856
v 9.000000 1.500000 0.255371
v 9.500000 1.500000 0.347632
v 10.000000 1.500000 0.461039
v 10.500000 1.500000 0.576814
v 11.000000 1.500000 0.664833
v 11.500000 1.500000 0.690923
v 12.000000 1.500000 0.630539
v 12.500000 1.500000 0.481025
v 13.000000 1.500000 0.264418
v 13.500000 1.500000 0.024558
v 14.000000 1.500000 -0.180740
v 14.500000 1.500000 -0.300745
v 15.000000 1.500000 -0.318494
v 15.500000 1.500000 -0.259743
v 16.000000 1.500000 -0.176717
v 16.500000 1.500000 -0.117124
v 17.000000 1.500000 -0.096078
v 17.500000 1.500000 -0.094385
v 18.000000 1.500000 -0.088439
v 18.500000 1.500000 -0.077239
v 19.000000 1.500000 -0.073921
v 19.500000 1.500000 -0.081708
v 20.000000 1.500000 -0.090541
v -20.000000 2.000000 0.801977
v -19.500000 2.000000 0.769598
v -19.000000 2.000000 0.721148
v -18.500000 2.000000 0.679748
v -18.000000 2.000000 0.649807
v -17.500000 2.000000 0.599621
v -17.000000 2.000000 0.491565
v -16.500000 2.000000 0.331917
v -16.000000 2.000000 0.175803
v -15.500000 2.000000 0.079333
v -15.000000 2.000000 0.055557
v -14.500000 2.000000 0.074975
v -14.000000 2.000000 0.097346
v -13.500000 2.000000 0.102864
v -13.000000 2.000000 0.102586
v -12.500000 2.000000 0.120543
v -12.000000 2.000000 0.158798
v -11.500000 2.000000 0.184717
v -11.000000 2.000000 0.164382
v -10.500000 2.000000 0.103375
v -10.000000 2.000000 0.038446
v -9.500000 2.000000 -0.005972
v -9.000000 2.000000 -0.033539
v -8.500000 2.000000 -0.051899
v -8.000000 2.000000 -0.057012
v -7.500000 2.000000 -0.047490
v -7.000000 2.000000 -0.036820
v -6.500000 2.000000 -0.038602
v -6.000000 2.000000 -0.048344
v -5.500000 2.000000 -0.056678
v -5.000000 2.000000 -0.076378
v -4.500000 2.000000 -0.129525
v -4.000000 2.000000 -0.200082
v -3.500000 2.000000 -0.223270
v -3.000000 2.000000 -0.144092
v -2.500000 2.000000 0.017822
v -2.000000 2.000000 0.176843
v -1.500000 2.000000 0.258594
v -1.000000 2.000000 0.260971
v -0.500000 2.000000 0.241826
v 0.000000 2.000000 0.260689
v 0.500000 2.000000 0.331842
v 1.000000 2.000000 0.415532
v 1.500000 2.000000 0.450893
v 2.000000 2.000000 0.408880
v 2.500000 2.000000 0.315287
v 3.000000 2.000000 0.221532
v 3.500000 2.000000 0.164135
v 4.000000 2.000000 0.152092
v 4.500000 2.000000 0.173020
v 5.000000 2.000000 0.199974
v 5.500000 2.000000 0.203073
v 6.000000 2.000000 0.169357
v 6.500000 2.000000 0.114859
v 7.000000 2.000000 0.071720
v 7.500000 2.000000 0.062802
v 8.000000 2.000000 0.091166
v 8.500000 2.000000 0.149025
v 9.000000 2.000000 0.228976
v 9.500000 2.000000 0.326123
v 10.000000 2.000000 0.432374
v 10.500000 2.000000 0.530851
v 11.000000 2.000000 0.597563
v 11.500000 2.000000 0.610139
v 12.000000 2.000000 0.554788
v 12.500000 2.000000 0.427795
v 13.000000 2.000000 0.238015
v 13.500000 2.000000 0.015359
v 14.000000 2.000000 -0.186701
v 14.500000 2.000000 -0.310486
v 15.000000 2.000000 -0.326956
v 15.500000 2.000000 -0.255544
v 16.000000 2.000000 -0.154259
v 16.500000 2.000000 -0.082155
v 17.000000 2.000000 -0.059255
v 17.500000 2.000000 -0.063611
v 18.000000 2.000000 -0.070911
v 18.500000 2.000000 -0.084913
v 19.000000 2.000000 -0.119426
v 19.500000 2.000000 -0.166635
v 20.000000 2.000000 -0.200205
v -20.000000 2.500000 0.656242
v -19.500000 2.500000 0.631627
v -19.000000 2.500000 0.595117
v -18.500000 2.500000 0.570127
v -18.000000 2.500000 0.568923
v -17.500000 2.500000 0.566815
v -17.000000 2.500000 0.520242
v -16.500000 2.500000 0.417927
v -16.000000 2.500000 0.299636
v -15.500000 2.500000 0.216703
v -15.000000 2.500000 0.183080
v -14.500000 2.500000 0.168913
v -14.000000 2.500000 0.135204
v -13.500000 2.500000 0.073246
v -13.000000 2.500000 0.014792
v -12.500000 2.500000 0.002279
v -12.000000 2.500000 0.040884
v -11.500000 2.500000 0.082878
v -11.000000 2.500000 0.071706
v -10.500000 2.500000 0.000669
v -10.000000 2.500000 -0.085662
v -9.500000 2.500000 -0.143669
v -9.000000 2.500000 -0.165417
v -8.500000 2.500000 -0.164190
v -8.000000 2.500000 -0.149415
v -7.500000 2.500000 -0.125214
v -7.000000 2.500000 -0.101226
v -6.500000 2.500000 -0.090086
v -6.000000 2.500000 -0.093175
v -5.500000 2.500000 -0.103268
v -5.000000 2.500000 -0.124659
v -4.500000 2.500000 -0.167871
v -4.000000 2.500000 -0.213146
v -3.500000 2.500000 -0.202551
v -3.000000 2.500000 -0.094812
v -2.500000 2.500000 0.077295
v -2.000000 2.500000 0.226297
v -1.500000 2.500000 0.292419
v -1.000000 2.500000 0.293340
v -0.500000 2.500000 0.291863
v 0.000000 2.500000 0.332825
v 0.500000 2.500000 0.413732
v 1.000000 2.500000 0.492484
v 1.500000 2.500000 0.515645
v 2.000000 2.500000 0.458773
v 2.500000 2.500000 0.347516
v 3.000000 2.500000 0.233159
v 3.500000 2.500000 0.153185
v 4.000000 2.500000 0.118307
v 4.500000 2.500000 0.119195
v 5.000000 2.500000 0.131146
v 5.500000 2.500000 0.122621
v 6.000000 2.500000 0.078310
v 6.500000 2.500000 0.017382
v 7.000000 2.500000 -0.020607
v 7.500000 2.500000 -0.009594
v 8.000000 2.500000 0.047623
v 8.500000 2.500000 0.132401
v 9.000000 2.500000 0.229025
v 9.500000 2.500000 0.329894
v 10.000000 2.500000 0.426940
v 10.500000 2.500000 0.503444
v 11.000000 2.500000 0.538661
v 11.500000 2.500000 0.520418
v 12.000000 2.500000 0.447994
v 12.500000 2.500000 0.323519
v 13.000000 2.500000 0.150767
v 13.500000 2.500000 -0.050859
v 14.000000 2.500000 -0.236130
v 14.500000 2.500000 -0.348191
v 15.000000 2.500000 -0.351533
v 15.500000 2.500000 -0.259996
v 16.000000 2.500000 -0.135095
v 16.500000 2.500000 -0.045975
v 17.000000 2.500000 -0.020055
v 17.500000 2.500000 -0.036871
v 18.000000 2.500000 -0.071393
v 18.500000 2.500000 -0.125579
v 19.000000 2.500000 -0.206967
v 19.500000 2.500000 -0.295969
v 20.000000 2.500000 -0.353875
v -20.000000 3.000000 0.412009
v -19.500000 3.000000 0.397830
v -19.000000 3.000000 0.378626
v -18.500000 3.000000 0.374946
v -18.000000 3.000000 0.401745
v -17.500000 3.000000 0.440736
v -17.000000 3.000000 0.449502
v -16.500000 3.000000 0.408672
v -16.000000 3.000000 0.345696
v -15.500000 3.000000 0.300491
v -15.000000 3.000000 0.277534
v -14.500000 3.000000 0.241901
v -14.000000 3.000000 0.158953
v -13.500000 3.000000 0.034860
v -13.000000 3.000000 -0.079804
v -12.500000 3.000000 -0.129000
v -12.000000 3.000000 -0.104031
v -11.500000 3.000000 -0.058659
v -11.000000 3.000000 -0.060409
v -10.500000 3.000000 -0.123941
v -10.000000 3.000000 -0.203399
v -9.500000 3.000000 -0.248199
v -9.000000 3.000000 -0.250081
v -8.500000 3.000000 -0.234127
v -8.000000 3.000000 -0.221272
v -7.500000 3.000000 -0.210993
v -7.000000 3.000000 -0.196426
v -6.500000 3.000000 -0.181821
v -6.000000 3.000000 -0.175533
v -5.500000 3.000000 -0.178260
v -5.000000 3.000000 -0.190222
v -4.500000 3.000000 -0.212289
v -4.000000 3.000000 -0.224028
v -3.500000 3.000000 -0.179904
v -3.000000 3.000000 -0.055335
v -2.500000 3.000000 0.108944
v -2.000000 3.000000 0.234288
v -1.500000 3.000000 0.281849
v -1.000000 3.000000 0.285353
v -0.500000 3.000000 0.303721
v 0.000000 3.000000 0.361593
v 0.500000 3.000000 0.440965
v 1.000000 3.000000 0.504514
v 1.500000 3.000000 0.516150
v 2.000000 3.000000 0.462486
v 2.500000 3.000000 0.366269
v 3.000000 3.000000 0.267910
v 3.500000 3.000000 0.194432
v 4.000000 3.000000 0.152561
v 4.500000 3.000000 0.137105
v 5.000000 3.000000 0.130340
v 5.500000 3.000000 0.103969
v 6.000000 3.000000 0.043668
v 6.500000 3.000000 -0.027208
v 7.000000 3.000000 -0.062764
v 7.500000 3.000000 -0.035800
v 8.000000 3.000000 0.043200
v 8.500000 3.000000 0.144066
v 9.000000 3.000000 0.243849
v 9.500000 3.000000 0.335284
v 10.000000 3.000000 0.414627
v 10.500000 3.000000 0.468117
v 11.000000 3.000000 0.475640
v 11.500000 3.000000 0.427120
v 12.000000 3.000000 0.328905
v 12.500000 3.000000 0.192895
v 13.000000 3.000000 0.028521
v 13.500000 3.000000 -0.148498
v 14.000000 3.000000 -0.303862
v 14.500000 3.000000 -0.390268
v 15.000000 3.000000 -0.373660
v 15.500000 3.000000 -0.264449
v 16.000000 3.000000 -0.123697
v 16.500000 3.000000 -0.025315
v 17.000000 3.000000 -0.003034
v 17.500000 3.000000 -0.040521
v 18.000000 3.000000 -0.111797
v 18.500000 3.000000 -0.210568
v 19.000000 3.000000 -0.332011
v 19.500000 3.000000 -0.447795
v 20.000000 3.000000 -0.517839
v -20.000000 3.500000 0.153003
v -19.500000 3.500000 0.148364
v -19.000000 3.500000 0.146783
v -18.500000 3.500000 0.165007
v -18.000000 3.500000 0.215400
v -17.500000 3.500000 0.283193
v -17.000000 3.500000 0.332610
v -16.500000 3.500000 0.345945
v -16.000000 3.500000 0.342270
v -15.500000 3.500000 0.344804
v -15.000000 3.500000 0.341323
v -14.500000 3.500000 0.291267
v -14.000000 3.500000 0.169571
v -13.500000 3.500000 -0.000609
v -13.000000 3.500000 -0.156049
v -12.500000 3.500000 -0.236757
v -12.000000 3.500000 -0.233906
v -11.500000 3.500000 -0.199223
v -11.000000 3.500000 -0.197082
v -10.500000 3.500000 -0.242329
v -10.000000 3.500000 -0.293625
v -9.500000 3.500000 -0.307559
v -9.000000 3.500000 -0.286579
v -8.500000 3.500000 -0.268324
v -8.000000 3.500000 -0.277380
v -7.500000 3.500000 -0.299304
v -7.000000 3.500000 -0.305479
v -6.500000 3.500000 -0.290249
v -6.000000 3.500000 -0.268879
v -5.500000 3.500000 -0.251132
v -5.000000 3.500000 -0.236313
v -4.500000 3.500000 -0.220987
v -4.000000 3.500000 -0.190848
v -3.500000 3.500000 -0.118706
v -3.000000 3.500000 0.003126
v -2.500000 3.500000 0.134892
v -2.000000 3.500000 0.219469
v -1.500000 3.500000 0.243524
v -1.000000 3.500000 0.249165
v -0.500000 3.500000 0.281419
v 0.000000 3.500000 0.343491
v 0.500000 3.500000 0.409044
v 1.000000 3.500000 0.453810
v 1.500000 3.500000 0.463789
v 2.000000 3.500000 0.436251
v 2.500000 3.500000 0.385513
v 3.000000 3.500000 0.333495
v 3.500000 3.500000 0.291192
v 4.000000 3.500000 0.258906
v 4.500000 3.500000 0.235246
v 5.000000 3.500000 0.211033
v 5.500000 3.500000 0.164540
v 6.000000 3.500000 0.084966
v 6.500000 3.500000 -0.000894
v 7.000000 3.500000 -0.043149
v 7.500000 3.500000 -0.013404
v 8.000000 3.500000 0.073304
v 8.500000 3.500000 0.177998
v 9.000000 3.500000 0.270045
v 9.500000 3.500000 0.340960
v 10.000000 3.500000 0.393140
v 10.500000 3.500000 0.421137
v 11.000000 3.500000 0.408135
v 11.500000 3.500000 0.341247
v 12.000000 3.500000 0.225832
v 12.500000 3.500000 0.081004
v 13.000000 3.500000 -0.074548
v 13.500000 3.500000 -0.225269
v 14.000000 3.500000 -0.347720
v 14.500000 3.500000 -0.406519
v 15.000000 3.500000 -0.372491
v 15.500000 3.500000 -0.254955
v 16.000000 3.500000 -0.112948
v 16.500000 3.500000 -0.020088
v 17.000000 3.500000 -0.011848
v 17.500000 3.500000 -0.074180
v 18.000000 3.500000 -0.179105
v 18.500000 3.500000 -0.310126
v 19.000000 3.500000 -0.449913
v 19.500000 3.500000 -0.567471
v 20.000000 3.500000 -0.632603
v -20.000000 4.000000 -0.030774
v -19.500000 4.000000 -0.026065
v -19.000000 4.000000 -0.008722
v -18.500000 4.000000 0.033656
v -18.000000 4.000000 0.105902
v -17.500000 4.000000 0.191981
v -17.000000 4.000000 0.264418
v -16.500000 4.000000 0.313830
v -16.000000 4.000000 0.354966
v -15.500000 4.000000 0.393115
v -15.000000 4.000000 0.398287
v -14.500000 4.000000 0.328443
v -14.000000 4.000000 0.174497
v -13.500000 4.000000 -0.022696
v -13.000000 4.000000 -0.195711
v -12.500000 4.000000 -0.292976
v -12.000000 4.000000 -0.312226
v -11.500000 4.000000 -0.298487
v -11.000000 4.000000 -0.301092
v -10.500000 4.000000 -0.327517
v -10.000000 4.000000 -0.345155
v -9.500000 4.000000 -0.328431
v -9.000000 4.000000 -0.294940
v -8.500000 4.000000 -0.287695
v -8.000000 4.000000 -0.324553
v -7.500000 4.000000 -0.375655
v -7.000000 4.000000 -0.398443
v -6.500000 4.000000 -0.383416
v -6.000000 4.000000 -0.349963
v -5.500000 4.000000 -0.310398
v -5.000000 4.000000 -0.261507
v -4.500000 4.000000 -0.200607
v -4.000000 4.000000 -0.126824
v -3.500000 4.000000 -0.035921
v -3.000000 4.000000 0.064791
v -2.500000 4.000000 0.145964
v -2.000000 4.000000 0.182758
v -1.500000 4.000000 0.188816
v -1.000000 4.000000 0.204409
v -0.500000 4.000000 0.249547
v 0.000000 4.000000 0.305347
v 0.500000 4.000000 0.345842
v 1.000000 4.000000 0.368187
v 1.500000 4.000000 0.382377
v 2.000000 4.000000 0.392510
v 2.500000 4.000000 0.399075
v 3.000000 4.000000 0.402911
v 3.500000 4.000000 0.400384
v 4.000000 4.000000 0.386931
v 4.500000 4.000000 0.363580
v 5.000000 4.000000 0.328060
v 5.500000 4.000000 0.266359
v 6.000000 4.000000 0.172012
v 6.500000 4.000000 0.071968
v 7.000000 4.000000 0.016098
v 7.500000 4.000000 0.035723
v 8.000000 4.000000 0.118639
v 8.500000 4.000000 0.222830
v 9.000000 4.000000 0.308395
v 9.500000 4.000000 0.359296
v 10.000000 4.000000 0.380712
v 10.500000 4.000000 0.378936
v 11.000000 4.000000 0.346841
v 11.500000 4.000000 0.271401
v 12.000000 4.000000 0.153472
v 12.500000 4.000000 0.012754
v 13.000000 4.000000 -0.128450
v 13.500000 4.000000 -0.256641
v 14.000000 4.000000 -0.356137
v 14.500000 4.000000 -0.397516
v 15.000000 4.000000 -0.353280
v 15.500000 4.000000 -0.233592
v 16.000000 4.000000 -0.098390
v 16.500000 4.000000 -0.019784
v 17.000000 4.000000 -0.029772
v 17.500000 4.000000 -0.111676
v 18.000000 4.000000 -0.234584
v 18.500000 4.000000 -0.375033
v 19.000000 4.000000 -0.508271
v 19.500000 4.000000 -0.606063
v 20.000000 4.000000 -0.653536
v -20.000000 4.500000 -0.085441
v -19.500000 4.500000 -0.073357
v -19.000000 4.500000 -0.039093
v -18.500000 4.500000 0.026867
v -18.000000 4.500000 0.119712
v -17.500000 4.500000 0.217195
v -17.000000 4.500000 0.297263
v -16.500000 4.500000 0.360478
v -16.000000 4.500000 0.421073
v -15.500000 4.500000 0.470262
v -15.000000 4.500000 0.465097
v -14.500000 4.500000 0.368137
v -14.000000 4.500000 0.190347
v -13.500000 4.500000 -0.012209
v -13.000000 4.500000 -0.177478
v -12.500000 4.500000 -0.273402
v -12.000000 4.500000 -0.309747
v -11.500000 4.500000 -0.322019
v -11.000000 4.500000 -0.337411
v -10.500000 4.500000 -0.351855
v -10.000000 4.500000 -0.343732
v -9.500000 4.500000 -0.309470
v -9.000000 4.500000 -0.279027
v -8.500000 4.500000 -0.289811
v -8.000000 4.500000 -0.345138
v -7.500000 4.500000 -0.406476
v -7.000000 4.500000 -0.434085
v -6.500000 4.500000 -0.424911
v -6.000000 4.500000 -0.397922
v -5.500000 4.500000 -0.356620
v -5.000000 4.500000 -0.288818
v -4.500000 4.500000 -0.193327
v -4.000000 4.500000 -0.085638
v -3.500000 4.500000 0.014815
v -3.000000 4.500000 0.088622
v -2.500000 4.500000 0.121872
v -2.000000 4.500000 0.124246
v -1.500000 4.500000 0.131329
v -1.000000 4.500000 0.171409
v -0.500000 4.500000 0.232228
v 0.000000 4.500000 0.274109
v 0.500000 4.500000 0.278593
v 1.000000 4.500000 0.269848
v 1.500000 4.500000 0.282216
v 2.000000 4.500000 0.323773
v 2.500000 4.500000 0.378916
v 3.000000 4.500000 0.428722
v 3.500000 4.500000 0.459958
v 4.000000 4.500000 0.467145
v 4.500000 4.500000 0.452300
v 5.000000 4.500000 0.416105
v 5.500000 4.500000 0.350787
v 6.000000 4.500000 0.253793
v 6.500000 4.500000 0.149041
v 7.000000 4.500000 0.082191
v 7.500000 4.500000 0.087527
v 8.000000 4.500000 0.161204
v 8.500000 4.500000 0.264673
v 9.000000 4.500000 0.350753
v 9.500000 4.500000 0.391867
v 10.000000 4.500000 0.389501
v 10.500000 4.500000 0.358286
v 11.000000 4.500000 0.303653
v 11.500000 4.500000 0.218980
v 12.000000 4.500000 0.103743
v 12.500000 4.500000 -0.026136
v 13.000000 4.500000 -0.152484
v 13.500000 4.500000 -0.267192
v 14.000000 4.500000 -0.358100
v 14.500000 4.500000 -0.393621
v 15.000000 4.500000 -0.342569
v 15.500000 4.500000 -0.216944
v 16.000000 4.500000 -0.082405
v 16.500000 4.500000 -0.012533
v 17.000000 4.500000 -0.034186
v 17.500000 4.500000 -0.124499
v 18.000000 4.500000 -0.249240
v 18.500000 4.500000 -0.382311
v 19.000000 4.500000 -0.496587
v 19.500000 4.500000 -0.568063
v 20.000000 4.500000 -0.595470
v -20.000000 5.000000 -0.023180
v -19.500000 5.000000 -0.011421
v -19.000000 5.000000 0.028361
v -18.500000 5.000000 0.108172
v -18.000000 5.000000 0.215964
v -17.500000 5.000000 0.320435
v -17.000000 5.000000 0.399277
v -16.500000 5.000000 0.459459
v -16.000000 5.000000 0.516642
v -15.500000 5.000000 0.555159
v -15.000000 5.000000 0.528153
v -14.500000 5.000000 0.408518
v -14.000000 5.000000 0.225835
v -13.500000 5.000000 0.043201
v -13.000000 5.000000 -0.092498
v -12.500000 5.000000 -0.173985
v -12.000000 5.000000 -0.222295
v -11.500000 5.000000 -0.260684
v -11.000000 5.000000 -0.293350
v -10.500000 5.000000 -0.305190
v -10.000000 5.000000 -0.285047
v -9.500000 5.000000 -0.248431
v -9.000000 5.000000 -0.231515
v -8.500000 5.000000 -0.258730
v -8.000000 5.000000 -0.317189
v -7.500000 5.000000 -0.369024
v -7.000000 5.000000 -0.392182
v -6.500000 5.000000 -0.398202
v -6.000000 5.000000 -0.401859
v -5.500000 5.000000 -0.388640
v -5.000000 5.000000 -0.330715
v -4.500000 5.000000 -0.225075
v -4.000000 5.000000 -0.100511
v -3.500000 5.000000 0.004045
v -3.000000 5.000000 0.060454
v -2.500000 5.000000 0.068515
v -2.000000 5.000000 0.063146
v -1.500000 5.000000 0.089679
v -1.000000 5.000000 0.158373
v -0.500000 5.000000 0.228518
v 0.000000 5.000000 0.248253
v 0.500000 5.000000 0.211975
v 1.000000 5.000000 0.169294
v 1.500000 5.000000 0.173612
v 2.000000 5.000000 0.233688
v 2.500000 5.000000 0.318693
v 3.000000 5.000000 0.394145
v 3.500000 5.000000 0.443532
v 4.000000 5.000000 0.465594
v 4.500000 5.000000 0.463134
v 5.000000 5.000000 0.435103
v 5.500000 5.000000 0.376029
v 6.000000 5.000000 0.286699
v 6.500000 5.000000 0.188711
v 7.000000 5.000000 0.122052
v 7.500000 5.000000 0.119837
v 8.000000 5.000000 0.183873
v 8.500000 5.000000 0.282724
v 9.000000 5.000000 0.370528
v 9.500000 5.000000 0.413158
v 10.000000 5.000000 0.403618
v 10.500000 5.000000 0.354595
v 11.000000 5.000000 0.278643
v 11.500000 5.000000 0.179235
v 12.000000 5.000000 0.060872
v 12.500000 5.000000 -0.062992
v 13.000000 5.000000 -0.181027
v 13.500000 5.000000 -0.291336
v 14.000000 5.000000 -0.382759
v 14.500000 5.000000 -0.418239
v 15.000000 5.000000 -0.360274
v 15.500000 5.000000 -0.221364
v 16.000000 5.000000 -0.074396
v 16.500000 5.000000 0.001236
v 17.000000 5.000000 -0.020305
v 17.500000 5.000000 -0.111179
v 18.000000 5.000000 -0.233208
v 18.500000 5.000000 -0.357831
v 19.000000 5.000000 -0.456229
v 19.500000 5.000000 -0.507198
v 20.000000 5.000000 -0.519137
v -20.000000 5.500000 0.089531
v -19.500000 5.500000 0.088994
v -19.000000 5.500000 0.116144
v -18.500000 5.500000 0.193333
v -18.000000 5.500000 0.306681
v -17.500000 5.500000 0.415715
v -17.000000 5.500000 0.492030
v -16.500000 5.500000 0.541949
v -16.000000 5.500000 0.581615
v -15.500000 5.500000 0.596737
v -15.000000 5.500000 0.548079
v -14.500000 5.500000 0.423135
v -14.000000 5.500000 0.262416
v -13.500000 5.500000 0.122971
v -13.000000 5.500000 0.029297
v -12.500000 5.500000 -0.032810
v -12.000000 5.500000 -0.088336
v -11.500000 5.500000 -0.147043
v -11.000000 5.500000 -0.196168
v -10.500000 5.500000 -0.213945
v -10.000000 5.500000 -0.195667
v -9.500000 5.500000 -0.167254
v -9.000000 5.500000 -0.165480
v -8.500000 5.500000 -0.202134
v -8.000000 5.500000 -0.252630
v -7.500000 5.500000 -0.285554
v -7.000000 5.500000 -0.300836
v -6.500000 5.500000 -0.325620
v -6.000000 5.500000 -0.369285
v -5.500000 5.500000 -0.398457
v -5.000000 5.500000 -0.369167
v -4.500000 5.500000 -0.273629
v -4.000000 5.500000 -0.147310
v -3.500000 5.500000 -0.040682
v -3.000000 5.500000 0.013219
v -2.500000 5.500000 0.021527
v -2.000000 5.500000 0.028430
v -1.500000 5.500000 0.075212
v -1.000000 5.500000 0.155313
v -0.500000 5.500000 0.214988
v 0.000000 5.500000 0.205889
v 0.500000 5.500000 0.138446
v 1.000000 5.500000 0.077512
v 1.500000 5.500000 0.081995
v 2.000000 5.500000 0.154968
v 2.500000 5.500000 0.253099
v 3.000000 5.500000 0.332936
v 3.500000 5.500000 0.380922
v 4.000000 5.500000 0.404663
v 4.500000 5.500000 0.409123
v 5.000000 5.500000 0.388255
v 5.500000 5.500000 0.334120
v 6.000000 5.500000 0.250751
v 6.500000 5.500000 0.162771
v 7.000000 5.500000 0.107393
v 7.500000 5.500000 0.110384
v 8.000000 5.500000 0.169268
v 8.500000 5.500000 0.258260
v 9.000000 5.500000 0.343035
v 9.500000 5.500000 0.393801
v 10.000000 5.500000 0.394793
v 10.500000 5.500000 0.346368
v 11.000000 5.500000 0.258562
v 11.500000 5.500000 0.143741
v 12.000000 5.500000 0.016526
v 12.500000 5.500000 -0.107426
v 13.000000 5.500000 -0.221786
v 13.500000 5.500000 -0.330412
v 14.000000 5.500000 -0.424102
v 14.500000 5.500000 -0.462853
v 15.000000 5.500000 -0.403202
v 15.500000 5.500000 -0.253449
v 16.000000 5.500000 -0.088545
v 16.500000 5.500000 0.004750
v 17.000000 5.500000 -0.006370
v 17.500000 5.500000 -0.095753
v 18.000000 5.500000 -0.220899
v 18.500000 5.500000 -0.345765
v 19.000000 5.500000 -0.435979
v 19.500000 5.500000 -0.472083
v 20.000000 5.500000 -0.471732
v -20.000000 6.000000 0.181532
v -19.500000 6.000000 0.158384
v -19.000000 6.000000 0.156909
v -18.500000 6.000000 0.216166
v -18.000000 6.000000 0.325776
v -17.500000 6.000000 0.438082
v -17.000000 6.000000 0.514827
v -16.500000 6.000000 0.554310
v -16.000000 6.000000 0.570371
v -15.500000 6.000000 0.557190
v -15.000000 6.000000 0.493597
v -14.500000 6.000000 0.382860
v -14.000000 6.000000 0.265172
v -13.500000 6.000000 0.179401
v -13.000000 6.000000 0.127362
v -12.500000 6.000000 0.084020
v -12.000000 6.000000 0.029021
v -11.500000 6.000000 -0.037469
v -11.000000 6.000000 -0.097082
v -10.500000 6.000000 -0.126960
v -10.000000 6.000000 -0.122202
v -9.500000 6.000000 -0.107969
v -9.000000 6.000000 -0.117740
v -8.500000 6.000000 -0.156532
v -8.000000 6.000000 -0.195707
v -7.500000 6.000000 -0.210992
v -7.000000 6.000000 -0.217712
v -6.500000 6.000000 -0.252488
v -6.000000 6.000000 -0.320772
v -5.500000 6.000000 -0.378564
v -5.000000 6.000000 -0.373418
v -4.500000 6.000000 -0.293454
v -4.000000 6.000000 -0.174004
v -3.500000 6.000000 -0.067702
v -3.000000 6.000000 -0.008403
v -2.500000 6.000000 0.011320
v -2.000000 6.000000 0.030723
v -1.500000 6.000000 0.079017
v -1.000000 6.000000 0.140529
v -0.500000 6.000000 0.166972
v 0.000000 6.000000 0.128166
v 0.500000 6.000000 0.050467
v 1.000000 6.000000 0.000170
v 1.500000 6.000000 0.025373
v 2.000000 6.000000 0.116157
v 2.500000 6.000000 0.220283
v 3.000000 6.000000 0.292255
v 3.500000 6.000000 0.325166
v 4.000000 6.000000 0.337102
v 4.500000 6.000000 0.337000
v 5.000000 6.000000 0.313432
v 5.500000 6.000000 0.253048
v 6.000000 6.000000 0.163675
v 6.500000 6.000000 0.079499
v 7.000000 6.000000 0.039861
v 7.500000 6.000000 0.059243
v 8.000000 6.000000 0.121848
v 8.500000 6.000000 0.202984
v 9.000000 6.000000 0.283508
v 9.500000 6.000000 0.344570
v 10.000000 6.000000 0.364232
v 10.500000 6.000000 0.327369
v 11.000000 6.000000 0.236116
v 11.500000 6.000000 0.108920
v 12.000000 6.000000 -0.027665
v 12.500000 6.000000 -0.151791
v 13.000000 6.000000 -0.259779
v 13.500000 6.000000 -0.362072
v 14.000000 6.000000 -0.455146
v 14.500000 6.000000 -0.501122
v 15.000000 6.000000 -0.452259
v 15.500000 6.000000 -0.306579
v 16.000000 6.000000 -0.131031
v 16.500000 6.000000 -0.015967
v 17.000000 6.000000 -0.008150
v 17.500000 6.000000 -0.093082
v 18.000000 6.000000 -0.226281
v 18.500000 6.000000 -0.358629
v 19.000000 6.000000 -0.445057
v 19.500000 6.000000 -0.467747
v 20.000000 6.000000 -0.455465
v -20.000000 6.500000 0.221905
v -19.500000 6.500000 0.173671
v -19.000000 6.500000 0.137696
v -18.500000 6.500000 0.170214
v -18.000000 6.500000 0.267680
v -17.500000 6.500000 0.379417
v -17.000000 6.500000 0.457843
v -16.500000 6.500000 0.489294
v -16.000000 6.500000 0.482397
v -15.500000 6.500000 0.442575
v -15.000000 6.500000 0.370845
v -14.500000 6.500000 0.283341
v -14.000000 6.500000 0.210835
v -13.500000 6.500000 0.170093
v -13.000000 6.500000 0.148551
v -12.500000 6.500000 0.123148
v -12.000000 6.500000 0.081890
v -11.500000 6.500000 0.025661
v -11.000000 6.500000 -0.034291
v -10.500000 6.500000 -0.078285
v -10.000000 6.500000 -0.094549
v -9.500000 6.500000 -0.097669
v -9.000000 6.500000 -0.114767
v -8.500000 6.500000 -0.150141
v -8.000000 6.500000 -0.178580
v -7.500000 6.500000 -0.181755
v -7.000000 6.500000 -0.180033
v -6.500000 6.500000 -0.210803
v -6.000000 6.500000 -0.277920
v -5.500000 6.500000 -0.337669
v -5.000000 6.500000 -0.339083
v -4.500000 6.500000 -0.268991
v -4.000000 6.500000 -0.158250
v -3.500000 6.500000 -0.054710
v -3.000000 6.500000 0.009545
v -2.500000 6.500000 0.037004
v -2.000000 6.500000 0.054687
v -1.500000 6.500000 0.079859
v -1.000000 6.500000 0.097175
v -0.500000 6.500000 0.075644
v 0.000000 6.500000 0.009633
v 0.500000 6.500000 -0.060927
v 1.000000 6.500000 -0.077478
v 1.500000 6.500000 -0.012637
v 2.000000 6.500000 0.106770
v 2.500000 6.500000 0.222867
v 3.000000 6.500000 0.292067
v 3.500000 6.500000 0.312900
v 4.000000 6.500000 0.310617
v 4.500000 6.500000 0.298237
v 5.000000 6.500000 0.261230
v 5.500000 6.500000 0.182245
v 6.000000 6.500000 0.075237
v 6.500000 6.500000 -0.011995
v 7.000000 6.500000 -0.035749
v 7.500000 6.500000 0.006086
v 8.000000 6.500000 0.081916
v 8.500000 6.500000 0.164663
v 9.000000 6.500000 0.245827
v 9.500000 6.500000 0.315299
v 10.000000 6.500000 0.348115
v 10.500000 6.500000 0.319233
v 11.000000 6.500000 0.224816
v 11.500000 6.500000 0.086741
v 12.000000 6.500000 -0.058862
v 12.500000 6.500000 -0.182816
v 13.000000 6.500000 -0.281925
v 13.500000 6.500000 -0.373398
v 14.000000 6.500000 -0.462342
v 14.500000 6.500000 -0.517418
v 15.000000 6.500000 -0.489591
v 15.500000 6.500000 -0.363921
v 16.000000 6.500000 -0.190559
v 16.500000 6.500000 -0.055717
v 17.000000 6.500000 -0.021348
v 17.500000 6.500000 -0.092979
v 18.000000 6.500000 -0.230358
v 18.500000 6.500000 -0.371404
v 19.000000 6.500000 -0.458501
v 19.500000 6.500000 -0.474064
v 20.000000 6.500000 -0.454912
v -20.000000 7.000000 0.226511
v -19.500000 7.000000 0.160905
v -19.000000 7.000000 0.096800
v -18.500000 7.000000 0.100349
v -18.000000 7.000000 0.176372
v -17.500000 7.000000 0.278144
v -17.000000 7.000000 0.354226
v -16.500000 7.000000 0.379677
v -16.000000 7.000000 0.355266
v -15.500000 7.000000 0.294135
v -15.000000 7.000000 0.215367
v -14.500000 7.000000 0.143222
v -14.000000 7.000000 0.097465
v -13.500000 7.000000 0.079200
v -13.000000 7.000000 0.073762
v -12.500000 7.000000 0.068372
v -12.000000 7.000000 0.056524
v -11.500000 7.000000 0.029079
v -11.000000 7.000000 -0.019175
v -10.500000 7.000000 -0.073874
v -10.000000 7.000000 -0.112313
v -9.500000 7.000000 -0.132516
v -9.000000 7.000000 -0.152292
v -8.500000 7.000000 -0.178150
v -8.000000 7.000000 -0.193990
v -7.500000 7.000000 -0.188302
v -7.000000 7.000000 -0.180266
v -6.500000 7.000000 -0.201906
v -6.000000 7.000000 -0.256047
v -5.500000 7.000000 -0.304270
v -5.000000 7.000000 -0.300951
v -4.500000 7.000000 -0.232847
v -4.000000 7.000000 -0.125900
v -3.500000 7.000000 -0.022432
v -3.000000 7.000000 0.046173
v -2.500000 7.000000 0.074700
v -2.000000 7.000000 0.077862
v -1.500000 7.000000 0.066077
v -1.000000 7.000000 0.030231
v -0.500000 7.000000 -0.041902
v 0.000000 7.000000 -0.133861
v 0.500000 7.000000 -0.194517
v 1.000000 7.000000 -0.173495
v 1.500000 7.000000 -0.063328
v 2.000000 7.000000 0.093870
v 2.500000 7.000000 0.236689
v 3.000000 7.000000 0.323052
v 3.500000 7.000000 0.351033
v 4.000000 7.000000 0.345162
v 4.500000 7.000000 0.319742
v 5.000000 7.000000 0.261189
v 5.500000 7.000000 0.154929
v 6.000000 7.000000 0.025889
v 6.500000 7.000000 -0.064293
v 7.000000 7.000000 -0.070432
v 7.500000 7.000000 -0.003664
v 8.000000 7.000000 0.090869
v 8.500000 7.000000 0.182828
v 9.000000 7.000000 0.267237
v 9.500000 7.000000 0.337216
v 10.000000 7.000000 0.369283
v 10.500000 7.000000 0.339206
v 11.000000 7.000000 0.242406
v 11.500000 7.000000 0.099253
v 12.000000 7.000000 -0.052818
v 12.500000 7.000000 -0.180302
v 13.000000 7.000000 -0.277359
v 13.500000 7.000000 -0.363535
v 14.000000 7.000000 -0.450434
v 14.500000 7.000000 -0.514355
v 15.000000 7.000000 -0.509002
v 15.500000 7.000000 -0.410314
v 16.000000 7.000000 -0.250076
v 16.500000 7.000000 -0.103010
v 17.000000 7.000000 -0.040178
v 17.500000 7.000000 -0.088465
v 18.000000 7.000000 -0.219097
v 18.500000 7.000000 -0.364924
v 19.000000 7.000000 -0.460063
v 19.500000 7.000000 -0.484093
v 20.000000 7.000000 -0.471138
v -20.000000 7.500000 0.227390
v -19.500000 7.500000 0.157971
v -19.000000 7.500000 0.078835
v -18.500000 7.500000 0.054639
v -18.000000 7.500000 0.099868
v -17.500000 7.500000 0.180449
v -17.000000 7.500000 0.248470
v -16.500000 7.500000 0.270162
v -16.000000 7.500000 0.235222
v -15.500000 7.500000 0.156514
v -15.000000 7.500000 0.062904
v -14.500000 7.500000 -0.015265
v -14.000000 7.500000 -0.062039
v -13.500000 7.500000 -0.080036
v -13.000000 7.500000 -0.078032
v -12.500000 7.500000 -0.059444
v -12.000000 7.500000 -0.032135
v -11.500000 7.500000 -0.021344
v -11.000000 7.500000 -0.050700
v -10.500000 7.500000 -0.110649
v -10.000000 7.500000 -0.166791
v -9.500000 7.500000 -0.199263
v -9.000000 7.500000 -0.214770
v -8.500000 7.500000 -0.222326
v -8.000000 7.500000 -0.218323
v -7.500000 7.500000 -0.201354
v -7.000000 7.500000 -0.189729
v -6.500000 7.500000 -0.208749
v -6.000000 7.500000 -0.258528
v -5.500000 7.500000 -0.302995
v -5.000000 7.500000 -0.298168
v -4.500000 7.500000 -0.229250
v -4.000000 7.500000 -0.119390
v -3.500000 7.500000 -0.009564
v -3.000000 7.500000 0.066036
v -2.500000 7.500000 0.094681
v -2.000000 7.500000 0.083476
v -1.500000 7.500000 0.041136
v -1.000000 7.500000 -0.035448
v -0.500000 7.500000 -0.146266
v 0.000000 7.500000 -0.260492
v 0.500000 7.500000 -0.318278
v 1.000000 7.500000 -0.272555
v 1.500000 7.500000 -0.127516
v 2.000000 7.500000 0.065543
v 2.500000 7.500000 0.243475
v 3.000000 7.500000 0.363353
v 3.500000 7.500000 0.416053
v 4.000000 7.500000 0.416658
v 4.500000 7.500000 0.376857
v 5.000000 7.500000 0.289388
v 5.500000 7.500000 0.152147
v 6.000000 7.500000 0.005141
v 6.500000 7.500000 -0.080902
v 7.000000 7.500000 -0.065926
v 7.500000 7.500000 0.025117
v 8.000000 7.500000 0.137628
v 8.500000 7.500000 0.238891
v 9.000000 7.500000 0.322607
v 9.500000 7.500000 0.381991
v 10.000000 7.500000 0.400841
v 10.500000 7.500000 0.366607
v 11.000000 7.500000 0.278712
v 11.500000 7.500000 0.149172
v 12.000000 7.500000 0.004191
v 12.500000 7.500000 -0.126185
v 13.000000 7.500000 -0.231924
v 13.500000 7.500000 -0.327404
v 14.000000 7.500000 -0.422879
v 14.500000 7.500000 -0.498171
v 15.000000 7.500000 -0.512222
v 15.500000 7.500000 -0.440140
v 16.000000 7.500000 -0.301932
v 16.500000 7.500000 -0.157828
v 17.000000 7.500000 -0.077268
v 17.500000 7.500000 -0.100769
v 18.000000 7.500000 -0.214311
v 18.500000 7.500000 -0.356943
v 19.000000 7.500000 -0.463376
v 19.500000 7.500000 -0.508704
v 20.000000 7.500000 -0.513475
v -20.000000 8.000000 0.233478
v -19.500000 8.000000 0.172159
v -19.000000 8.000000 0.090331
v -18.500000 8.000000 0.041877
v -18.000000 8.000000 0.052100
v -17.500000 8.000000 0.106368
v -17.000000 8.000000 0.165726
v -16.500000 8.000000 0.189154
v -16.000000 8.000000 0.151553
v -15.500000 8.000000 0.056656
v -15.000000 8.000000 -0.064200
v -14.500000 8.000000 -0.171584
v -14.000000 8.000000 -0.240721
v -13.500000 8.000000 -0.267399
v -13.000000 8.000000 -0.255781
v -12.500000 8.000000 -0.209769
v -12.000000 8.000000 -0.145786
v -11.500000 8.000000 -0.103546
v -11.000000 8.000000 -0.118688
v -10.500000 8.000000 -0.182823
v -10.000000 8.000000 -0.251316
v -9.500000 8.000000 -0.289380
v -9.000000 8.000000 -0.293540
v -8.500000 8.000000 -0.274797
v -8.000000 8.000000 -0.242436
v -7.500000 8.000000 -0.207411
v -7.000000 8.000000 -0.190489
v -6.500000 8.000000 -0.212765
v -6.000000 8.000000 -0.270860
v -5.500000 8.000000 -0.326719
v -5.000000 8.000000 -0.333113
v -4.500000 8.000000 -0.271095
v -4.000000 8.000000 -0.161284
v -3.500000 8.000000 -0.045507
v -3.000000 8.000000 0.037994
v -2.500000 8.000000 0.071778
v -2.000000 8.000000 0.060235
v -1.500000 8.000000 0.011392
v -1.000000 8.000000 -0.077143
v -0.500000 8.000000 -0.201781
v 0.000000 8.000000 -0.325265
v 0.500000 8.000000 -0.382630
v 1.000000 8.000000 -0.326979
v 1.500000 8.000000 -0.166514
v 2.000000 8.000000 0.044786
v 2.500000 8.000000 0.244542
v 3.000000 8.000000 0.389048
v 3.500000 8.000000 0.460457
v 4.000000 8.000000 0.461104
v 4.500000 8.000000 0.398869
v 5.000000 8.000000 0.278063
v 5.500000 8.000000 0.115617
v 6.000000 8.000000 -0.035890
v 6.500000 8.000000 -0.107697
v 7.000000 8.000000 -0.072162
v 7.500000 8.000000 0.035210
v 8.000000 8.000000 0.157923
v 8.500000 8.000000 0.264128
v 9.000000 8.000000 0.344125
v 9.500000 8.000000 0.388930
v 10.000000 8.000000 0.391477
v 10.500000 8.000000 0.356283
v 11.000000 8.000000 0.291048
v 11.500000 8.000000 0.198028
v 12.000000 8.000000 0.084531
v 12.500000 8.000000 -0.032307
v 13.000000 8.000000 -0.143243
v 13.500000 8.000000 -0.255090
v 14.000000 8.000000 -0.369210
v 14.500000 8.000000 -0.461422
v 15.000000 8.000000 -0.494150
v 15.500000 8.000000 -0.448291
v 16.000000 8.000000 -0.341804
v 16.500000 8.000000 -0.222514
v 17.000000 8.000000 -0.148008
v 17.500000 8.000000 -0.159001
v 18.000000 8.000000 -0.252798
v 18.500000 8.000000 -0.382303
v 19.000000 8.000000 -0.491341
v 19.500000 8.000000 -0.553060
v 20.000000 8.000000 -0.573434
v -20.000000 8.500000 0.216711
v -19.500000 8.500000 0.171492
v -19.000000 8.500000 0.098725
v -18.500000 8.500000 0.036536
v -18.000000 8.500000 0.018657
v -17.500000 8.500000 0.050857
v -17.000000 8.500000 0.106376
v -16.500000 8.500000 0.139875
v -16.000000 8.500000 0.109661
v -15.500000 8.500000 0.002958
v -15.000000 8.500000 -0.151670
v -14.500000 8.500000 -0.300384
v -14.000000 8.500000 -0.397547
v -13.500000 8.500000 -0.427027
v -13.000000 8.500000 -0.396635
v -12.500000 8.500000 -0.323504
v -12.000000 8.500000 -0.236588
v -11.500000 8.500000 -0.182233
v -11.000000 8.500000 -0.196937
v -10.500000 8.500000 -0.268683
v -10.000000 8.500000 -0.345856
v -9.500000 8.500000 -0.384818
v -9.000000 8.500000 -0.375437
v -8.500000 8.500000 -0.330132
v -8.000000 8.500000 -0.268061
v -7.500000 8.500000 -0.210333
v -7.000000 8.500000 -0.181360
v -6.500000 8.500000 -0.201961
v -6.000000 8.500000 -0.268876
v -5.500000 8.500000 -0.343757
v -5.000000 8.500000 -0.375987
v -4.500000 8.500000 -0.339707
v -4.000000 8.500000 -0.247777
v -3.500000 8.500000 -0.137808
v -3.000000 8.500000 -0.048632
v -2.500000 8.500000 -0.000113
v -2.000000 8.500000 0.008972
v -1.500000 8.500000 -0.018805
v -1.000000 8.500000 -0.091235
v -0.500000 8.500000 -0.204999
v 0.000000 8.500000 -0.319035
v 0.500000 8.500000 -0.366690
v 1.000000 8.500000 -0.303890
v 1.500000 8.500000 -0.142751
v 2.000000 8.500000 0.061824
v 2.500000 8.500000 0.250609
v 3.000000 8.500000 0.383812
v 3.500000 8.500000 0.442078
v 4.000000 8.500000 0.421039
v 4.500000 8.500000 0.327795
v 5.000000 8.500000 0.179855
v 5.500000 8.500000 0.011173
v 6.000000 8.500000 -0.123643
v 6.500000 8.500000 -0.172174
v 7.000000 8.500000 -0.124539
v 7.500000 8.500000 -0.018940
v 8.000000 8.500000 0.098268
v 8.500000 8.500000 0.203149
v 9.000000 8.500000 0.283026
v 9.500000 8.500000 0.322232
v 10.000000 8.500000 0.315871
v 10.500000 8.500000 0.281093
v 11.000000 8.500000 0.237308
v 11.500000 8.500000 0.186803
v 12.000000 8.500000 0.124679
v 12.500000 8.500000 0.051122
v 13.000000 8.500000 -0.036873
v 13.500000 8.500000 -0.147696
v 14.000000 8.500000 -0.274970
v 14.500000 8.500000 -0.385349
v 15.000000 8.500000 -0.438857
v 15.500000 8.500000 -0.421658
v 16.000000 8.500000 -0.355856
v 16.500000 8.500000 -0.282288
v 17.000000 8.500000 -0.241884
v 17.500000 8.500000 -0.262699
v 18.000000 8.500000 -0.344244
v 18.500000 8.500000 -0.453024
v 19.000000 8.500000 -0.546113
v 19.500000 8.500000 -0.601224
v 20.000000 8.500000 -0.620562
v -20.000000 9.000000 0.135771
v -19.500000 9.000000 0.113788
v -19.000000 9.000000 0.066424
v -18.500000 9.000000 0.013258
v -18.000000 9.000000 -0.012241
v -17.500000 9.000000 0.009599
v -17.000000 9.000000 0.066323
v -16.500000 9.000000 0.115564
v -16.000000 9.000000 0.102577
v -15.500000 9.000000 -0.005452
v -15.000000 9.000000 -0.187080
v -14.500000 9.000000 -0.372480
v -14.000000 9.000000 -0.490574
v -13.500000 9.000000 -0.514163
v -13.000000 9.000000 -0.462528
v -12.500000 9.000000 -0.372742
v -12.000000 9.000000 -0.283905
v -11.500000 9.000000 -0.238490
v -11.000000 9.000000 -0.263945
v -10.500000 9.000000 -0.342835
v -10.000000 9.000000 -0.422429
v -9.500000 9.000000 -0.457955
v -9.000000 9.000000 -0.437228
v -8.500000 9.000000 -0.373652
v -8.000000 9.000000 -0.291238
v -7.500000 9.000000 -0.214737
v -7.000000 9.000000 -0.168867
v -6.500000 9.000000 -0.176529
v -6.000000 9.000000 -0.241577
v -5.500000 9.000000 -0.333410
v -5.000000 9.000000 -0.402404
v -4.500000 9.000000 -0.412822
v -4.000000 9.000000 -0.360603
v -3.500000 9.000000 -0.269398
v -3.000000 9.000000 -0.173626
v -2.500000 9.000000 -0.097478
v -2.000000 9.000000 -0.050337
v -1.500000 9.000000 -0.042661
v -1.000000 9.000000 -0.089347
v -0.500000 9.000000 -0.183209
v 0.000000 9.000000 -0.275550
v 0.500000 9.000000 -0.299763
v 1.000000 9.000000 -0.221018
v 1.500000 9.000000 -0.061814
v 2.000000 9.000000 0.118829
v 2.500000 9.000000 0.265899
v 3.000000 9.000000 0.349980
v 3.500000 9.000000 0.361939
v 4.000000 9.000000 0.302386
v 4.500000 9.000000 0.182141
v 5.000000 9.000000 0.027376
v 5.500000 9.000000 -0.121376
v 6.000000 9.000000 -0.219985
v 6.500000 9.000000 -0.241901
v 7.000000 9.000000 -0.196030
v 7.500000 9.000000 -0.115421
v 8.000000 9.000000 -0.025232
v 8.500000 9.000000 0.067155
v 9.000000 9.000000 0.149733
v 9.500000 9.000000 0.196352
v 10.000000 9.000000 0.192428
v 10.500000 9.000000 0.155024
v 11.000000 9.000000 0.114303
v 11.500000 9.000000 0.087379
v 12.000000 9.000000 0.075843
v 12.500000 9.000000 0.069316
v 13.000000 9.000000 0.042786
v 13.500000 9.000000 -0.030102
v 14.000000 9.000000 -0.147011
v 14.500000 9.000000 -0.267196
v 15.000000 9.000000 -0.341372
v 15.500000 9.000000 -0.353207
v 16.000000 9.000000 -0.329076
v 16.500000 9.000000 -0.309852
v 17.000000 9.000000 -0.322809
v 17.500000 9.000000 -0.375982
v 18.000000 9.000000 -0.459075
v 18.500000 9.000000 -0.543979
v 19.000000 9.000000 -0.600385
v 19.500000 9.000000 -0.619226
v 20.000000 9.000000 -0.615479
v -20.000000 9.500000 -0.022660
v -19.500000 9.500000 -0.015753
v -19.000000 9.500000 -0.020287
v -18.500000 9.500000 -0.035480
v -18.000000 9.500000 -0.039560
v -17.500000 9.500000 -0.010946
v -17.000000 9.500000 0.050992
v -16.500000 9.500000 0.115687
v -16.000000 9.500000 0.125121
v -15.500000 9.500000 0.030008
v -15.000000 9.500000 -0.158716
v -14.500000 9.500000 -0.362367
v -14.000000 9.500000 -0.491809
v -13.500000 9.500000 -0.513605
v -13.000000 9.500000 -0.458638
v -12.500000 9.500000 -0.378686
v -12.000000 9.500000 -0.313801
v -11.500000 9.500000 -0.293228
v -11.000000 9.500000 -0.330904
v -10.500000 9.500000 -0.407155
v -10.000000 9.500000 -0.476094
v -9.500000 9.500000 -0.499230
v -9.000000 9.500000 -0.466486
v -8.500000 9.500000 -0.392733
v -8.000000 9.500000 -0.303259
v -7.500000 9.500000 -0.219723
v -7.000000 9.500000 -0.160848
v -6.500000 9.500000 -0.149989
v -6.000000 9.500000 -0.202835
v -5.500000 9.500000 -0.304505
v -5.000000 9.500000 -0.411322
v -4.500000 9.500000 -0.476028
v -4.000000 9.500000 -0.471368
v -3.500000 9.500000 -0.400919
v -3.000000 9.500000 -0.293147
v -2.500000 9.500000 -0.181613
v -2.000000 9.500000 -0.094156
v -1.500000 9.500000 -0.057114
v -1.000000 9.500000 -0.087425
v -0.500000 9.500000 -0.166742
v 0.000000 9.500000 -0.235792
v 0.500000 9.500000 -0.230476
v 1.000000 9.500000 -0.130147
v 1.500000 9.500000 0.028417
v 2.000000 9.500000 0.180996
v 2.500000 9.500000 0.277959
v 3.000000 9.500000 0.303359
v 3.500000 9.500000 0.264591
v 4.000000 9.500000 0.174720
v 4.500000 9.500000 0.049591
v 5.000000 9.500000 -0.084889
v 5.500000 9.500000 -0.194313
v 6.000000 9.500000 -0.251485
v 6.500000 9.500000 -0.253765
v 7.000000 9.500000 -0.223950
v 7.500000 9.500000 -0.186547
v 8.000000 9.500000 -0.142885
v 8.500000 9.500000 -0.079327
v 9.000000 9.500000 -0.001330
v 9.500000 9.500000 0.056500
v 10.000000 9.500000 0.062809
v 10.500000 9.500000 0.021368
v 11.000000 9.500000 -0.034572
v 11.500000 9.500000 -0.066437
v 12.000000 9.500000 -0.049324
v 12.500000 9.500000 0.009639
v 13.000000 9.500000 0.064341
v 13.500000 9.500000 0.059140
v 14.000000 9.500000 -0.022098
v 14.500000 9.500000 -0.138396
v 15.000000 9.500000 -0.227057
v 15.500000 9.500000 -0.260100
v 16.000000 9.500000 -0.265099
v 16.500000 9.500000 -0.290011
v 17.000000 9.500000 -0.357354
v 17.500000 9.500000 -0.454755
v 18.000000 9.500000 -0.551055
v 18.500000 9.500000 -0.611103
v 19.000000 9.500000 -0.613661
v 19.500000 9.500000 -0.571188
v 20.000000 9.500000 -0.526189
v -20.000000 10.000000 -0.223011
v -19.500000 10.000000 -0.188968
v -19.000000 10.000000 -0.145441
v -18.500000 10.000000 -0.105289
v -18.000000 10.000000 -0.064577
v -17.500000 10.000000 -0.011530
v -17.000000 10.000000 0.060973
v -16.500000 10.000000 0.138211
v -16.000000 10.000000 0.170970
v -15.500000 10.000000 0.103923
v -15.000000 10.000000 -0.064329
v -14.500000 10.000000 -0.261473
v -14.000000 10.000000 -0.397335
v -13.500000 10.000000 -0.437310
v -13.000000 10.000000 -0.414395
v -12.500000 10.000000 -0.379963
v -12.000000 10.000000 -0.363804
v -11.500000 10.000000 -0.377591
v -11.000000 10.000000 -0.423187
v -10.500000 10.000000 -0.484025
v -10.000000 10.000000 -0.527287
v -9.500000 10.000000 -0.525211
v -9.000000 10.000000 -0.472652
v -8.500000 10.000000 -0.388210
v -8.000000 10.000000 -0.299051
v -7.500000 10.000000 -0.220958
v -7.000000 10.000000 -0.161024
v -6.500000 10.000000 -0.137521
v -6.000000 10.000000 -0.175818
v -5.500000 10.000000 -0.278215
v -5.000000 10.000000 -0.409384
v -4.500000 10.000000 -0.512747
v -4.000000 10.000000 -0.541046
v -3.500000 10.000000 -0.481921
v -3.000000 10.000000 -0.361608
v -2.500000 10.000000 -0.225153
v -2.000000 10.000000 -0.116720
v -1.500000 10.000000 -0.070436
v -1.000000 10.000000 -0.096450
v -0.500000 10.000000 -0.164269
v 0.000000 10.000000 -0.211166
v 0.500000 10.000000 -0.182188
v 1.000000 10.000000 -0.070644
v 1.500000 10.000000 0.078434
v 2.000000 10.000000 0.202903
v 2.500000 10.000000 0.262521
v 3.000000 10.000000 0.253292
v 3.500000 10.000000 0.194628
v 4.000000 10.000000 0.108171
v 4.500000 10.000000 0.009773
v 5.000000 10.000000 -0.084062
v 5.500000 10.000000 -0.152827
v 6.000000 10.000000 -0.183225
v 6.500000 10.000000 -0.183972
v 7.000000 10.000000 -0.181898
v 7.500000 10.000000 -0.193659
v 8.000000 10.000000 -0.203397
v 8.500000 10.000000 -0.179620
v 9.000000 10.000000 -0.117242
v 9.500000 10.000000 -0.052734
v 10.000000 10.000000 -0.032461
v 10.500000 10.000000 -0.072099
v 11.000000 10.000000 -0.145424
v 11.500000 10.000000 -0.198639
v 12.000000 10.000000 -0.179967
v 12.500000 10.000000 -0.081394
v 13.000000 10.000000 0.040902
v 13.500000 10.000000 0.103697
v 14.000000 10.000000 0.065834
v 14.500000 10.000000 -0.037960
v 15.000000 10.000000 -0.132182
v 15.500000 10.000000 -0.173301
v 16.000000 10.000000 -0.187577
v 16.500000 10.000000 -0.233968
v 17.000000 10.000000 -0.339191
v 17.500000 10.000000 -0.475878
v 18.000000 10.000000 -0.587447
v 18.500000 10.000000 -0.622104
v 19.000000 10.000000 -0.563219
v 19.500000 10.000000 -0.448532
v 20.000000 10.000000 -0.354760
v -20.000000 10.500000 -0.401755
v -19.500000 10.500000 -0.350825
v -19.000000 10.500000 -0.272002
v -18.500000 10.500000 -0.182982
v -18.000000 10.500000 -0.094590
v -17.500000 10.500000 -0.009483
v -17.000000 10.500000 0.077669
v -16.500000 10.500000 0.164861
v -16.000000 10.500000 0.219571
v -15.500000 10.500000 0.192114
v -15.000000 10.500000 0.068915
v -14.500000 10.500000 -0.099795
v -14.000000 10.500000 -0.240219
v -13.500000 10.500000 -0.318762
v -13.000000 10.500000 -0.356889
v -12.500000 10.500000 -0.390297
v -12.000000 10.500000 -0.433094
v -11.500000 10.500000 -0.482633
v -11.000000 10.500000 -0.533454
v -10.500000 10.500000 -0.574356
v -10.000000 10.500000 -0.585597
v -9.500000 10.500000 -0.549805
v -9.000000 10.500000 -0.468080
v -8.500000 10.500000 -0.366152
v -8.000000 10.500000 -0.276728
v -7.500000 10.500000 -0.211282
v -7.000000 10.500000 -0.163098
v -6.500000 10.500000 -0.139306
v -6.000000 10.500000 -0.167354
v -5.500000 10.500000 -0.261133
v -5.000000 10.500000 -0.392842
v -4.500000 10.500000 -0.502464
v -4.000000 10.500000 -0.534880
v -3.500000 10.500000 -0.474994
v -3.000000 10.500000 -0.353259
v -2.500000 10.500000 -0.221070
v -2.000000 10.500000 -0.123815
v -1.500000 10.500000 -0.087031
v -1.000000 10.500000 -0.108367
v -0.500000 10.500000 -0.155127
v 0.000000 10.500000 -0.177734
v 0.500000 10.500000 -0.138709
v 1.000000 10.500000 -0.039781
v 1.500000 10.500000 0.078745
v 2.000000 10.500000 0.168753
v 2.500000 10.500000 0.205550
v 3.000000 10.500000 0.194993
v 3.500000 10.500000 0.158862
v 4.000000 10.500000 0.115116
v 4.500000 10.500000 0.069104
v 5.000000 10.500000 0.020800
v 5.500000 10.500000 -0.023729
v 6.000000 10.500000 -0.055263
v 6.500000 10.500000 -0.077622
v 7.000000 10.500000 -0.110531
v 7.500000 10.500000 -0.164163
v 8.000000 10.500000 -0.215242
v 8.500000 10.500000 -0.222931
v 9.000000 10.500000 -0.173494
v 9.500000 10.500000 -0.101570
v 10.000000 10.500000 -0.063181
v 10.500000 10.500000 -0.090968
v 11.000000 10.500000 -0.170155
v 11.500000 10.500000 -0.242289
v 12.000000 10.500000 -0.237185
v 12.500000 10.500000 -0.129320
v 13.000000 10.500000 0.026796
v 13.500000 10.500000 0.131784
v 14.000000 10.500000 0.123971
v 14.500000 10.500000 0.029970
v 15.000000 10.500000 -0.066585
v 15.500000 10.500000 -0.109615
v 16.000000 10.500000 -0.122398
v 16.500000 10.500000 -0.172000
v 17.000000 10.500000 -0.292209
v 17.500000 10.500000 -0.449105
v 18.000000 10.500000 -0.567248
v 18.500000 10.500000 -0.578919
v 19.000000 10.500000 -0.468956
v 19.500000 10.500000 -0.295226
v 20.000000 10.500000 -0.161971
v -20.000000 11.000000 -0.508589
v -19.500000 11.000000 -0.452062
v -19.000000 11.000000 -0.358466
v -18.500000 11.000000 -0.244401
v -18.000000 11.000000 -0.126987
v -17.500000 11.000000 -0.018985
v -17.000000 11.000000 0.078782
v -16.500000 11.000000 0.169812
v -16.000000 11.000000 0.238522
v -15.500000 11.000000 0.248521
v -15.000000 11.000000 0.177979
v -14.500000 11.000000 0.048834
v -14.000000 11.000000 -0.090223
v -13.500000 11.000000 -0.206807
v -13.000000 11.000000 -0.302837
v -12.500000 11.000000 -0.392930
v -12.000000 11.000000 -0.479732
v -11.500000 11.000000 -0.555284
v -11.000000 11.000000 -0.611335
v -10.500000 11.000000 -0.639031
v -10.000000 11.000000 -0.625355
v -9.500000 11.000000 -0.559220
v -9.000000 11.000000 -0.447851
v -8.500000 11.000000 -0.326132
v -8.000000 11.000000 -0.234857
v -7.500000 11.000000 -0.184048
v -7.000000 11.000000 -0.154693
v -6.500000 11.000000 -0.140004
v -6.000000 11.000000 -0.162288
v -5.500000 11.000000 -0.239650
v -5.000000 11.000000 -0.349756
v -4.500000 11.000000 -0.435510
v -4.000000 11.000000 -0.447230
v -3.500000 11.000000 -0.380555
v -3.000000 11.000000 -0.274279
v -2.500000 11.000000 -0.175625
v -2.000000 11.000000 -0.111895
v -1.500000 11.000000 -0.086748
v -1.000000 11.000000 -0.088951
v -0.500000 11.000000 -0.100176
v 0.000000 11.000000 -0.098802
v 0.500000 11.000000 -0.066854
v 1.000000 11.000000 -0.005392
v 1.500000 11.000000 0.060687
v 2.000000 11.000000 0.103799
v 2.500000 11.000000 0.118269
v 3.000000 11.000000 0.120705
v 3.500000 11.000000 0.130549
v 4.000000 11.000000 0.151582
v 4.500000 11.000000 0.167852
v 5.000000 11.000000 0.157889
v 5.500000 11.000000 0.116645
v 6.000000 11.000000 0.059292
v 6.500000 11.000000 -0.000934
v 7.000000 11.000000 -0.068623
v 7.500000 11.000000 -0.147576
v 8.000000 11.000000 -0.213854
v 8.500000 11.000000 -0.226114
v 9.000000 11.000000 -0.169291
v 9.500000 11.000000 -0.079292
v 10.000000 11.000000 -0.018495
v 10.500000 11.000000 -0.028755
v 11.000000 11.000000 -0.102312
v 11.500000 11.000000 -0.181539
v 12.000000 11.000000 -0.189733
v 12.500000 11.000000 -0.090583
v 13.000000 11.000000 0.068472
v 13.500000 11.000000 0.184757
v 14.000000 11.000000 0.186231
v 14.500000 11.000000 0.092273
v 15.000000 11.000000 -0.012522
v 15.500000 11.000000 -0.066116
v 16.000000 11.000000 -0.086076
v 16.500000 11.000000 -0.137555
v 17.000000 11.000000 -0.256357
v 17.500000 11.000000 -0.410088
v 18.000000 11.000000 -0.520923
v 18.500000 11.000000 -0.518279
v 19.000000 11.000000 -0.388676
v 19.500000 11.000000 -0.196003
v 20.000000 11.000000 -0.051020
v -20.000000 11.500000 -0.526829
v -19.500000 11.500000 -0.470920
v -19.000000 11.500000 -0.378659
v -18.500000 11.500000 -0.265222
v -18.000000 11.500000 -0.146197
v -17.500000 11.500000 -0.036058
v -17.000000 11.500000 0.058494
v -16.500000 11.500000 0.139529
v -16.000000 11.500000 0.203369
v -15.500000 11.500000 0.230053
v -15.000000 11.500000 0.198051
v -14.500000 11.500000 0.107864
v -14.000000 11.500000 -0.015352
v -13.500000 11.500000 -0.142409
v -13.000000 11.500000 -0.259290
v -12.500000 11.500000 -0.365738
v -12.000000 11.500000 -0.462280
v -11.500000 11.500000 -0.544185
v -11.000000 11.500000 -0.602737
v -10.500000 11.500000 -0.626555
v -10.000000 11.500000 -0.602097
v -9.500000 11.500000 -0.520096
v -9.000000 11.500000 -0.392233
v -8.500000 11.500000 -0.260755
v -8.000000 11.500000 -0.172991
v -7.500000 11.500000 -0.138884
v -7.000000 11.500000 -0.130389
v -6.500000 11.500000 -0.127612
v -6.000000 11.500000 -0.144464
v -5.500000 11.500000 -0.199365
v -5.000000 11.500000 -0.275452
v -4.500000 11.500000 -0.323750
v -4.000000 11.500000 -0.307651
v -3.500000 11.500000 -0.238513
v -3.000000 11.500000 -0.160751
v -2.500000 11.500000 -0.106140
v -2.000000 11.500000 -0.072099
v -1.500000 11.500000 -0.040259
v -1.000000 11.500000 -0.004066
v -0.500000 11.500000 0.025750
v 0.000000 11.500000 0.040057
v 0.500000 11.500000 0.046134
v 1.000000 11.500000 0.053712
v 1.500000 11.500000 0.056206
v 2.000000 11.500000 0.042841
v 2.500000 11.500000 0.024146
v 3.000000 11.500000 0.029878
v 3.500000 11.500000 0.080299
v 4.000000 11.500000 0.163302
v 4.500000 11.500000 0.237072
v 5.000000 11.500000 0.257255
v 5.500000 11.500000 0.210620
v 6.000000 11.500000 0.122263
v 6.500000 11.500000 0.025403
v 7.000000 11.500000 -0.067494
v 7.500000 11.500000 -0.153346
v 8.000000 11.500000 -0.209820
v 8.500000 11.500000 -0.201010
v 9.000000 11.500000 -0.118596
v 9.500000 11.500000 -0.004951
v 10.000000 11.500000 0.073864
v 10.500000 11.500000 0.076311
v 11.000000 11.500000 0.011642
v 11.500000 11.500000 -0.064028
v 12.000000 11.500000 -0.077529
v 12.500000 11.500000 0.008338
v 13.000000 11.500000 0.153318
v 13.500000 11.500000 0.261140
v 14.000000 11.500000 0.258761
v 14.500000 11.500000 0.158657
v 15.000000 11.500000 0.038446
v 15.500000 11.500000 -0.040730
v 16.000000 11.500000 -0.087504
v 16.500000 11.500000 -0.152976
v 17.000000 11.500000 -0.265678
v 17.500000 11.500000 -0.399511
v 18.000000 11.500000 -0.492362
v 18.500000 11.500000 -0.489034
v 19.000000 11.500000 -0.380933
v 19.500000 11.500000 -0.221335
v 20.000000 11.500000 -0.100623
v -20.000000 12.000000 -0.461913
v -19.500000 12.000000 -0.410097
v -19.000000 12.000000 -0.330764
v -18.500000 12.000000 -0.239125
v -18.000000 12.000000 -0.143753
v -17.500000 12.000000 -0.053596
v -17.000000 12.000000 0.021022
v -16.500000 12.000000 0.076692
v -16.000000 12.000000 0.115693
v -15.500000 12.000000 0.133847
v -15.000000 12.000000 0.118524
v -14.500000 12.000000 0.061662
v -14.000000 12.000000 -0.028302
v -13.500000 12.000000 -0.129623
v -13.000000 12.000000 -0.223192
v -12.500000 12.000000 -0.304111
v -12.000000 12.000000 -0.377291
v -11.500000 12.000000 -0.444431
v -11.000000 12.000000 -0.496785
v -10.500000 12.000000 -0.518478
v -10.000000 12.000000 -0.493002
v -9.500000 12.000000 -0.411441
v -9.000000 12.000000 -0.287524
v -8.500000 12.000000 -0.165669
v -8.000000 12.000000 -0.094908
v -7.500000 12.000000 -0.084896
v -7.000000 12.000000 -0.101572
v -6.500000 12.000000 -0.113233
v -6.000000 12.000000 -0.123714
v -5.500000 12.000000 -0.150906
v -5.000000 12.000000 -0.187022
v -4.500000 12.000000 -0.197541
v -4.000000 12.000000 -0.161977
v -3.500000 12.000000 -0.102975
v -3.000000 12.000000 -0.060445
v -2.500000 12.000000 -0.041662
v -2.000000 12.000000 -0.014322
v -1.500000 12.000000 0.049569
v -1.000000 12.000000 0.135586
v -0.500000 12.000000 0.198112
v 0.000000 12.000000 0.206584
v 0.500000 12.000000 0.171947
v 1.000000 12.000000 0.121844
v 1.500000 12.000000 0.064580
v 2.000000 12.000000 -0.002984
v 2.500000 12.000000 -0.061431
v 3.000000 12.000000 -0.068307
v 3.500000 12.000000 0.002351
v 4.000000 12.000000 0.128064
v 4.500000 12.000000 0.245933
v 5.000000 12.000000 0.293369
v 5.500000 12.000000 0.250910
v 6.000000 12.000000 0.149668
v 6.500000 12.000000 0.035429
v 7.000000 12.000000 -0.067143
v 7.500000 12.000000 -0.148051
v 8.000000 12.000000 -0.185538
v 8.500000 12.000000 -0.151647
v 9.000000 12.000000 -0.049534
v 9.500000 12.000000 0.071154
v 10.000000 12.000000 0.147084
v 10.500000 12.000000 0.146806
v 11.000000 12.000000 0.087334
v 11.500000 12.000000 0.021906
v 12.000000 12.000000 0.012217
v 12.500000 12.000000 0.087893
v 13.000000 12.000000 0.214035
v 13.500000 12.000000 0.306755
v 14.000000 12.000000 0.299116
v 14.500000 12.000000 0.197350
v 15.000000 12.000000 0.065704
v 15.500000 12.000000 -0.042449
v 16.000000 12.000000 -0.127097
v 16.500000 12.000000 -0.218177
v 17.000000 12.000000 -0.329065
v 17.500000 12.000000 -0.439617
v 18.000000 12.000000 -0.512722
v 18.500000 12.000000 -0.520261
v 19.000000 12.000000 -0.461950
v 19.500000 12.000000 -0.370685
v 20.000000 12.000000 -0.298757
v -20.000000 12.500000 -0.329930
v -19.500000 12.500000 -0.287162
v -19.000000 12.500000 -0.232721
v -18.500000 12.500000 -0.181465
v -18.000000 12.500000 -0.130507
v -17.500000 12.500000 -0.077687
v -17.000000 12.500000 -0.033236
v -16.500000 12.500000 -0.006297
v -16.000000 12.500000 0.006279
v -15.500000 12.500000 0.010391
v -15.000000 12.500000 0.003085
v -14.500000 12.500000 -0.024489
v -14.000000 12.500000 -0.074219
v -13.500000 12.500000 -0.133641
v -13.000000 12.500000 -0.185632
v -12.500000 12.500000 -0.225452
v -12.000000 12.500000 -0.262395
v -11.500000 12.500000 -0.303114
v -11.000000 12.500000 -0.339111
v -10.500000 12.500000 -0.352147
v -10.000000 12.500000 -0.325748
v -9.500000 12.500000 -0.253456
v -9.000000 12.500000 -0.149359
v -8.500000 12.500000 -0.054284
v -8.000000 12.500000 -0.014131
v -7.500000 12.500000 -0.038642
v -7.000000 12.500000 -0.090776
v -6.500000 12.500000 -0.126694
v -6.000000 12.500000 -0.135571
v -5.500000 12.500000 -0.131956
v -5.000000 12.500000 -0.121850
v -4.500000 12.500000 -0.094532
v -4.000000 12.500000 -0.049448
v -3.500000 12.500000 -0.012749
v -3.000000 12.500000 -0.007026
v -2.500000 12.500000 -0.010223
v -2.000000 12.500000 0.030678
v -1.500000 12.500000 0.137921
v -1.000000 12.500000 0.268130
v -0.500000 12.500000 0.346947
v 0.000000 12.500000 0.336055
v 0.500000 12.500000 0.259305
v 1.000000 12.500000 0.162167
v 1.500000 12.500000 0.062249
v 2.000000 12.500000 -0.042809
v 2.500000 12.500000 -0.131751
v 3.000000 12.500000 -0.154854
v 3.500000 12.500000 -0.080777
v 4.000000 12.500000 0.064116
v 4.500000 12.500000 0.207553
v 5.000000 12.500000 0.280298
v 5.500000 12.500000 0.260307
v 6.000000 12.500000 0.176340
v 6.500000 12.500000 0.071788
v 7.000000 12.500000 -0.026902
v 7.500000 12.500000 -0.103355
v 8.000000 12.500000 -0.132445
v 8.500000 12.500000 -0.092901
v 9.000000 12.500000 0.000332
v 9.500000 12.500000 0.094539
v 10.000000 12.500000 0.138212
v 10.500000 12.500000 0.117356
v 11.000000 12.500000 0.057638
v 11.500000 12.500000 0.005540
v 12.000000 12.500000 0.006178
v 12.500000 12.500000 0.076956
v 13.000000 12.500000 0.186030
v 13.500000 12.500000 0.264420
v 14.000000 12.500000 0.257250
v 14.500000 12.500000 0.167896
v 15.000000 12.500000 0.044099
v 15.500000 12.500000 -0.075845
v 16.000000 12.500000 -0.189312
v 16.500000 12.500000 -0.306503
v 17.000000 12.500000 -0.422710
v 17.500000 12.500000 -0.518909
v 18.000000 12.500000 -0.578978
v 18.500000 12.500000 -0.600259
v 19.000000 12.500000 -0.591627
v 19.500000 12.500000 -0.567556
v 20.000000 12.500000 -0.543644
v -20.000000 13.000000 -0.168460
v -19.500000 13.000000 -0.139090
v -19.000000 13.000000 -0.118037
v -18.500000 13.000000 -0.118808
v -18.000000 13.000000 -0.124694
v -17.500000 13.000000 -0.117975
v -17.000000 13.000000 -0.102739
v -16.500000 13.000000 -0.090368
v -16.000000 13.000000 -0.080982
v -15.500000 13.000000 -0.069218
v -15.000000 13.000000 -0.057704
v -14.500000 13.000000 -0.058041
v -14.000000 13.000000 -0.078701
v -13.500000 13.000000 -0.112367
v -13.000000 13.000000 -0.140891
v -12.500000 13.000000 -0.155833
v -12.000000 13.000000 -0.166270
v -11.500000 13.000000 -0.181696
v -11.000000 13.000000 -0.195996
v -10.500000 13.000000 -0.193251
v -10.000000 13.000000 -0.161647
v -9.500000 13.000000 -0.099460
v -9.000000 13.000000 -0.019541
v -8.500000 13.000000 0.044744
v -8.000000 13.000000 0.052168
v -7.500000 13.000000 -0.010383
v -7.000000 13.000000 -0.107507
v -6.500000 13.000000 -0.182640
v -6.000000 13.000000 -0.202900
v -5.500000 13.000000 -0.172169
v -5.000000 13.000000 -0.111470
v -4.500000 13.000000 -0.042643
v -4.000000 13.000000 0.009689
v -3.500000 13.000000 0.021336
v -3.000000 13.000000 -0.004437
v -2.500000 13.000000 -0.018298
v -2.000000 13.000000 0.040218
v -1.500000 13.000000 0.178156
v -1.000000 13.000000 0.329506
v -0.500000 13.000000 0.407447
v 0.000000 13.000000 0.376824
v 0.500000 13.000000 0.273004
v 1.000000 13.000000 0.151586
v 1.500000 13.000000 0.034275
v 2.000000 13.000000 -0.082197
v 2.500000 13.000000 -0.178658
v 3.000000 13.000000 -0.206234
v 3.500000 13.000000 -0.134310
v 4.000000 13.000000 0.009900
v 4.500000 13.000000 0.157368
v 5.000000 13.000000 0.247251
v 5.500000 13.000000 0.261878
v 6.000000 13.000000 0.220263
v 6.500000 13.000000 0.146527
v 7.000000 13.000000 0.055780
v 7.500000 13.000000 -0.030114
v 8.000000 13.000000 -0.075515
v 8.500000 13.000000 -0.059219
v 9.000000 13.000000 -0.003530
v 9.500000 13.000000 0.040919
v 10.000000 13.000000 0.039022
v 10.500000 13.000000 -0.006482
v 11.000000 13.000000 -0.067020
v 11.500000 13.000000 -0.107285
v 12.000000 13.000000 -0.098214
v 12.500000 13.000000 -0.032807
v 13.000000 13.000000 0.059788
v 13.500000 13.000000 0.125856
v 14.000000 13.000000 0.126627
v 14.500000 13.000000 0.066904
v 15.000000 13.000000 -0.022620
v 15.500000 13.000000 -0.124497
v 16.000000 13.000000 -0.241772
v 16.500000 13.000000 -0.372549
v 17.000000 13.000000 -0.497051
v 17.500000 13.000000 -0.592268
v 18.000000 13.000000 -0.650665
v 18.500000 13.000000 -0.682363
v 19.000000 13.000000 -0.701825
v 19.500000 13.000000 -0.714719
v 20.000000 13.000000 -0.717146
v -20.000000 13.500000 -0.035560
v -19.500000 13.500000 -0.018601
v -19.000000 13.500000 -0.027686
v -18.500000 13.500000 -0.075832
v -18.000000 13.500000 -0.135106
v -17.500000 13.500000 -0.171300
v -17.000000 13.500000 -0.175906
v -16.500000 13.500000 -0.156602
v -16.000000 13.500000 -0.118847
v -15.500000 13.500000 -0.068510
v -15.000000 13.500000 -0.020692
v -14.500000 13.500000 0.003197
v -14.000000 13.500000 -0.010050
v -13.500000 13.500000 -0.050441
v -13.000000 13.500000 -0.089593
v -12.500000 13.500000 -0.107466
v -12.000000 13.500000 -0.108184
v -11.500000 13.500000 -0.104422
v -11.000000 13.500000 -0.097146
v -10.500000 13.500000 -0.077905
v -10.000000 13.500000 -0.041407
v -9.500000 13.500000 0.011502
v -9.000000 13.500000 0.072719
v -8.500000 13.500000 0.117247
v -8.000000 13.500000 0.105244
v -7.500000 13.500000 0.014332
v -7.000000 13.500000 -0.127315
v -6.500000 13.500000 -0.252114
v -6.000000 13.500000 -0.300577
v -5.500000 13.500000 -0.257858
v -5.000000 13.500000 -0.155079
v -4.500000 13.500000 -0.047222
v -4.000000 13.500000 0.014783
v -3.500000 13.500000 0.010568
v -3.000000 13.500000 -0.031584
v -2.500000 13.500000 -0.045647
v -2.000000 13.500000 0.022282
v -1.500000 13.500000 0.162808
v -1.000000 13.500000 0.303817
v -0.500000 13.500000 0.365747
v 0.000000 13.500000 0.322932
v 0.500000 13.500000 0.214563
v 1.000000 13.500000 0.095815
v 1.500000 13.500000 -0.012222
v 2.000000 13.500000 -0.113452
v 2.500000 13.500000 -0.192274
v 3.000000 13.500000 -0.207151
v 3.500000 13.500000 -0.134895
v 4.000000 13.500000 -0.003641
v 4.500000 13.500000 0.129011
v 5.000000 13.500000 0.222381
v 5.500000 13.500000 0.270420
v 6.000000 13.500000 0.279164
v 6.500000 13.500000 0.241782
v 7.000000 13.500000 0.151532
v 7.500000 13.500000 0.034653
v 8.000000 13.500000 -0.054571
v 8.500000 13.500000 -0.083734
v 9.000000 13.500000 -0.073825
v 9.500000 13.500000 -0.070779
v 10.000000 13.500000 -0.098568
v 10.500000 13.500000 -0.149220
v 11.000000 13.500000 -0.202288
v 11.500000 13.500000 -0.236503
v 12.000000 13.500000 -0.232423
v 12.500000 13.500000 -0.184708
v 13.000000 13.500000 -0.115476
v 13.500000 13.500000 -0.062751
v 14.000000 13.500000 -0.048933
v 14.500000 13.500000 -0.066922
v 15.000000 13.500000 -0.102646
v 15.500000 13.500000 -0.160543
v 16.000000 13.500000 -0.253850
v 16.500000 13.500000 -0.377176
v 17.000000 13.500000 -0.503654
v 17.500000 13.500000 -0.606246
v 18.000000 13.500000 -0.674922
v 18.500000 13.500000 -0.716547
v 19.000000 13.500000 -0.742867
v 19.500000 13.500000 -0.759060
v 20.000000 13.500000 -0.762361
v -20.000000 14.000000 0.028020
v -19.500000 14.000000 0.037746
v -19.000000 14.000000 0.011432
v -18.500000 14.000000 -0.065050
v -18.000000 14.000000 -0.159373
v -17.500000 14.000000 -0.225405
v -17.000000 14.000000 -0.239341
v -16.500000 14.000000 -0.199720
v -16.000000 14.000000 -0.116286
v -15.500000 14.000000 -0.011151
v -15.000000 14.000000 0.080837
v -14.500000 14.000000 0.124251
v -14.000000 14.000000 0.102976
v -13.500000 14.000000 0.035834
v -13.000000 14.000000 -0.032236
v -12.500000 14.000000 -0.065695
v -12.000000 14.000000 -0.063057
v -11.500000 14.000000 -0.043053
v -11.000000 14.000000 -0.018506
v -10.500000 14.000000 0.009019
v -10.000000 14.000000 0.041404
v -9.500000 14.000000 0.082507
v -9.000000 14.000000 0.133818
v -8.500000 14.000000 0.176469
v -8.000000 14.000000 0.165707
v -7.500000 14.000000 0.064945
v -7.000000 14.000000 -0.108707
v -6.500000 14.000000 -0.281933
v -6.000000 14.000000 -0.372582
v -5.500000 14.000000 -0.344127
v -5.000000 14.000000 -0.227373
v -4.500000 14.000000 -0.098045
v -4.000000 14.000000 -0.025440
v -3.500000 14.000000 -0.027010
v -3.000000 14.000000 -0.060677
v -2.500000 14.000000 -0.060826
v -2.000000 14.000000 0.008620
v -1.500000 14.000000 0.126333
v -1.000000 14.000000 0.230696
v -0.500000 14.000000 0.264012
v 0.000000 14.000000 0.213426
v 0.500000 14.000000 0.116588
v 1.000000 14.000000 0.021396
v 1.500000 14.000000 -0.055950
v 2.000000 14.000000 -0.121835
v 2.500000 14.000000 -0.166084
v 3.000000 14.000000 -0.157665
v 3.500000 14.000000 -0.083243
v 4.000000 14.000000 0.029031
v 4.500000 14.000000 0.136597
v 5.000000 14.000000 0.222484
v 5.500000 14.000000 0.293824
v 6.000000 14.000000 0.343403
v 6.500000 14.000000 0.332388
v 7.000000 14.000000 0.230774
v 7.500000 14.000000 0.068559
v 8.000000 14.000000 -0.077778
v 8.500000 14.000000 -0.155652
v 9.000000 14.000000 -0.176212
v 9.500000 14.000000 -0.181537
v 10.000000 14.000000 -0.196488
v 10.500000 14.000000 -0.223333
v 11.000000 14.000000 -0.259070
v 11.500000 14.000000 -0.295656
v 12.000000 14.000000 -0.314860
v 12.500000 14.000000 -0.302847
v 13.000000 14.000000 -0.268339
v 13.500000 14.000000 -0.233397
v 14.000000 14.000000 -0.207846
v 14.500000 14.000000 -0.185255
v 15.000000 14.000000 -0.166386
v 15.500000 14.000000 -0.172559
v 16.000000 14.000000 -0.225337
v 16.500000 14.000000 -0.321099
v 17.000000 14.000000 -0.435065
v 17.500000 14.000000 -0.542064
v 18.000000 14.000000 -0.626681
v 18.500000 14.000000 -0.681976
v 19.000000 14.000000 -0.707681
v 19.500000 14.000000 -0.710056
v 20.000000 14.000000 -0.699771
v -20.000000 14.500000 0.028322
v -19.500000 14.500000 0.034507
v -19.000000 14.500000 0.002308
v -18.500000 14.500000 -0.082997
v -18.000000 14.500000 -0.191013
v -17.500000 14.500000 -0.271424
v -17.000000 14.500000 -0.288047
v -16.500000 14.500000 -0.228643
v -16.000000 14.500000 -0.104780
v -15.500000 14.500000 0.047018
v -15.000000 14.500000 0.174609
v -14.500000 14.500000 0.232311
v -14.000000 14.500000 0.204600
v -13.500000 14.500000 0.119587
v -13.000000 14.500000 0.035114
v -12.500000 14.500000 -0.003258
v -12.000000 14.500000 0.007456
v -11.500000 14.500000 0.040575
v -11.000000 14.500000 0.071256
v -10.500000 14.500000 0.090364
v -10.000000 14.500000 0.102864
v -9.500000 14.500000 0.125461
v -9.000000 14.500000 0.172493
v -8.500000 14.500000 0.227208
v -8.000000 14.500000 0.234843
v -7.500000 14.500000 0.143843
v -7.000000 14.500000 -0.040640
v -6.500000 14.500000 -0.247805
v -6.000000 14.500000 -0.385350
v -5.500000 14.500000 -0.399252
v -5.000000 14.500000 -0.307731
v -4.500000 14.500000 -0.185076
v -4.000000 14.500000 -0.103251
v -3.500000 14.500000 -0.079224
v -3.000000 14.500000 -0.074604
v -2.500000 14.500000 -0.042132
v -2.000000 14.500000 0.030761
v -1.500000 14.500000 0.117177
v -1.000000 14.500000 0.174542
v -0.500000 14.500000 0.171291
v 0.000000 14.500000 0.108829
v 0.500000 14.500000 0.024572
v 1.000000 14.500000 -0.040406
v 1.500000 14.500000 -0.076647
v 2.000000 14.500000 -0.096833
v 2.500000 14.500000 -0.100472
v 3.000000 14.500000 -0.069548
v 3.500000 14.500000 0.001139
v 4.000000 14.500000 0.088793
v 4.500000 14.500000 0.169197
v 5.000000 14.500000 0.245343
v 5.500000 14.500000 0.330450
v 6.000000 14.500000 0.403501
v 6.500000 14.500000 0.403205
v 7.000000 14.500000 0.286507
v 7.500000 14.500000 0.087723
v 8.000000 14.500000 -0.100300
v 8.500000 14.500000 -0.206672
v 9.000000 14.500000 -0.230528
v 9.500000 14.500000 -0.213197
v 10.000000 14.500000 -0.190832
v 10.500000 14.500000 -0.184207
v 11.000000 14.500000 -0.206745
v 11.500000 14.500000 -0.256662
v 12.000000 14.500000 -0.310603
v 12.500000 14.500000 -0.342676
v 13.000000 14.500000 -0.347361
v 13.500000 14.500000 -0.333969
v 14.000000 14.500000 -0.305959
v 14.500000 14.500000 -0.260551
v 15.000000 14.500000 -0.208247
v 15.500000 14.500000 -0.177658
v 16.000000 14.500000 -0.192588
v 16.500000 14.500000 -0.252042
v 17.000000 14.500000 -0.338728
v 17.500000 14.500000 -0.435859
v 18.000000 14.500000 -0.527429
v 18.500000 14.500000 -0.593329
v 19.000000 14.500000 -0.618320
v 19.500000 14.500000 -0.606795
v 20.000000 14.500000 -0.582436
v -20.000000 15.000000 -0.007325
v -19.500000 15.000000 -0.002512
v -19.000000 15.000000 -0.033536
v -18.500000 15.000000 -0.114498
v -18.000000 15.000000 -0.220192
v -17.500000 15.000000 -0.302382
v -17.000000 15.000000 -0.318288
v -16.500000 15.000000 -0.248111
v -16.000000 15.000000 -0.104962
v -15.500000 15.000000 0.065647
v -15.000000 15.000000 0.205366
v -14.500000 15.000000 0.270541
v -14.000000 15.000000 0.251555
v -13.500000 15.000000 0.179311
v -13.000000 15.000000 0.109869
v -12.500000 15.000000 0.085500
v -12.000000 15.000000 0.106198
v -11.500000 15.000000 0.141035
v -11.000000 15.000000 0.159358
v -10.500000 15.000000 0.149772
v -10.000000 15.000000 0.125366
v -9.500000 15.000000 0.119990
v -9.000000 15.000000 0.161520
v -8.500000 15.000000 0.232764
v -8.000000 15.000000 0.268017
v -7.500000 15.000000 0.203522
v -7.000000 15.000000 0.033352
v -6.500000 15.000000 -0.182228
v -6.000000 15.000000 -0.355659
v -5.500000 15.000000 -0.424648
v -5.000000 15.000000 -0.387024
v -4.500000 15.000000 -0.294703
v -4.000000 15.000000 -0.205948
v -3.500000 15.000000 -0.138807
v -3.000000 15.000000 -0.073119
v -2.500000 15.000000 0.008714
v -2.000000 15.000000 0.095855
v -1.500000 15.000000 0.160107
v -1.000000 15.000000 0.176873
v -0.500000 15.000000 0.136104
v 0.000000 15.000000 0.052995
v 0.500000 15.000000 -0.030192
v 1.000000 15.000000 -0.073316
v 1.500000 15.000000 -0.071077
v 2.000000 15.000000 -0.044647
v 2.500000 15.000000 -0.008894
v 3.000000 15.000000 0.036723
v 3.500000 15.000000 0.091597
v 4.000000 15.000000 0.146914
v 4.500000 15.000000 0.202056
v 5.000000 15.000000 0.273535
v 5.500000 15.000000 0.368638
v 6.000000 15.000000 0.450960
v 6.500000 15.000000 0.451349
v 7.000000 15.000000 0.330041
v 7.500000 15.000000 0.126248
v 8.000000 15.000000 -0.064783
v 8.500000 15.000000 -0.166901
v 9.000000 15.000000 -0.172113
v 9.500000 15.000000 -0.123611
v 10.000000 15.000000 -0.071876
v 10.500000 15.000000 -0.052896
v 11.000000 15.000000 -0.084274
v 11.500000 15.000000 -0.158387
v 12.000000 15.000000 -0.244260
v 12.500000 15.000000 -0.310037
v 13.000000 15.000000 -0.344021
v 13.500000 15.000000 -0.350177
v 14.000000 15.000000 -0.331618
v 14.500000 15.000000 -0.289730
v 15.000000 15.000000 -0.237193
v 15.500000 15.000000 -0.199406
v 16.000000 15.000000 -0.196037
v 16.500000 15.000000 -0.227003
v 17.000000 15.000000 -0.281891
v 17.500000 15.000000 -0.352961
v 18.000000 15.000000 -0.428988
v 18.500000 15.000000 -0.486363
v 19.000000 15.000000 -0.502587
v 19.500000 15.000000 -0.479780
v 20.000000 15.000000 -0.446639
v -20.000000 15.500000 -0.072888
v -19.500000 15.500000 -0.061305
v -19.000000 15.500000 -0.078223
v -18.500000 15.500000 -0.141214
v -18.000000 15.500000 -0.232616
v -17.500000 15.500000 -0.307637
v -17.000000 15.500000 -0.320319
v -16.500000 15.500000 -0.249279
v -16.000000 15.500000 -0.112878
v -15.500000 15.500000 0.039781
v -15.000000 15.500000 0.159597
v -14.500000 15.500000 0.221342
v -14.000000 15.500000 0.226028
v -13.500000 15.500000 0.196106
v -13.000000 15.500000 0.166872
v -12.500000 15.500000 0.164399
v -12.000000 15.500000 0.186215
v -11.500000 15.500000 0.206399
v -11.000000 15.500000 0.196693
v -10.500000 15.500000 0.146187
v -10.000000 15.500000 0.075525
v -9.500000 15.500000 0.034428
v -9.000000 15.500000 0.063597
v -8.500000 15.500000 0.146498
v -8.000000 15.500000 0.209696
v -7.500000 15.500000 0.181193
v -7.000000 15.500000 0.046285
v -6.500000 15.500000 -0.148078
v -6.000000 15.500000 -0.328632
v -5.500000 15.500000 -0.435776
v -5.000000 15.500000 -0.449702
v -4.500000 15.500000 -0.392538
v -4.000000 15.500000 -0.300522
v -3.500000 15.500000 -0.191517
v -3.000000 15.500000 -0.065917
v -2.500000 15.500000 0.066015
v -2.000000 15.500000 0.175040
v -1.500000 15.500000 0.231847
v -1.000000 15.500000 0.222612
v -0.500000 15.500000 0.150691
v 0.000000 15.500000 0.042465
v 0.500000 15.500000 -0.051872
v 1.000000 15.500000 -0.087144
v 1.500000 15.500000 -0.056664
v 2.000000 15.500000 0.011131
v 2.500000 15.500000 0.081871
v 3.000000 15.500000 0.133945
v 3.500000 15.500000 0.162289
v 4.000000 15.500000 0.179471
v 4.500000 15.500000 0.212864
v 5.000000 15.500000 0.286531
v 5.500000 15.500000 0.391757
v 6.000000 15.500000 0.476373
v 6.500000 15.500000 0.476031
v 7.000000 15.500000 0.366983
v 7.500000 15.500000 0.191860
v 8.000000 15.500000 0.033525
v 8.500000 15.500000 -0.041571
v 9.000000 15.500000 -0.024537
v 9.500000 15.500000 0.040218
v 10.000000 15.500000 0.092370
v 10.500000 15.500000 0.090867
v 11.000000 15.500000 0.028725
v 11.500000 15.500000 -0.070365
v 12.000000 15.500000 -0.170139
v 12.500000 15.500000 -0.244469
v 13.000000 15.500000 -0.286981
v 13.500000 15.500000 -0.303158
v 14.000000 15.500000 -0.299101
v 14.500000 15.500000 -0.279834
v 15.000000 15.500000 -0.254817
v 15.500000 15.500000 -0.239094
v 16.000000 15.500000 -0.243794
v 16.500000 15.500000 -0.267480
v 17.000000 15.500000 -0.302219
v 17.500000 15.500000 -0.343011
v 18.000000 15.500000 -0.382368
v 18.500000 15.500000 -0.402524
v 19.000000 15.500000 -0.387821
v 19.500000 15.500000 -0.345032
v 20.000000 15.500000 -0.302915
v -20.000000 16.000000 -0.183477
v -19.500000 16.000000 -0.147622
v -19.000000 16.000000 -0.126348
v -18.500000 16.000000 -0.152642
v -18.000000 16.000000 -0.219835
v -17.500000 16.000000 -0.282739
v -17.000000 16.000000 -0.290551
v -16.500000 16.000000 -0.225577
v -16.000000 16.000000 -0.116849
v -15.500000 16.000000 -0.012886
v -15.000000 16.000000 0.059950
v -14.500000 16.000000 0.106560
v -14.000000 16.000000 0.138484
v -13.500000 16.000000 0.158780
v -13.000000 16.000000 0.170159
v -12.500000 16.000000 0.179622
v -12.000000 16.000000 0.189296
v -11.500000 16.000000 0.187349
v -11.000000 16.000000 0.151211
v -10.500000 16.000000 0.067186
v -10.000000 16.000000 -0.042845
v -9.500000 16.000000 -0.119189
v -9.000000 16.000000 -0.110109
v -8.500000 16.000000 -0.027683
v -8.000000 16.000000 0.052961
v -7.500000 16.000000 0.056644
v -7.000000 16.000000 -0.035122
v -6.500000 16.000000 -0.184404
v -6.000000 16.000000 -0.333882
v -5.500000 16.000000 -0.436475
v -5.000000 16.000000 -0.467547
v -4.500000 16.000000 -0.428933
v -4.000000 16.000000 -0.338904
v -3.500000 16.000000 -0.212570
v -3.000000 16.000000 -0.059873
v -2.500000 16.000000 0.096828
v -2.000000 16.000000 0.220087
v -1.500000 16.000000 0.277764
v -1.000000 16.000000 0.257759
v -0.500000 16.000000 0.168261
v 0.000000 16.000000 0.041669
v 0.500000 16.000000 -0.065477
v 1.000000 16.000000 -0.100402
v 1.500000 16.000000 -0.050376
v 2.000000 16.000000 0.051247
v 2.500000 16.000000 0.149588
v 3.000000 16.000000 0.200111
v 3.500000 16.000000 0.195508
v 4.000000 16.000000 0.173081
v 4.500000 16.000000 0.188117
v 5.000000 16.000000 0.267623
v 5.500000 16.000000 0.383024
v 6.000000 16.000000 0.468479
v 6.500000 16.000000 0.470285
v 7.000000 16.000000 0.383642
v 7.500000 16.000000 0.251160
v 8.000000 16.000000 0.135464
v 8.500000 16.000000 0.085891
v 9.000000 16.000000 0.109826
v 9.500000 16.000000 0.165861
v 10.000000 16.000000 0.192720
v 10.500000 16.000000 0.154546
v 11.000000 16.000000 0.062633
v 11.500000 16.000000 -0.042588
v 12.000000 16.000000 -0.127007
v 12.500000 16.000000 -0.180828
v 13.000000 16.000000 -0.210074
v 13.500000 16.000000 -0.223604
v 14.000000 16.000000 -0.230170
v 14.500000 16.000000 -0.238130
v 15.000000 16.000000 -0.252990
v 15.500000 16.000000 -0.277511
v 16.000000 16.000000 -0.311917
v 16.500000 16.000000 -0.351193
v 17.000000 16.000000 -0.386005
v 17.500000 16.000000 -0.406920
v 18.000000 16.000000 -0.403841
v 18.500000 16.000000 -0.366617
v 19.000000 16.000000 -0.296797
v 19.500000 16.000000 -0.216262
v 20.000000 16.000000 -0.157109
v -20.000000 16.500000 -0.341371
v -19.500000 16.500000 -0.263455
v -19.000000 16.500000 -0.180381
v -18.500000 16.500000 -0.153208
v -18.000000 16.500000 -0.189172
v -17.500000 16.500000 -0.237513
v -17.000000 16.500000 -0.239249
v -16.500000 16.500000 -0.182976
v -16.000000 16.500000 -0.110435
v -15.500000 16.500000 -0.065379
v -15.000000 16.500000 -0.045658
v -14.500000 16.500000 -0.017101
v -14.000000 16.500000 0.034837
v -13.500000 16.500000 0.087726
v -13.000000 16.500000 0.114118
v -12.500000 16.500000 0.112397
v -12.000000 16.500000 0.100188
v -11.500000 16.500000 0.083551
v -11.000000 16.500000 0.041431
v -10.500000 16.500000 -0.050704
v -10.000000 16.500000 -0.178660
v -9.500000 16.500000 -0.280635
v -9.000000 16.500000 -0.296651
v -8.500000 16.500000 -0.230130
v -8.000000 16.500000 -0.150500
v -7.500000 16.500000 -0.129385
v -7.000000 16.500000 -0.182378
v -6.500000 16.500000 -0.274001
v -6.000000 16.500000 -0.360670
v -5.500000 16.500000 -0.414096
v -5.000000 16.500000 -0.419096
v -4.500000 16.500000 -0.374306
v -4.000000 16.500000 -0.291870
v -3.500000 16.500000 -0.183108
v -3.000000 16.500000 -0.052090
v -2.500000 16.500000 0.087841
v -2.000000 16.500000 0.204580
v -1.500000 16.500000 0.263768
v -1.000000 16.500000 0.247835
v -0.500000 16.500000 0.160945
v 0.000000 16.500000 0.033454
v 0.500000 16.500000 -0.076700
v 1.000000 16.500000 -0.109423
v 1.500000 16.500000 -0.044306
v 2.000000 16.500000 0.081173
v 2.500000 16.500000 0.193747
v 3.000000 16.500000 0.231452
v 3.500000 16.500000 0.189460
v 4.000000 16.500000 0.128422
v 4.500000 16.500000 0.125914
v 5.000000 16.500000 0.209024
v 5.500000 16.500000 0.332298
v 6.000000 16.500000 0.420125
v 6.500000 16.500000 0.427656
v 7.000000 16.500000 0.362700
v 7.500000 16.500000 0.264108
v 8.000000 16.500000 0.175560
v 8.500000 16.500000 0.131640
v 9.000000 16.500000 0.140403
v 9.500000 16.500000 0.168997
v 10.000000 16.500000 0.164155
v 10.500000 16.500000 0.101053
v 11.000000 16.500000 0.006496
v 11.500000 16.500000 -0.071826
v 12.000000 16.500000 -0.111310
v 12.500000 16.500000 -0.122917
v 13.000000 16.500000 -0.125188
v 13.500000 16.500000 -0.128650
v 14.000000 16.500000 -0.142304
v 14.500000 16.500000 -0.175966
v 15.000000 16.500000 -0.231443
v 15.500000 16.500000 -0.300370
v 16.000000 16.500000 -0.371463
v 16.500000 16.500000 -0.434510
v 17.000000 16.500000 -0.478489
v 17.500000 16.500000 -0.489226
v 18.000000 16.500000 -0.451256
v 18.500000 16.500000 -0.358821
v 19.000000 16.500000 -0.230518
v 19.500000 16.500000 -0.106477
v 20.000000 16.500000 -0.026147
v -20.000000 17.000000 -0.515346
v -19.500000 17.000000 -0.391434
v -19.000000 17.000000 -0.241069
v -18.500000 17.000000 -0.155005
v -18.000000 17.000000 -0.153788
v -17.500000 17.000000 -0.180945
v -17.000000 17.000000 -0.171521
v -16.500000 17.000000 -0.121412
v -16.000000 17.000000 -0.080632
v -15.500000 17.000000 -0.082538
v -15.000000 17.000000 -0.099454
v -14.500000 17.000000 -0.080920
v -14.000000 17.000000 -0.021245
v -13.500000 17.000000 0.032467
v -13.000000 17.000000 0.036538
v -12.500000 17.000000 -0.002108
v -12.000000 17.000000 -0.041194
v -11.500000 17.000000 -0.058827
v -11.000000 17.000000 -0.082536
v -10.500000 17.000000 -0.155788
v -10.000000 17.000000 -0.279321
v -9.500000 17.000000 -0.395458
v -9.000000 17.000000 -0.438282
v -8.500000 17.000000 -0.399201
v -8.000000 17.000000 -0.335452
v -7.500000 17.000000 -0.309306
v -7.000000 17.000000 -0.329818
v -6.500000 17.000000 -0.361841
v -6.000000 17.000000 -0.374063
v -5.500000 17.000000 -0.357842
v -5.000000 17.000000 -0.314060
v -4.500000 17.000000 -0.249615
v -4.000000 17.000000 -0.179633
v -3.500000 17.000000 -0.111665
v -3.000000 17.000000 -0.034895
v -2.500000 17.000000 0.058658
v -2.000000 17.000000 0.151650
v -1.500000 17.000000 0.211417
v -1.000000 17.000000 0.213246
v -0.500000 17.000000 0.150583
v 0.000000 17.000000 0.042872
v 0.500000 17.000000 -0.056760
v 1.000000 17.000000 -0.083090
v 1.500000 17.000000 -0.009310
v 2.000000 17.000000 0.122937
v 2.500000 17.000000 0.228257
v 3.000000 17.000000 0.238865
v 3.500000 17.000000 0.158293
v 4.000000 17.000000 0.063559
v 4.500000 17.000000 0.043451
v 5.000000 17.000000 0.123496
v 5.500000 17.000000 0.249459
v 6.000000 17.000000 0.341364
v 6.500000 17.000000 0.357479
v 7.000000 17.000000 0.307630
v 7.500000 17.000000 0.223789
v 8.000000 17.000000 0.137497
v 8.500000 17.000000 0.077177
v 9.000000 17.000000 0.056723
v 9.500000 17.000000 0.056200
v 10.000000 17.000000 0.034620
v 10.500000 17.000000 -0.023547
v 11.000000 17.000000 -0.086876
v 11.500000 17.000000 -0.113072
v 12.000000 17.000000 -0.095109
v 12.500000 17.000000 -0.059777
v 13.000000 17.000000 -0.033313
v 13.500000 17.000000 -0.027766
v 14.000000 17.000000 -0.051882
v 14.500000 17.000000 -0.112685
v 15.000000 17.000000 -0.204880
v 15.500000 17.000000 -0.309780
v 16.000000 17.000000 -0.406067
v 16.500000 17.000000 -0.478533
v 17.000000 17.000000 -0.517545
v 17.500000 17.000000 -0.512043
v 18.000000 17.000000 -0.448416
v 18.500000 17.000000 -0.325226
v 19.000000 17.000000 -0.169660
v 19.500000 17.000000 -0.028715
v 20.000000 17.000000 0.058314
v -20.000000 17.500000 -0.648565
v -19.500000 17.500000 -0.494568
v -19.000000 17.500000 -0.296693
v -18.500000 17.500000 -0.161020
v -18.000000 17.500000 -0.116382
v -17.500000 17.500000 -0.108242
v -17.000000 17.500000 -0.076731
v -16.500000 17.500000 -0.026795
v -16.000000 17.500000 -0.007826
v -15.500000 17.500000 -0.036437
v -15.000000 17.500000 -0.067562
v -14.500000 17.500000 -0.051580
v -14.000000 17.500000 -0.000592
v -13.500000 17.500000 0.021801
v -13.000000 17.500000 -0.026439
v -12.500000 17.500000 -0.116531
v -12.000000 17.500000 -0.180267
v -11.500000 17.500000 -0.186745
v -11.000000 17.500000 -0.176648
v -10.500000 17.500000 -0.215791
v -10.000000 17.500000 -0.322254
v -9.500000 17.500000 -0.445130
v -9.000000 17.500000 -0.513561
v -8.500000 17.500000 -0.504773
v -8.000000 17.500000 -0.459952
v -7.500000 17.500000 -0.430323
v -7.000000 17.500000 -0.421182
v -6.500000 17.500000 -0.401743
v -6.000000 17.500000 -0.352435
v -5.500000 17.500000 -0.279415
v -5.000000 17.500000 -0.196441
v -4.500000 17.500000 -0.118839
v -4.000000 17.500000 -0.064386
v -3.500000 17.500000 -0.035515
v -3.000000 17.500000 -0.008006
v -2.500000 17.500000 0.043214
v -2.000000 17.500000 0.114046
v -1.500000 17.500000 0.177371
v -1.000000 17.500000 0.205863
v -0.500000 17.500000 0.181841
v 0.000000 17.500000 0.108861
v 0.500000 17.500000 0.029663
v 1.000000 17.500000 0.009812
v 1.500000 17.500000 0.078855
v 2.000000 17.500000 0.192842
v 2.500000 17.500000 0.265658
v 3.000000 17.500000 0.238221
v 3.500000 17.500000 0.125880
v 4.000000 17.500000 0.009962
v 4.500000 17.500000 -0.023722
v 5.000000 17.500000 0.047310
v 5.500000 17.500000 0.169244
v 6.000000 17.500000 0.263604
v 6.500000 17.500000 0.286859
v 7.000000 17.500000 0.242175
v 7.500000 17.500000 0.153447
v 8.000000 17.500000 0.048361
v 8.500000 17.500000 -0.040706
v 9.000000 17.500000 -0.088509
v 9.500000 17.500000 -0.101240
v 10.000000 17.500000 -0.111088
v 10.500000 17.500000 -0.134293
v 11.000000 17.500000 -0.148919
v 11.500000 17.500000 -0.125668
v 12.000000 17.500000 -0.066418
v 12.500000 17.500000 0.000513
v 13.000000 17.500000 0.048416
v 13.500000 17.500000 0.059919
v 14.000000 17.500000 0.022174
v 14.500000 17.500000 -0.066003
v 15.000000 17.500000 -0.186930
v 15.500000 17.500000 -0.311550
v 16.000000 17.500000 -0.411911
v 16.500000 17.500000 -0.469805
v 17.000000 17.500000 -0.479862
v 17.500000 17.500000 -0.443194
v 18.000000 17.500000 -0.360896
v 18.500000 17.500000 -0.241826
v 19.000000 17.500000 -0.112641
v 19.500000 17.500000 -0.006866
v 20.000000 17.500000 0.055721
v -20.000000 18.000000 -0.684316
v -19.500000 18.000000 -0.529162
v -19.000000 18.000000 -0.321488
v -18.500000 18.000000 -0.159567
v -18.000000 18.000000 -0.072893
v -17.500000 18.000000 -0.019491
v -17.000000 18.000000 0.041401
v -16.500000 18.000000 0.093927
v -16.000000 18.000000 0.098181
v -15.500000 18.000000 0.058234
v -15.000000 18.000000 0.026483
v -14.500000 18.000000 0.037494
v -14.000000 18.000000 0.059743
v -13.500000 18.000000 0.027299
v -13.000000 18.000000 -0.083557
v -12.500000 18.000000 -0.217491
v -12.000000 18.000000 -0.288684
v -11.500000 18.000000 -0.267889
v -11.000000 18.000000 -0.212853
v -10.500000 18.000000 -0.209730
v -10.000000 18.000000 -0.291953
v -9.500000 18.000000 -0.416032
v -9.000000 18.000000 -0.507391
v -8.500000 18.000000 -0.528046
v -8.000000 18.000000 -0.500571
v -7.500000 18.000000 -0.466023
v -7.000000 18.000000 -0.432781
v -6.500000 18.000000 -0.381216
v -6.000000 18.000000 -0.302257
v -5.500000 18.000000 -0.208530
v -5.000000 18.000000 -0.117839
v -4.500000 18.000000 -0.046538
v -4.000000 18.000000 -0.008255
v -3.500000 18.000000 0.001436
v -3.000000 18.000000 0.011784
v -2.500000 18.000000 0.050903
v -2.000000 18.000000 0.119040
v -1.500000 18.000000 0.195355
v -1.000000 18.000000 0.255390
v -0.500000 18.000000 0.274758
v 0.000000 18.000000 0.242462
v 0.500000 18.000000 0.188127
v 1.000000 18.000000 0.171265
v 1.500000 18.000000 0.219880
v 2.000000 18.000000 0.292897
v 2.500000 18.000000 0.316830
v 3.000000 18.000000 0.251457
v 3.500000 18.000000 0.121283
v 4.000000 18.000000 -0.000568
v 4.500000 18.000000 -0.041315
v 5.000000 18.000000 0.018572
v 5.500000 18.000000 0.131413
v 6.000000 18.000000 0.222642
v 6.500000 18.000000 0.243929
v 7.000000 18.000000 0.189105
v 7.500000 18.000000 0.077365
v 8.000000 18.000000 -0.058875
v 8.500000 18.000000 -0.175628
v 9.000000 18.000000 -0.234527
v 9.500000 18.000000 -0.232445
v 10.000000 18.000000 -0.202160
v 10.500000 18.000000 -0.173649
v 11.000000 18.000000 -0.145491
v 11.500000 18.000000 -0.101071
v 12.000000 18.000000 -0.037081
v 12.500000 18.000000 0.033925
v 13.000000 18.000000 0.092019
v 13.500000 18.000000 0.110176
v 14.000000 18.000000 0.064912
v 14.500000 18.000000 -0.040975
v 15.000000 18.000000 -0.176934
v 15.500000 18.000000 -0.305733
v 16.000000 18.000000 -0.396957
v 16.500000 18.000000 -0.430969
v 17.000000 18.000000 -0.405455
v 17.500000 18.000000 -0.335627
v 18.000000 18.000000 -0.244981
v 18.500000 18.000000 -0.158844
v 19.000000 18.000000 -0.098732
v 19.500000 18.000000 -0.069927
v 20.000000 18.000000 -0.057100
v -20.000000 18.500000 -0.599784
v -19.500000 18.500000 -0.470612
v -19.000000 18.500000 -0.291576
v -18.500000 18.500000 -0.135255
v -18.000000 18.500000 -0.025489
v -17.500000 18.500000 0.061410
v -17.000000 18.500000 0.140940
v -16.500000 18.500000 0.188675
v -16.000000 18.500000 0.180167
v -15.500000 18.500000 0.138392
v -15.000000 18.500000 0.111835
v -14.500000 18.500000 0.110969
v -14.000000 18.500000 0.089307
v -13.500000 18.500000 -0.005971
v -13.000000 18.500000 -0.167905
v -12.500000 18.500000 -0.316337
v -12.000000 18.500000 -0.360714
v -11.500000 18.500000 -0.285185
v -11.000000 18.500000 -0.167070
v -10.500000 18.500000 -0.108875
v -10.000000 18.500000 -0.156285
v -9.500000 18.500000 -0.274364
v -9.000000 18.500000 -0.387687
v -8.500000 18.500000 -0.442898
v -8.000000 18.500000 -0.440479
v -7.500000 18.500000 -0.410487
v -7.000000 18.500000 -0.369529
v -6.500000 18.500000 -0.314226
v -6.000000 18.500000 -0.243978
v -5.500000 18.500000 -0.169888
v -5.000000 18.500000 -0.104953
v -4.500000 18.500000 -0.058967
v -4.000000 18.500000 -0.036676
v -3.500000 18.500000 -0.028423
v -3.000000 18.500000 -0.008260
v -2.500000 18.500000 0.045658
v -2.000000 18.500000 0.132917
v -1.500000 18.500000 0.237412
v -1.000000 18.500000 0.337162
v -0.500000 18.500000 0.403054
v 0.000000 18.500000 0.413597
v 0.500000 18.500000 0.386109
v 1.000000 18.500000 0.369802
v 1.500000 18.500000 0.389737
v 2.000000 18.500000 0.415153
v 2.500000 18.500000 0.393926
v 3.000000 18.500000 0.303586
v 3.500000 18.500000 0.168284
v 4.000000 18.500000 0.046145
v 4.500000 18.500000 -0.001540
v 5.000000 18.500000 0.046560
v 5.500000 18.500000 0.149468
v 6.000000 18.500000 0.232307
v 6.500000 18.500000 0.238839
v 7.000000 18.500000 0.156579
v 7.500000 18.500000 0.008184
v 8.000000 18.500000 -0.161404
v 8.500000 18.500000 -0.294352
v 9.000000 18.500000 -0.343573
v 9.500000 18.500000 -0.304657
v 10.000000 18.500000 -0.219325
v 10.500000 18.500000 -0.138539
v 11.000000 18.500000 -0.084934
v 11.500000 18.500000 -0.050420
v 12.000000 18.500000 -0.015676
v 12.500000 18.500000 0.032843
v 13.000000 18.500000 0.086898
v 13.500000 18.500000 0.110692
v 14.000000 18.500000 0.068634
v 14.500000 18.500000 -0.037385
v 15.000000 18.500000 -0.171614
v 15.500000 18.500000 -0.295756
v 16.000000 18.500000 -0.381022
v 16.500000 18.500000 -0.405894
v 17.000000 18.500000 -0.365710
v 17.500000 18.500000 -0.282976
v 18.000000 18.500000 -0.199938
v 18.500000 18.500000 -0.157443
v 19.000000 18.500000 -0.171192
v 19.500000 18.500000 -0.218871
v 20.000000 18.500000 -0.253644
v -20.000000 19.000000 -0.428516
v -19.500000 19.000000 -0.337158
v -19.000000 19.000000 -0.207266
v -18.500000 19.000000 -0.082762
v -18.000000 19.000000 0.019410
v -17.500000 19.000000 0.106981
v -17.000000 19.000000 0.176831
v -16.500000 19.000000 0.204378
v -16.000000 19.000000 0.182857
v -15.500000 19.000000 0.146483
v -15.000000 19.000000 0.129257
v -14.500000 19.000000 0.114696
v -14.000000 19.000000 0.048628
v -13.500000 19.000000 -0.098418
v -13.000000 19.000000 -0.284638
v -12.500000 19.000000 -0.410316
v -12.000000 19.000000 -0.390580
v -11.500000 19.000000 -0.230840
v -11.000000 19.000000 -0.029109
v -10.500000 19.000000 0.098991
v -10.000000 19.000000 0.097864
v -9.500000 19.000000 -0.007520
v -9.000000 19.000000 -0.144466
v -8.500000 19.000000 -0.245467
v -8.000000 19.000000 -0.286063
v -7.500000 19.000000 -0.282205
v -7.000000 19.000000 -0.258545
v -6.500000 19.000000 -0.228274
v -6.000000 19.000000 -0.196944
v -5.500000 19.000000 -0.169639
v -5.000000 19.000000 -0.149893
v -4.500000 19.000000 -0.138491
v -4.000000 19.000000 -0.133443
v -3.500000 19.000000 -0.125303
v -3.000000 19.000000 -0.094415
v -2.500000 19.000000 -0.022381
v -2.000000 19.000000 0.093940
v -1.500000 19.000000 0.241669
v -1.000000 19.000000 0.394605
v -0.500000 19.000000 0.514820
v 0.000000 19.000000 0.572118
v 0.500000 19.000000 0.573989
v 1.000000 19.000000 0.559705
v 1.500000 19.000000 0.554429
v 2.000000 19.000000 0.544108
v 2.500000 19.000000 0.498167
v 3.000000 19.000000 0.400867
v 3.500000 19.000000 0.264600
v 4.000000 19.000000 0.133763
v 4.500000 19.000000 0.069750
v 5.000000 19.000000 0.104088
v 5.500000 19.000000 0.200047
v 6.000000 19.000000 0.274363
v 6.500000 19.000000 0.259267
v 7.000000 19.000000 0.140653
v 7.500000 19.000000 -0.047327
v 8.000000 19.000000 -0.243266
v 8.500000 19.000000 -0.378696
v 9.000000 19.000000 -0.405441
v 9.500000 19.000000 -0.324141
v 10.000000 19.000000 -0.186761
v 10.500000 19.000000 -0.062828
v 11.000000 19.000000 0.003867
v 11.500000 19.000000 0.014823
v 12.000000 19.000000 0.005644
v 12.500000 19.000000 0.014881
v 13.000000 19.000000 0.047603
v 13.500000 19.000000 0.066556
v 14.000000 19.000000 0.030993
v 14.500000 19.000000 -0.060836
v 15.000000 19.000000 -0.179199
v 15.500000 19.000000 -0.294669
v 16.000000 19.000000 -0.383842
v 16.500000 19.000000 -0.422242
v 17.000000 19.000000 -0.397453
v 17.500000 19.000000 -0.329591
v 18.000000 19.000000 -0.268372
v 18.500000 19.000000 -0.261847
v 19.000000 19.000000 -0.320247
v 19.500000 19.000000 -0.406302
v 20.000000 19.000000 -0.461935
v -20.000000 19.500000 -0.245998
v -19.500000 19.500000 -0.186230
v -19.000000 19.500000 -0.100805
v -18.500000 19.500000 -0.014633
v -18.000000 19.500000 0.058842
v -17.500000 19.500000 0.118142
v -17.000000 19.500000 0.154215
v -16.500000 19.500000 0.151063
v -16.000000 19.500000 0.117587
v -15.500000 19.500000 0.090400
v -15.000000 19.500000 0.084307
v -14.500000 19.500000 0.060133
v -14.000000 19.500000 -0.037284
v -13.500000 19.500000 -0.213394
v -13.000000 19.500000 -0.397543
v -12.500000 19.500000 -0.477716
v -12.000000 19.500000 -0.378770
v -11.500000 19.500000 -0.127396
v -11.000000 19.500000 0.160217
v -10.500000 19.500000 0.358468
v -10.000000 19.500000 0.404249
v -9.500000 19.500000 0.313116
v -9.000000 19.500000 0.152960
v -8.500000 19.500000 0.001929
v -8.000000 19.500000 -0.092721
v -7.500000 19.500000 -0.131668
v -7.000000 19.500000 -0.143551
v -6.500000 19.500000 -0.153558
v -6.000000 19.500000 -0.170930
v -5.500000 19.500000 -0.194522
v -5.000000 19.500000 -0.219210
v -4.500000 19.500000 -0.239553
v -4.000000 19.500000 -0.252597
v -3.500000 19.500000 -0.253758
v -3.000000 19.500000 -0.227353
v -2.500000 19.500000 -0.150060
v -2.000000 19.500000 -0.008551
v -1.500000 19.500000 0.186594
v -1.000000 19.500000 0.398825
v -0.500000 19.500000 0.576729
v 0.000000 19.500000 0.681240
v 0.500000 19.500000 0.712516
v 1.000000 19.500000 0.703418
v 1.500000 19.500000 0.683308
v 2.000000 19.500000 0.656020
v 2.500000 19.500000 0.606153
v 3.000000 19.500000 0.513650
v 3.500000 19.500000 0.373829
v 4.000000 19.500000 0.223318
v 4.500000 19.500000 0.134325
v 5.000000 19.500000 0.153907
v 5.500000 19.500000 0.247079
v 6.000000 19.500000 0.317378
v 6.500000 19.500000 0.284234
v 7.000000 19.500000 0.134519
v 7.500000 19.500000 -0.083983
v 8.000000 19.500000 -0.295281
v 8.500000 19.500000 -0.425495
v 9.000000 19.500000 -0.430385
v 9.500000 19.500000 -0.316685
v 10.000000 19.500000 -0.142040
v 10.500000 19.500000 0.013252
v 11.000000 19.500000 0.089864
v 11.500000 19.500000 0.081878
v 12.000000 19.500000 0.033970
v 12.500000 19.500000 0.001363
v 13.000000 19.500000 0.000874
v 13.500000 19.500000 0.001541
v 14.000000 19.500000 -0.033228
v 14.500000 19.500000 -0.107591
v 15.000000 19.500000 -0.204228
v 15.500000 19.500000 -0.308670
v 16.000000 19.500000 -0.405089
v 16.500000 19.500000 -0.466383
v 17.000000 19.500000 -0.471194
v 17.500000 19.500000 -0.431864
v 18.000000 19.500000 -0.395795
v 18.500000 19.500000 -0.409505
v 19.000000 19.500000 -0.478212
v 19.500000 19.500000 -0.562550
v 20.000000 19.500000 -0.612206
v -20.000000 20.000000 -0.125621
v -19.500000 20.000000 -0.081965
v -19.000000 20.000000 -0.020536
v -18.500000 20.000000 0.041195
v -18.000000 20.000000 0.090053
v -17.500000 20.000000 0.121211
v -17.000000 20.000000 0.126914
v -16.500000 20.000000 0.100129
v -16.000000 20.000000 0.059044
v -15.500000 20.000000 0.038647
v -15.000000 20.000000 0.040045
v -14.500000 20.000000 0.011410
v -14.000000 20.000000 -0.100720
v -13.500000 20.000000 -0.286802
v -13.000000 20.000000 -0.460487
v -12.500000 20.000000 -0.504454
v -12.000000 20.000000 -0.350625
v -11.500000 20.000000 -0.038816
v -11.000000 20.000000 0.304041
v -10.500000 20.000000 0.546797
v -10.000000 20.000000 0.622246
v -9.500000 20.000000 0.540165
v -9.000000 20.000000 0.364694
v -8.500000 20.000000 0.179439
v -8.000000 20.000000 0.045351
v -7.500000 20.000000 -0.027890
v -7.000000 20.000000 -0.069520
v -6.500000 20.000000 -0.110343
v -6.000000 20.000000 -0.161124
v -5.500000 20.000000 -0.217120
v -5.000000 20.000000 -0.268608
v -4.500000 20.000000 -0.307838
v -4.000000 20.000000 -0.333735
v -3.500000 20.000000 -0.346292
v -3.000000 20.000000 -0.330730
v -2.500000 20.000000 -0.256705
v -2.000000 20.000000 -0.101516
v -1.500000 20.000000 0.125537
v -1.000000 20.000000 0.379018
v -0.500000 20.000000 0.596779
v 0.000000 20.000000 0.733285
v 0.500000 20.000000 0.784435
v 1.000000 20.000000 0.780389
v 1.500000 20.000000 0.754885
v 2.000000 20.000000 0.723386
v 2.500000 20.000000 0.677614
v 3.000000 20.000000 0.591061
v 3.500000 20.000000 0.446862
v 4.000000 20.000000 0.279109
v 4.500000 20.000000 0.170618
v 5.000000 20.000000 0.180187
v 5.500000 20.000000 0.273280
v 6.000000 20.000000 0.343541
v 6.500000 20.000000 0.301665
v 7.000000 20.000000 0.135536
v 7.500000 20.000000 -0.098280
v 8.000000 20.000000 -0.315561
v 8.500000 20.000000 -0.440729
v 9.000000 20.000000 -0.433233
v 9.500000 20.000000 -0.303221
v 10.000000 20.000000 -0.109640
v 10.500000 20.000000 0.063222
v 11.000000 20.000000 0.147518
v 11.500000 20.000000 0.131347
v 12.000000 20.000000 0.061935
v 12.500000 20.000000 0.002039
v 13.000000 20.000000 -0.024479
v 13.500000 20.000000 -0.041644
v 14.000000 20.000000 -0.079654
v 14.500000 20.000000 -0.143011
v 15.000000 20.000000 -0.223942
v 15.500000 20.000000 -0.319525
v 16.000000 20.000000 -0.419734
v 16.500000 20.000000 -0.496272
v 17.000000 20.000000 -0.522208
v 17.500000 20.000000 -0.503703
v 18.000000 20.000000 -0.483715
v 18.500000 20.000000 -0.504824
v 19.000000 20.000000 -0.568930
v 19.500000 20.000000 -0.639280
v 20.000000 20.000000 -0.676550

vn 0.055081 -0.106540 0.992782
vn 0.078785 -0.088219 0.992980
vn 0.098307 -0.074199 0.992386
vn 0.063968 -0.084634 0.994357
vn -0.010584 -0.109910 0.993885
vn -0.090645 -0.119452 0.988693
vn -0.136854 -0.096810 0.985849
vn -0.128915 -0.051331 0.990326
vn -0.072839 0.000436 0.997344
vn 0.005459 0.047158 0.998873
vn 0.076155 0.077750 0.994060
vn 0.125497 0.079403 0.988911
vn 0.157943 0.049119 0.986226
vn 0.171991 0.003862 0.985091
vn 0.143249 -0.028098 0.989288
vn 0.049409 -0.029609 0.998340
vn -0.082914 -0.007291 0.996530
vn -0.182988 0.015880 0.982987
vn -0.210417 0.023963 0.977318
vn -0.174721 0.017259 0.984467
vn -0.094324 0.004113 0.995533
vn 0.022693 -0.008658 0.999705
vn 0.144301 -0.018782 0.989356
vn 0.197736 -0.024768 0.979942
vn 0.127204 -0.022767 0.991615
vn -0.045794 -0.009108 0.998909
vn -0.204576 0.011224 0.978786
vn -0.249889 0.026898 0.967901
vn -0.160253 0.029386 0.986639
vn 0.036817 0.013998 0.999224
vn 0.230447 -0.012042 0.973010
vn 0.294053 -0.029799 0.955325
vn 0.189641 -0.024131 0.981557
vn -0.015918 0.006272 0.999854
vn -0.156505 0.037387 0.986969
vn -0.160888 0.045145 0.985940
vn -0.096668 0.028576 0.994906
vn -0.062149 0.008997 0.998026
vn -0.080013 0.010751 0.996736
vn -0.096083 0.039555 0.994587
vn -0.068661 0.082082 0.994258
vn -0.016296 0.119984 0.992642
vn 0.022436 0.142711 0.989510
vn 0.042082 0.148784 0.987974
vn 0.060226 0.138172 0.988575
vn 0.081168 0.109297 0.990690
vn 0.095956 0.064774 0.993276
vn 0.104248 0.017173 0.994403
vn 0.114598 -0.017352 0.993260
vn 0.129111 -0.034016 0.991046
vn 0.136721 -0.043365 0.989660
vn 0.111200 -0.057076 0.992158
vn 0.017344 -0.071872 0.997263
vn -0.149566 -0.068811 0.986354
vn -0.315407 -0.032280 0.948407
vn -0.378198 0.032976 0.925137
vn -0.273358 0.113472 0.955196
vn 0.016126 0.178056 0.983888
vn 0.316582 0.179398 0.931446
vn 0.425689 0.134657 0.894794
vn 0.311101 0.077413 0.947219
vn 0.006510 0.021619 0.999745
vn -0.253053 -0.011553 0.967383
vn -0.300210 -0.021373 0.953634
vn -0.165820 -0.021028 0.985932
vn 0.046133 -0.019274 0.998749
vn 0.212575 -0.026368 0.976789
vn 0.306640 -0.053420 0.950325
vn 0.347391 -0.104590 0.931870
vn 0.322627 -0.168443 0.931418
vn 0.199949 -0.216872 0.955503
vn -0.010771 -0.212125 0.977183
vn -0.202071 -0.143898 0.968742
vn -0.264629 -0.052766 0.962906
vn -0.183859 0.019452 0.982760
vn -0.020716 0.049339 0.998567
vn 0.118621 0.035762 0.992295
vn 0.172621 -0.000596 0.984988
vn 0.150105 -0.037987 0.987940
vn 0.085685 -0.063676 0.994285
vn 0.047533 -0.074951 0.996054
vn 0.073181 -0.124176 0.989558
vn 0.094704 -0.100073 0.990463
vn 0.100106 -0.078487 0.991876
vn 0.046208 -0.084160 0.995380
vn -0.028321 -0.108423 0.993701
vn -0.084581 -0.118230 0.989378
vn -0.103300 -0.094291 0.990171
vn -0.080511 -0.045198 0.995728
vn -0.023504 0.010447 0.999669
vn 0.044233 0.058939 0.997281
vn 0.092392 0.087684 0.991854
vn 0.111605 0.082889 0.990290
vn 0.120959 0.041908 0.991772
vn 0.134251 -0.013786 0.990851
vn 0.126826 -0.048335 0.990747
vn 0.059876 -0.040820 0.997371
vn -0.060186 -0.001556 0.998186
vn -0.167709 0.036833 0.985148
vn -0.209562 0.050931 0.976468
vn -0.184292 0.041650 0.981989
vn -0.107195 0.022366 0.993986
vn 0.011141 0.004011 0.999930
vn 0.136255 -0.010945 0.990613
vn 0.195873 -0.022497 0.980371
vn 0.135062 -0.026122 0.990493
vn -0.028616 -0.014719 0.999482
vn -0.187180 0.009118 0.982283
vn -0.241525 0.030645 0.969911
vn -0.166830 0.035779 0.985336
vn 0.015762 0.016593 0.999738
vn 0.209450 -0.018394 0.977646
vn 0.288556 -0.044356 0.956435
vn 0.207153 -0.041549 0.977426
vn 0.015310 -0.006866 0.999859
vn -0.137425 0.031952 0.989997
vn -0.165297 0.042923 0.985309
vn -0.114753 0.023587 0.993114
vn -0.071060 -0.000029 0.997472
vn -0.064761 0.002387 0.997898
vn -0.060566 0.037653 0.997454
vn -0.028384 0.088027 0.995714
vn 0.014292 0.130463 0.991350
vn 0.037063 0.153555 0.987445
vn 0.039837 0.156447 0.986883
vn 0.040360 0.138505 0.989539
vn 0.044398 0.096899 0.994303
vn 0.049984 0.035275 0.998127
vn 0.063340 -0.028650 0.997581
vn 0.088984 -0.072928 0.993360
vn 0.115827 -0.090950 0.989097
vn 0.124977 -0.095127 0.987589
vn 0.097001 -0.099754 0.990273
vn 0.011213 -0.102722 0.994647
vn -0.130996 -0.084622 0.987765
vn -0.269398 -0.028312 0.962613
vn -0.314790 0.063131 0.947060
vn -0.205719 0.171408 0.963483
vn 0.051509 0.251385 0.966516
vn 0.298856 0.251456 0.920573
vn 0.380328 0.191095 0.904894
vn 0.253812 0.106286 0.961396
vn -0.040280 0.022174 0.998942
vn -0.272766 -0.023772 0.961787
vn -0.304195 -0.031188 0.952099
vn -0.164327 -0.021047 0.986181
vn 0.043314 -0.011502 0.998995
vn 0.195292 -0.020610 0.980529
vn 0.269180 -0.060419 0.961193
vn 0.293946 -0.131222 0.946772
vn 0.271261 -0.213316 0.938570
vn 0.180737 -0.270660 0.945557
vn 0.027158 -0.267005 0.963312
vn -0.124040 -0.193498 0.973228
vn -0.186532 -0.089447 0.978369
vn -0.133764 -0.006854 0.990990
vn -0.012617 0.024628 0.999617
vn 0.094114 0.005306 0.995547
vn 0.136594 -0.041292 0.989766
vn 0.118888 -0.088739 0.988934
vn 0.067128 -0.120804 0.990404
vn 0.036158 -0.134612 0.990238
vn 0.103183 -0.110381 0.988519
vn 0.124294 -0.082383 0.988820
vn 0.114635 -0.050876 0.992104
vn 0.034301 -0.040969 0.998571
vn -0.045491 -0.050803 0.997672
vn -0.077446 -0.055237 0.995465
vn -0.064533 -0.036667 0.997242
vn -0.024489 -0.000217 0.999700
vn 0.031419 0.039391 0.998730
vn 0.082920 0.070950 0.994027
vn 0.100341 0.083955 0.991405
vn 0.080316 0.066308 0.994561
vn 0.062404 0.016390 0.997916
vn 0.083187 -0.042202 0.995640
vn 0.116695 -0.069421 0.990739
vn 0.096189 -0.041115 0.994514
vn -0.004885 0.029310 0.999558
vn -0.130687 0.095900 0.986775
vn -0.204247 0.121654 0.971331
vn -0.201639 0.108222 0.973463
vn -0.131582 0.078134 0.988221
vn -0.010836 0.050594 0.998661
vn 0.118015 0.028583 0.992600
vn 0.183295 0.007415 0.983030
vn 0.135240 -0.009067 0.990771
vn -0.010187 -0.007483 0.999920
vn -0.160552 0.016988 0.986881
vn -0.224957 0.047312 0.973219
vn -0.174378 0.060066 0.982845
vn -0.018262 0.040544 0.999011
vn 0.171294 -0.004847 0.985208
vn 0.273005 -0.046004 0.960912
vn 0.226298 -0.056278 0.972431
vn 0.058738 -0.027908 0.997883
vn -0.107504 0.013873 0.994108
vn -0.169158 0.029372 0.985151
vn -0.139373 0.010270 0.990187
vn -0.083328 -0.015856 0.996396
vn -0.042454 -0.013802 0.999003
vn -0.010589 0.024040 0.999655
vn 0.024718 0.074982 0.996879
vn 0.050298 0.112646 0.992361
vn 0.049130 0.127968 0.990561
vn 0.026841 0.122902 0.992056
vn -0.000149 0.095640 0.995416
vn -0.022674 0.040211 0.998934
vn -0.029534 -0.038922 0.998806
vn -0.003895 -0.118270 0.992974
vn 0.051307 -0.170702 0.983986
vn 0.104871 -0.187183 0.976711
vn 0.126237 -0.178542 0.975801
vn 0.103230 -0.158399 0.981964
vn 0.032171 -0.128064 0.991244
vn -0.077320 -0.074738 0.994201
vn -0.177355 0.015730 0.984021
vn -0.195515 0.141997 0.970366
vn -0.088736 0.277017 0.956759
vn 0.103391 0.362745 0.926135
vn 0.260845 0.358185 0.896473
vn 0.287076 0.277733 0.916761
vn 0.136604 0.147696 0.979554
vn -0.127685 0.017640 0.991658
vn -0.301480 -0.044688 0.952425
vn -0.297099 -0.040807 0.953974
vn -0.145380 -0.004077 0.989368
vn 0.046447 0.026297 0.998575
vn 0.164005 0.017599 0.986303
vn 0.200752 -0.039240 0.978856
vn 0.202170 -0.133214 0.970248
vn 0.189615 -0.231841 0.954094
vn 0.150380 -0.294869 0.943630
vn 0.072752 -0.296541 0.952245
vn -0.022189 -0.236281 0.971431
vn -0.081735 -0.147220 0.985721
vn -0.070624 -0.078666 0.994396
vn -0.008483 -0.059533 0.998190
vn 0.052905 -0.087797 0.994733
vn 0.079141 -0.140416 0.986925
vn 0.070193 -0.190215 0.979230
vn 0.038949 -0.221186 0.974454
vn 0.019242 -0.233163 0.972247
vn 0.129516 -0.022497 0.991322
vn 0.154127 -0.009257 0.988008
vn 0.141755 0.012796 0.989819
vn 0.046701 0.035514 0.998277
vn -0.042865 0.052082 0.997722
vn -0.071016 0.062511 0.995514
vn -0.048878 0.068877 0.996427
vn -0.004634 0.070851 0.997476
vn 0.047914 0.068364 0.996509
vn 0.089063 0.062757 0.994047
vn 0.087974 0.053764 0.994671
vn 0.044366 0.037171 0.998324
vn 0.012903 0.009516 0.999871
vn 0.048926 -0.021007 0.998581
vn 0.127938 -0.029731 0.991336
vn 0.157435 0.007102 0.987504
vn 0.077710 0.085180 0.993331
vn -0.073123 0.162800 0.983946
vn -0.192927 0.195084 0.961624
vn -0.223963 0.180635 0.957712
vn -0.164248 0.145604 0.975614
vn -0.038843 0.113889 0.992734
vn 0.093627 0.089980 0.991533
vn 0.159431 0.065000 0.985067
vn 0.120357 0.039041 0.991963
vn -0.002264 0.028103 0.999602
vn -0.133126 0.044767 0.990088
vn -0.200345 0.076462 0.976737
vn -0.173790 0.097263 0.979968
vn -0.050008 0.088396 0.994829
vn 0.124656 0.047327 0.991071
vn 0.241386 -0.005144 0.970416
vn 0.225672 -0.040215 0.973373
vn 0.086740 -0.040749 0.995397
vn -0.080758 -0.015312 0.996616
vn -0.168884 0.002198 0.985634
vn -0.159216 -0.007091 0.987218
vn -0.094958 -0.027925 0.995089
vn -0.024916 -0.031099 0.999206
vn 0.028299 -0.008169 0.999566
vn 0.060831 0.021665 0.997913
vn 0.068180 0.037856 0.996955
vn 0.047816 0.039032 0.998093
vn 0.007256 0.033315 0.999419
vn -0.042799 0.019084 0.998901
vn -0.090020 -0.014465 0.995835
vn -0.108378 -0.068990 0.991713
vn -0.070247 -0.129050 0.989147
vn 0.016778 -0.173729 0.984651
vn 0.105033 -0.190664 0.976020
vn 0.152475 -0.179438 0.971881
vn 0.148460 -0.143475 0.978455
vn 0.096594 -0.085432 0.991651
vn 0.012560 -0.006133 0.999902
vn -0.057989 0.095418 0.993747
vn -0.057357 0.215194 0.974886
vn 0.030045 0.328533 0.944015
vn 0.148333 0.391110 0.908312
vn 0.212623 0.377512 0.901264
vn 0.161940 0.287189 0.944086
vn -0.020958 0.135870 0.990505
vn -0.231552 -0.003308 0.972817
vn -0.324865 -0.059022 0.943917
vn -0.266503 -0.036337 0.963149
vn -0.097018 0.028824 0.994865
vn 0.064966 0.081442 0.994559
vn 0.131132 0.083687 0.987826
vn 0.123866 0.034883 0.991686
vn 0.106843 -0.043991 0.993302
vn 0.112261 -0.121589 0.986212
vn 0.120007 -0.171581 0.977833
vn 0.095325 -0.184330 0.978231
vn 0.034092 -0.168483 0.985115
vn -0.026242 -0.145781 0.988969
vn -0.044790 -0.137865 0.989438
vn -0.021515 -0.152421 0.988081
vn 0.011697 -0.183291 0.982989
vn 0.031237 -0.217342 0.975596
vn 0.034441 -0.241044 0.969903
vn 0.021504 -0.248913 0.968287
vn 0.010508 -0.247502 0.968830
vn 0.129571 0.073135 0.988869
vn 0.159030 0.053977 0.985797
vn 0.158342 0.039317 0.986601
vn 0.073337 0.049044 0.996101
vn -0.018320 0.078316 0.996760
vn -0.060429 0.104817 0.992654
vn -0.056036 0.111027 0.992236
vn -0.024895 0.095132 0.995153
vn 0.023502 0.067066 0.997472
vn 0.068646 0.041202 0.996790
vn 0.075061 0.031664 0.996676
vn 0.036162 0.044132 0.998371
vn 0.004254 0.067014 0.997743
vn 0.043859 0.080123 0.995820
vn 0.144021 0.079866 0.986346
vn 0.207003 0.088803 0.974302
vn 0.150353 0.128262 0.980277
vn -0.015057 0.183978 0.982815
vn -0.179617 0.215248 0.959899
vn -0.246747 0.209082 0.946256
vn -0.199317 0.182961 0.962703
vn -0.068343 0.155033 0.985542
vn 0.069389 0.130348 0.989037
vn 0.133136 0.103393 0.985690
vn 0.097885 0.073803 0.992457
vn -0.004323 0.055375 0.998456
vn -0.111599 0.061688 0.991837
vn -0.173755 0.085819 0.981043
vn -0.163616 0.107756 0.980621
vn -0.069183 0.110387 0.991478
vn 0.079189 0.082234 0.993462
vn 0.191365 0.026981 0.981148
vn 0.193264 -0.030967 0.980658
vn 0.084348 -0.061824 0.994517
vn -0.064745 -0.053294 0.996478
vn -0.161317 -0.028506 0.986491
vn -0.168568 -0.018913 0.985509
vn -0.106907 -0.029652 0.993827
vn -0.022581 -0.042604 0.998837
vn 0.042162 -0.044195 0.998133
vn 0.070703 -0.040848 0.996661
vn 0.067864 -0.042322 0.996797
vn 0.044873 -0.042715 0.998079
vn 0.007051 -0.028538 0.999568
vn -0.047954 -0.000114 0.998850
vn -0.110648 0.025888 0.993522
vn -0.143906 0.034714 0.988982
vn -0.110088 0.023956 0.993633
vn -0.012739 -0.002379 0.999916
vn 0.098638 -0.034163 0.994537
vn 0.175071 -0.053634 0.983094
vn 0.199303 -0.045555 0.978878
vn 0.170422 -0.006868 0.985347
vn 0.103675 0.055410 0.993067
vn 0.046178 0.132048 0.990167
vn 0.049277 0.214218 0.975542
vn 0.111523 0.283963 0.952328
vn 0.170476 0.313472 0.934170
vn 0.155719 0.283709 0.946182
vn 0.030860 0.189603 0.981376
vn -0.165517 0.059984 0.984381
vn -0.311868 -0.034906 0.949484
vn -0.330502 -0.059034 0.941957
vn -0.214757 -0.019274 0.976477
vn -0.027275 0.055627 0.998079
vn 0.101047 0.115611 0.988142
vn 0.117662 0.133496 0.984040
vn 0.075360 0.114890 0.990516
vn 0.049677 0.081615 0.995425
vn 0.067306 0.053095 0.996319
vn 0.093754 0.033098 0.995045
vn 0.080573 0.013474 0.996658
vn 0.018178 -0.016268 0.999702
vn -0.051068 -0.060148 0.996882
vn -0.077154 -0.111647 0.990748
vn -0.054840 -0.158034 0.985910
vn -0.015059 -0.187805 0.982091
vn 0.017775 -0.195694 0.980504
vn 0.036742 -0.182313 0.982554
vn 0.032608 -0.155853 0.987242
vn 0.022780 -0.133829 0.990743
vn 0.091258 0.113603 0.989326
vn 0.120775 0.060316 0.990846
vn 0.136406 -0.002394 0.990650
vn 0.085155 -0.028813 0.995951
vn 0.013392 -0.010699 0.999853
vn -0.037973 0.024675 0.998974
vn -0.058882 0.047107 0.997153
vn -0.049191 0.046944 0.997686
vn -0.006176 0.031721 0.999478
vn 0.054041 0.018256 0.998372
vn 0.090897 0.029491 0.995424
vn 0.079329 0.079980 0.993635
vn 0.048527 0.152368 0.987132
vn 0.061395 0.201365 0.977590
vn 0.135693 0.196699 0.971029
vn 0.202402 0.154443 0.967048
vn 0.170403 0.122402 0.977743
vn 0.018921 0.128009 0.991593
vn -0.162589 0.155390 0.974381
vn -0.254872 0.175772 0.950865
vn -0.222327 0.179563 0.958294
vn -0.095577 0.166147 0.981458
vn 0.041584 0.136312 0.989793
vn 0.103377 0.095788 0.990019
vn 0.071608 0.054346 0.995951
vn -0.014427 0.025796 0.999563
vn -0.101889 0.019232 0.994610
vn -0.155444 0.029667 0.987399
vn -0.151553 0.045295 0.987411
vn -0.077037 0.053473 0.995593
vn 0.041877 0.037789 0.998408
vn 0.133188 -0.010264 0.991038
vn 0.140393 -0.072667 0.987426
vn 0.064691 -0.111809 0.991622
vn -0.047461 -0.101815 0.993671
vn -0.135563 -0.057069 0.989124
vn -0.160097 -0.018282 0.986932
vn -0.118051 -0.011380 0.992942
vn -0.039327 -0.031374 0.998734
vn 0.029917 -0.057743 0.997883
vn 0.062465 -0.077742 0.995015
vn 0.066174 -0.087364 0.993976
vn 0.061513 -0.077264 0.995111
vn 0.049852 -0.033910 0.998181
vn 0.011749 0.043712 0.998975
vn -0.054588 0.135721 0.989242
vn -0.108002 0.213437 0.970969
vn -0.104243 0.256965 0.960782
vn -0.040010 0.255532 0.965972
vn 0.054130 0.208970 0.976423
vn 0.141833 0.138205 0.980195
vn 0.194897 0.076543 0.977833
vn 0.195664 0.046171 0.979584
vn 0.150940 0.050726 0.987241
vn 0.104507 0.081525 0.991177
vn 0.104600 0.122478 0.986944
vn 0.144506 0.152327 0.977709
vn 0.160925 0.150295 0.975456
vn 0.092613 0.106946 0.989942
vn -0.067187 0.034445 0.997146
vn -0.243466 -0.027838 0.969510
vn -0.339687 -0.047820 0.939322
vn -0.310827 -0.025413 0.950127
vn -0.156286 0.027944 0.987316
vn 0.039029 0.090125 0.995165
vn 0.142429 0.134720 0.980594
vn 0.129039 0.154686 0.979500
vn 0.070165 0.157682 0.984994
vn 0.044249 0.159055 0.986278
vn 0.064054 0.166928 0.983886
vn 0.081425 0.173027 0.981546
vn 0.047219 0.162536 0.985572
vn -0.038907 0.125673 0.991308
vn -0.121771 0.065427 0.990400
vn -0.143716 -0.002528 0.989616
vn -0.099643 -0.058499 0.993302
vn -0.027285 -0.084390 0.996059
vn 0.037572 -0.072350 0.996671
vn 0.076965 -0.029772 0.996589
vn 0.072469 0.023149 0.997102
vn 0.056232 0.059896 0.996620
vn 0.023009 0.094598 0.995250
vn 0.044020 0.024173 0.998738
vn 0.070349 -0.067860 0.995212
vn 0.064689 -0.125093 0.990034
vn 0.034933 -0.129424 0.990974
vn -0.002920 -0.098939 0.995089
vn -0.034040 -0.059812 0.997629
vn -0.040473 -0.027144 0.998812
vn -0.005206 -0.005522 0.999971
vn 0.066605 0.009427 0.997735
vn 0.136145 0.036518 0.990016
vn 0.158146 0.097602 0.982580
vn 0.126468 0.184377 0.974685
vn 0.089026 0.246730 0.964986
vn 0.096416 0.237137 0.966680
vn 0.132236 0.155595 0.978930
vn 0.121648 0.057841 0.990887
vn 0.018962 0.011489 0.999754
vn -0.130154 0.036345 0.990827
vn -0.225741 0.096111 0.969435
vn -0.215042 0.143485 0.966007
vn -0.116810 0.151361 0.981552
vn -0.002358 0.113453 0.993541
vn 0.051792 0.046684 0.997566
vn 0.027665 -0.021483 0.999386
vn -0.039435 -0.069296 0.996816
vn -0.107210 -0.090335 0.990124
vn -0.148283 -0.090786 0.984769
vn -0.141293 -0.079352 0.986782
vn -0.077390 -0.067483 0.994714
vn 0.015599 -0.073185 0.997196
vn 0.082826 -0.107525 0.990746
vn 0.093120 -0.154955 0.983523
vn 0.054948 -0.179498 0.982222
vn -0.009797 -0.154491 0.987946
vn -0.079035 -0.086997 0.993068
vn -0.123833 -0.017029 0.992157
vn -0.119582 0.015428 0.992705
vn -0.068848 0.000942 0.997627
vn -0.004473 -0.040781 0.999158
vn 0.040742 -0.081650 0.995828
vn 0.068052 -0.102090 0.992445
vn 0.098009 -0.089311 0.991170
vn 0.127336 -0.033570 0.991291
vn 0.121977 0.065058 0.990398
vn 0.063396 0.188840 0.979959
vn -0.014535 0.302897 0.952912
vn -0.061120 0.375091 0.924971
vn -0.060761 0.391563 0.918143
vn -0.022808 0.350156 0.936414
vn 0.040867 0.258593 0.965122
vn 0.107978 0.142072 0.983949
vn 0.144408 0.040318 0.988696
vn 0.138158 -0.016635 0.990270
vn 0.118474 -0.025629 0.992626
vn 0.123115 -0.007490 0.992364
vn 0.145514 0.007409 0.989328
vn 0.133516 -0.002141 0.991044
vn 0.044970 -0.035096 0.998372
vn -0.104498 -0.065474 0.992368
vn -0.245347 -0.061669 0.967472
vn -0.310320 -0.017973 0.950462
vn -0.261855 0.047754 0.963925
vn -0.101447 0.111633 0.988558
vn 0.080554 0.150662 0.985298
vn 0.165046 0.161157 0.973031
vn 0.139153 0.154744 0.978106
vn 0.078359 0.143409 0.986556
vn 0.058789 0.140556 0.988326
vn 0.081332 0.151937 0.985038
vn 0.087820 0.170073 0.981510
vn 0.030802 0.181604 0.982889
vn -0.079162 0.175524 0.981287
vn -0.175679 0.149795 0.972984
vn -0.197523 0.112386 0.973835
vn -0.136098 0.077014 0.987697
vn -0.028960 0.063435 0.997566
vn 0.072519 0.085470 0.993698
vn 0.130833 0.134648 0.982218
vn 0.119919 0.187430 0.974930
vn 0.093942 0.220381 0.970880
vn -0.049307 0.057133 0.997148
vn -0.041309 -0.003488 0.999140
vn -0.012811 -0.087776 0.996058
vn 0.022818 -0.149716 0.988466
vn 0.039708 -0.168889 0.984835
vn 0.032242 -0.151809 0.987884
vn 0.013117 -0.111727 0.993652
vn 0.005117 -0.059944 0.998189
vn 0.030429 -0.011454 0.999471
vn 0.096074 0.018695 0.995199
vn 0.178184 0.035244 0.983366
vn 0.225627 0.064950 0.972046
vn 0.199810 0.121592 0.972261
vn 0.116327 0.173291 0.977977
vn 0.042381 0.164011 0.985548
vn 0.022292 0.075896 0.996867
vn 0.026798 -0.041144 0.998794
vn -0.002596 -0.106564 0.994302
vn -0.078684 -0.084547 0.993308
vn -0.154317 -0.003927 0.988014
vn -0.173780 0.071997 0.982149
vn -0.130000 0.095716 0.986883
vn -0.065157 0.054927 0.996362
vn -0.031239 -0.029493 0.999077
vn -0.044064 -0.117704 0.992071
vn -0.082531 -0.178330 0.980503
vn -0.121554 -0.203287 0.971545
vn -0.142148 -0.199221 0.969590
vn -0.126036 -0.177634 0.975992
vn -0.069329 -0.155397 0.985416
vn 0.001241 -0.152342 0.988327
vn 0.049394 -0.175173 0.983298
vn 0.066345 -0.206473 0.976200
vn 0.064684 -0.217225 0.973976
vn 0.046488 -0.187347 0.981193
vn 0.002143 -0.117525 0.993068
vn -0.058935 -0.034039 0.997681
vn -0.100247 0.022980 0.994697
vn -0.095257 0.029275 0.995022
vn -0.052880 -0.009176 0.998559
vn 0.000725 -0.063970 0.997952
vn 0.058048 -0.103348 0.992950
vn 0.128960 -0.107550 0.985800
vn 0.201019 -0.070307 0.977061
vn 0.231832 0.004544 0.972745
vn 0.192172 0.106952 0.975516
vn 0.098691 0.215416 0.971522
vn 0.000105 0.297107 0.954844
vn -0.068740 0.329642 0.941600
vn -0.097578 0.307745 0.946452
vn -0.082201 0.233646 0.968841
vn -0.027635 0.118989 0.992511
vn 0.038526 -0.000954 0.999257
vn 0.085695 -0.080340 0.993077
vn 0.113351 -0.101620 0.988345
vn 0.137483 -0.083068 0.987015
vn 0.151163 -0.058528 0.986775
vn 0.121265 -0.051596 0.991278
vn 0.029669 -0.060390 0.997734
vn -0.095352 -0.060889 0.993580
vn -0.199854 -0.028226 0.979419
vn -0.240825 0.040590 0.969719
vn -0.190204 0.124125 0.973866
vn -0.053866 0.187861 0.980717
vn 0.089614 0.203579 0.974949
vn 0.146602 0.173813 0.973805
vn 0.109999 0.119518 0.986720
vn 0.055044 0.064235 0.996416
vn 0.053644 0.030018 0.998109
vn 0.095687 0.027276 0.995038
vn 0.112594 0.053080 0.992222
vn 0.053185 0.095284 0.994028
vn -0.069229 0.137101 0.988135
vn -0.180807 0.163082 0.969904
vn -0.212846 0.169824 0.962214
vn -0.148285 0.167074 0.974730
vn -0.019060 0.172746 0.984782
vn 0.108294 0.199337 0.973929
vn 0.175255 0.238330 0.955240
vn 0.154422 0.272120 0.949792
vn 0.119589 0.288954 0.949844
vn -0.097946 0.026925 0.994827
vn -0.100827 -0.003058 0.994899
vn -0.076961 -0.049306 0.995814
vn -0.017949 -0.090747 0.995712
vn 0.032820 -0.111294 0.993245
vn 0.055706 -0.106734 0.992726
vn 0.059206 -0.078903 0.995123
vn 0.060316 -0.033890 0.997604
vn 0.073430 0.010032 0.997250
vn 0.113280 0.026836 0.993201
vn 0.182428 0.009578 0.983173
vn 0.242666 -0.014652 0.969999
vn 0.233465 -0.014891 0.972251
vn 0.132433 0.003752 0.991185
vn -0.001319 0.000932 0.999999
vn -0.072244 -0.050894 0.996088
vn -0.059943 -0.127061 0.990082
vn -0.024570 -0.173629 0.984505
vn -0.027784 -0.160163 0.986699
vn -0.073855 -0.100586 0.992183
vn -0.120666 -0.038670 0.991940
vn -0.135892 -0.016164 0.990592
vn -0.127678 -0.047975 0.990655
vn -0.120109 -0.118406 0.985674
vn -0.121419 -0.191781 0.973898
vn -0.125383 -0.237286 0.963314
vn -0.126806 -0.243489 0.961579
vn -0.119580 -0.213815 0.969528
vn -0.093698 -0.163840 0.982027
vn -0.049510 -0.121001 0.991417
vn -0.004780 -0.109644 0.993959
vn 0.026004 -0.129862 0.991191
vn 0.049100 -0.159615 0.985958
vn 0.075101 -0.175746 0.981567
vn 0.093048 -0.165221 0.981858
vn 0.076414 -0.123582 0.989388
vn 0.016607 -0.057119 0.998229
vn -0.056826 0.009181 0.998342
vn -0.100700 0.041762 0.994040
vn -0.097499 0.026084 0.994894
vn -0.053887 -0.023409 0.998273
vn 0.023497 -0.075934 0.996836
vn 0.129151 -0.106972 0.985838
vn 0.233986 -0.110110 0.965985
vn 0.290286 -0.091790 0.952527
vn 0.270733 -0.058251 0.960891
vn 0.183104 -0.012497 0.983014
vn 0.062114 0.037445 0.997366
vn -0.051950 0.077903 0.995606
vn -0.131499 0.096419 0.986616
vn -0.160239 0.083920 0.983504
vn -0.131136 0.038115 0.990631
vn -0.054627 -0.025707 0.998176
vn 0.037520 -0.074830 0.996490
vn 0.114889 -0.086183 0.989633
vn 0.164904 -0.065971 0.984101
vn 0.176257 -0.038015 0.983610
vn 0.132305 -0.020777 0.990991
vn 0.035784 -0.015495 0.999239
vn -0.073392 -0.008647 0.997266
vn -0.148759 0.017831 0.988713
vn -0.167363 0.072601 0.983219
vn -0.119832 0.142065 0.982577
vn -0.020873 0.190513 0.981463
vn 0.067347 0.184831 0.980460
vn 0.081050 0.122347 0.989172
vn 0.028224 0.028456 0.999197
vn -0.011604 -0.058365 0.998228
vn 0.022287 -0.110338 0.993644
vn 0.104665 -0.117721 0.987516
vn 0.155449 -0.082819 0.984366
vn 0.115787 -0.017306 0.993123
vn -0.008370 0.060644 0.998124
vn -0.140241 0.126572 0.981994
vn -0.192928 0.167947 0.966733
vn -0.134953 0.193446 0.971785
vn 0.004135 0.217273 0.976102
vn 0.141097 0.244043 0.959445
vn 0.202688 0.265428 0.942585
vn 0.168336 0.272844 0.947217
vn 0.126216 0.268676 0.954926
vn -0.109059 -0.014570 0.993929
vn -0.117108 -0.007832 0.993088
vn -0.100415 -0.005581 0.994930
vn -0.039419 -0.013276 0.999135
vn 0.023928 -0.023440 0.999439
vn 0.065240 -0.024594 0.997567
vn 0.086415 -0.011594 0.996192
vn 0.094051 0.010699 0.995510
vn 0.091027 0.025599 0.995519
vn 0.095772 0.010292 0.995350
vn 0.137618 -0.043483 0.989530
vn 0.201475 -0.112291 0.973036
vn 0.216096 -0.161098 0.962990
vn 0.131847 -0.177598 0.975231
vn -0.011700 -0.171829 0.985057
vn -0.104816 -0.166419 0.980468
vn -0.096471 -0.173949 0.980018
vn -0.035948 -0.184270 0.982218
vn -0.004159 -0.183648 0.982983
vn -0.032353 -0.170514 0.984824
vn -0.090401 -0.154022 0.983923
vn -0.138232 -0.148643 0.979182
vn -0.164569 -0.164184 0.972605
vn -0.173523 -0.195161 0.965299
vn -0.163996 -0.221690 0.961228
vn -0.135607 -0.222813 0.965383
vn -0.097109 -0.186354 0.977672
vn -0.059731 -0.113378 0.991755
vn -0.030625 -0.025649 0.999202
vn -0.013814 0.039285 0.999133
vn -0.007699 0.057048 0.998342
vn -0.001344 0.034696 0.999397
vn 0.019928 -0.003302 0.999796
vn 0.059874 -0.038567 0.997461
vn 0.100804 -0.062189 0.992961
vn 0.112262 -0.064109 0.991608
vn 0.074775 -0.035065 0.996584
vn -0.001550 0.017185 0.999851
vn -0.078313 0.063017 0.994935
vn -0.117260 0.075512 0.990226
vn -0.101009 0.051963 0.993528
vn -0.026589 0.006753 0.999624
vn 0.092513 -0.044897 0.994699
vn 0.211920 -0.095233 0.972636
vn 0.277125 -0.143474 0.950061
vn 0.265325 -0.189239 0.945405
vn 0.190862 -0.224905 0.955505
vn 0.088115 -0.236848 0.967543
vn -0.012518 -0.215275 0.976473
vn -0.094307 -0.162611 0.982173
vn -0.141959 -0.096405 0.985167
vn -0.137485 -0.041463 0.989636
vn -0.074799 -0.012676 0.997118
vn 0.024952 -0.007154 0.999663
vn 0.121822 -0.011810 0.992482
vn 0.184481 -0.016697 0.982694
vn 0.195381 -0.019321 0.980537
vn 0.143930 -0.019784 0.989390
vn 0.041988 -0.018140 0.998953
vn -0.062299 -0.013787 0.997962
vn -0.120655 -0.001410 0.992694
vn -0.120857 0.027513 0.992289
vn -0.074652 0.068327 0.994866
vn -0.010946 0.093125 0.995594
vn 0.021431 0.071912 0.997181
vn -0.009490 0.002919 0.999951
vn -0.070254 -0.083380 0.994038
vn -0.083015 -0.151313 0.984994
vn -0.006873 -0.185751 0.982573
vn 0.120085 -0.183178 0.975718
vn 0.208154 -0.146973 0.966991
vn 0.193869 -0.086823 0.977178
vn 0.076032 -0.012182 0.997031
vn -0.073110 0.062196 0.995383
vn -0.148202 0.123232 0.981249
vn -0.101184 0.172128 0.979864
vn 0.035117 0.210033 0.977063
vn 0.163294 0.229792 0.959443
vn 0.206718 0.226027 0.951935
vn 0.156975 0.201124 0.966906
vn 0.110116 0.173796 0.978606
vn -0.084376 -0.073776 0.993699
vn -0.091832 -0.039649 0.994985
vn -0.082403 -0.000702 0.996599
vn -0.035841 0.018257 0.999191
vn 0.021667 0.018637 0.999592
vn 0.067764 0.016869 0.997559
vn 0.094451 0.021581 0.995296
vn 0.097315 0.025907 0.994916
vn 0.073023 0.014622 0.997223
vn 0.044340 -0.025686 0.998686
vn 0.059423 -0.096487 0.993559
vn 0.123750 -0.180547 0.975750
vn 0.165437 -0.250191 0.953958
vn 0.120198 -0.286706 0.950448
vn 0.010612 -0.279929 0.959962
vn -0.073215 -0.237587 0.968603
vn -0.076747 -0.190192 0.978743
vn -0.033795 -0.165456 0.985638
vn -0.013493 -0.170822 0.985209
vn -0.043279 -0.192638 0.980315
vn -0.097525 -0.212577 0.972265
vn -0.144054 -0.224001 0.963884
vn -0.171777 -0.228455 0.958280
vn -0.176128 -0.222504 0.958890
vn -0.148595 -0.195871 0.969306
vn -0.088891 -0.139707 0.986195
vn -0.015367 -0.053033 0.998474
vn 0.041507 0.053330 0.997714
vn 0.057432 0.154278 0.986357
vn 0.032046 0.220531 0.974853
vn -0.009137 0.238907 0.970999
vn -0.033354 0.219923 0.974947
vn -0.023173 0.184237 0.982609
vn 0.017003 0.144135 0.989412
vn 0.068249 0.103681 0.992266
vn 0.103836 0.072387 0.991957
vn 0.097793 0.065207 0.993068
vn 0.041414 0.085901 0.995443
vn -0.041896 0.119205 0.991985
vn -0.107271 0.143550 0.983812
vn -0.121239 0.145963 0.981833
vn -0.073134 0.119827 0.990097
vn 0.026281 0.060499 0.997822
vn 0.135042 -0.028475 0.990431
vn 0.196715 -0.132708 0.971438
vn 0.188207 -0.235468 0.953485
vn 0.132928 -0.318718 0.938482
vn 0.071675 -0.364319 0.928512
vn 0.025220 -0.360833 0.932289
vn -0.010171 -0.304073 0.952595
vn -0.038430 -0.201001 0.978837
vn -0.047025 -0.080659 0.995632
vn -0.019981 0.012434 0.999723
vn 0.038394 0.047093 0.998152
vn 0.105638 0.022200 0.994157
vn 0.157651 -0.037535 0.986781
vn 0.172691 -0.097446 0.980144
vn 0.132650 -0.132975 0.982202
vn 0.041546 -0.139248 0.989386
vn -0.056301 -0.127311 0.990264
vn -0.107615 -0.110194 0.988067
vn -0.099218 -0.089895 0.990997
vn -0.055930 -0.067415 0.996156
vn -0.017800 -0.056267 0.998257
vn -0.021870 -0.069976 0.997309
vn -0.073472 -0.101895 0.992078
vn -0.126154 -0.130824 0.983346
vn -0.114781 -0.144742 0.982789
vn -0.011565 -0.145456 0.989297
vn 0.140274 -0.136638 0.980639
vn 0.246885 -0.121673 0.961376
vn 0.247015 -0.102804 0.963543
vn 0.141113 -0.075052 0.987145
vn -0.005005 -0.029357 0.999556
vn -0.086012 0.035033 0.995678
vn -0.049155 0.106260 0.993123
vn 0.067046 0.159885 0.984856
vn 0.164644 0.172601 0.971134
vn 0.178677 0.142543 0.973528
vn 0.116620 0.086933 0.989365
vn 0.071107 0.041823 0.996592
vn -0.040736 -0.089867 0.995120
vn -0.044285 -0.050009 0.997766
vn -0.042767 -0.004416 0.999075
vn -0.020097 0.015992 0.999670
vn 0.022573 0.011367 0.999681
vn 0.068277 0.002717 0.997663
vn 0.095436 0.003348 0.995430
vn 0.087121 0.005789 0.996181
vn 0.039645 -0.006887 0.999190
vn -0.015538 -0.043953 0.998913
vn -0.020129 -0.102946 0.994483
vn 0.041217 -0.175552 0.983607
vn 0.103857 -0.246421 0.963582
vn 0.100610 -0.294214 0.950429
vn 0.042431 -0.297463 0.953790
vn -0.009312 -0.251675 0.967767
vn -0.020647 -0.185251 0.982474
vn -0.015505 -0.141060 0.989880
vn -0.032537 -0.138366 0.989847
vn -0.076849 -0.161289 0.983911
vn -0.124539 -0.185388 0.974742
vn -0.155691 -0.199547 0.967441
vn -0.163196 -0.198143 0.966492
vn -0.139934 -0.169167 0.975603
vn -0.079556 -0.102082 0.991590
vn 0.008489 -0.004180 0.999955
vn 0.094868 0.100469 0.990407
vn 0.144909 0.192207 0.970597
vn 0.135731 0.263524 0.955056
vn 0.071896 0.308708 0.948436
vn -0.007907 0.323485 0.946200
vn -0.056739 0.315013 0.947390
vn -0.057154 0.297149 0.953119
vn -0.022081 0.276484 0.960765
vn 0.027880 0.251160 0.967544
vn 0.072341 0.221282 0.972523
vn 0.086318 0.195044 0.976989
vn 0.052002 0.181728 0.981973
vn -0.018765 0.183572 0.982827
vn -0.087844 0.194805 0.976900
vn -0.122971 0.201720 0.971693
vn -0.111939 0.184128 0.976507
vn -0.056235 0.124761 0.990592
vn 0.020631 0.022857 0.999526
vn 0.072922 -0.100043 0.992307
vn 0.075604 -0.214994 0.973684
vn 0.051741 -0.300984 0.952225
vn 0.040899 -0.346434 0.937182
vn 0.056531 -0.345232 0.936813
vn 0.081604 -0.293421 0.952494
vn 0.091873 -0.195549 0.976381
vn 0.078371 -0.078689 0.993814
vn 0.053101 0.007146 0.998564
vn 0.034826 0.019737 0.999198
vn 0.037459 -0.047001 0.998192
vn 0.065007 -0.158102 0.985281
vn 0.097978 -0.257165 0.961388
vn 0.098536 -0.308566 0.946085
vn 0.046375 -0.310983 0.949283
vn -0.031850 -0.281404 0.959061
vn -0.080907 -0.242691 0.966724
vn -0.076001 -0.208564 0.975051
vn -0.039986 -0.180800 0.982707
vn -0.013313 -0.158806 0.987220
vn -0.024605 -0.138300 0.990085
vn -0.071740 -0.109741 0.991368
vn -0.114199 -0.070776 0.990934
vn -0.097744 -0.033397 0.994651
vn 0.000946 -0.013089 0.999914
vn 0.142061 -0.018589 0.989683
vn 0.240330 -0.048956 0.969456
vn 0.240458 -0.095277 0.965972
vn 0.150355 -0.137738 0.978990
vn 0.037345 -0.144085 0.988860
vn -0.014600 -0.095084 0.995362
vn 0.023888 -0.008017 0.999683
vn 0.105834 0.067341 0.992101
vn 0.151884 0.087435 0.984523
vn 0.126117 0.049577 0.990776
vn 0.057791 -0.015281 0.998212
vn 0.020677 -0.062190 0.997850
vn -0.004538 0.006363 0.999969
vn -0.006405 0.028808 0.999564
vn -0.016544 0.048378 0.998692
vn -0.020057 0.042640 0.998889
vn 0.008401 0.013889 0.999868
vn 0.059809 -0.014634 0.998103
vn 0.097493 -0.022794 0.994975
vn 0.087216 -0.013225 0.996102
vn 0.023408 -0.004868 0.999714
vn -0.052152 -0.012440 0.998562
vn -0.074405 -0.038924 0.996468
vn -0.025292 -0.084684 0.996087
vn 0.041852 -0.145582 0.988461
vn 0.068716 -0.201166 0.977144
vn 0.058930 -0.222411 0.973170
vn 0.046733 -0.197991 0.979089
vn 0.038673 -0.149445 0.988013
vn 0.014389 -0.112573 0.993539
vn -0.034916 -0.101585 0.994214
vn -0.093631 -0.103218 0.990242
vn -0.140455 -0.103597 0.984652
vn -0.161282 -0.100375 0.981791
vn -0.144305 -0.086326 0.985761
vn -0.081273 -0.041957 0.995808
vn 0.015901 0.041274 0.999021
vn 0.112428 0.138189 0.984004
vn 0.179450 0.212444 0.960555
vn 0.204340 0.252980 0.945646
vn 0.175661 0.272478 0.945991
vn 0.094260 0.285257 0.953805
vn -0.002290 0.295301 0.955402
vn -0.061181 0.302653 0.951135
vn -0.064818 0.309072 0.948827
vn -0.033209 0.313610 0.948971
vn 0.008119 0.309769 0.950777
vn 0.042761 0.290376 0.955957
vn 0.054056 0.255921 0.965185
vn 0.028052 0.216358 0.975911
vn -0.027394 0.185214 0.982316
vn -0.086602 0.169777 0.981670
vn -0.131385 0.161842 0.978031
vn -0.152139 0.140767 0.978283
vn -0.137460 0.089765 0.986431
vn -0.090047 0.009182 0.995895
vn -0.041001 -0.081748 0.995809
vn -0.017649 -0.158280 0.987237
vn -0.007053 -0.206702 0.978378
vn 0.024115 -0.225700 0.973898
vn 0.086195 -0.217323 0.972287
vn 0.153031 -0.182333 0.971255
vn 0.184782 -0.127215 0.974511
vn 0.157778 -0.071960 0.984849
vn 0.078609 -0.047997 0.995749
vn -0.015723 -0.081071 0.996584
vn -0.072698 -0.168783 0.982969
vn -0.058150 -0.277866 0.958858
vn 0.009778 -0.364825 0.931025
vn 0.068380 -0.403689 0.912337
vn 0.068437 -0.395655 0.915846
vn 0.018421 -0.353757 0.935156
vn -0.028062 -0.296816 0.954522
vn -0.032043 -0.243707 0.969319
vn -0.003045 -0.199863 0.979819
vn 0.026128 -0.156999 0.987253
vn 0.028081 -0.101257 0.994464
vn -0.005796 -0.026879 0.999622
vn -0.051040 0.049883 0.997450
vn -0.058060 0.100788 0.993212
vn 0.003086 0.109940 0.993933
vn 0.104752 0.075341 0.991640
vn 0.174246 0.001347 0.984701
vn 0.163092 -0.100248 0.981505
vn 0.093541 -0.198393 0.975649
vn 0.038879 -0.247510 0.968105
vn 0.049944 -0.223127 0.973509
vn 0.112068 -0.139667 0.983836
vn 0.162491 -0.051685 0.985355
vn 0.149969 -0.013731 0.988595
vn 0.079122 -0.034522 0.996267
vn 0.005492 -0.082037 0.996614
vn -0.022522 -0.116098 0.992982
vn 0.003927 0.159778 0.987145
vn -0.002277 0.157051 0.987588
vn -0.028627 0.143647 0.989215
vn -0.054231 0.111708 0.992260
vn -0.034678 0.063265 0.997394
vn 0.031616 0.015900 0.999374
vn 0.096800 -0.006125 0.995285
vn 0.104912 0.005374 0.994467
vn 0.040437 0.035993 0.998534
vn -0.049584 0.064139 0.996708
vn -0.092140 0.075325 0.992893
vn -0.066046 0.061388 0.995926
vn -0.013069 0.019858 0.999717
vn 0.024574 -0.033708 0.999130
vn 0.047961 -0.071048 0.996319
vn 0.067294 -0.079583 0.994554
vn 0.067556 -0.074306 0.994945
vn 0.033307 -0.074395 0.996672
vn -0.023724 -0.077044 0.996745
vn -0.080701 -0.065670 0.994573
vn -0.124699 -0.036823 0.991511
vn -0.141844 -0.001703 0.989888
vn -0.108038 0.037638 0.993434
vn -0.014480 0.093476 0.995516
vn 0.100403 0.165538 0.981079
vn 0.180207 0.228152 0.956803
vn 0.210330 0.255247 0.943722
vn 0.205019 0.241736 0.948436
vn 0.167378 0.207675 0.963772
vn 0.094739 0.185104 0.978142
vn 0.010574 0.191266 0.981481
vn -0.042156 0.217910 0.975058
vn -0.046152 0.248011 0.967657
vn -0.022064 0.269564 0.962730
vn 0.002016 0.273264 0.961937
vn 0.013292 0.250669 0.967982
vn 0.006167 0.201247 0.979521
vn -0.023416 0.137651 0.990204
vn -0.067475 0.079461 0.994552
vn -0.112190 0.039375 0.992906
vn -0.153738 0.016142 0.987980
vn -0.185817 -0.000151 0.982584
vn -0.187993 -0.018970 0.981987
vn -0.150566 -0.043693 0.987634
vn -0.095392 -0.068739 0.993064
vn -0.051288 -0.082352 0.995283
vn -0.017031 -0.078422 0.996775
vn 0.031311 -0.065304 0.997374
vn 0.103625 -0.057958 0.992926
vn 0.175527 -0.062001 0.982520
vn 0.203796 -0.073748 0.976232
vn 0.158454 -0.093108 0.982967
vn 0.044498 -0.125184 0.991135
vn -0.087021 -0.170020 0.981591
vn -0.164284 -0.221531 0.961215
vn -0.146504 -0.274742 0.950291
vn -0.048045 -0.319987 0.946203
vn 0.060052 -0.340308 0.938394
vn 0.106174 -0.326470 0.939225
vn 0.084015 -0.279706 0.956403
vn 0.042145 -0.212878 0.976170
vn 0.028694 -0.149622 0.988327
vn 0.051368 -0.101677 0.993490
vn 0.088174 -0.058825 0.994367
vn 0.106672 -0.004877 0.994282
vn 0.079068 0.061273 0.994984
vn 0.013029 0.118269 0.992896
vn -0.037270 0.140368 0.989398
vn -0.024368 0.120562 0.992407
vn 0.034207 0.064297 0.997344
vn 0.069600 -0.023871 0.997289
vn 0.043770 -0.134691 0.989921
vn 0.000053 -0.237936 0.971281
vn 0.011380 -0.295053 0.955413
vn 0.094396 -0.287369 0.953157
vn 0.191589 -0.226897 0.954888
vn 0.225681 -0.157576 0.961373
vn 0.168344 -0.120561 0.978328
vn 0.058312 -0.123707 0.990604
vn -0.024104 -0.145970 0.988995
vn -0.047781 -0.162747 0.985510
vn -0.010022 0.189001 0.981926
vn -0.022677 0.178625 0.983656
vn -0.062046 0.162957 0.984680
vn -0.100294 0.143156 0.984605
vn -0.087349 0.114252 0.989604
vn -0.009631 0.077947 0.996911
vn 0.087026 0.052640 0.994814
vn 0.128455 0.058793 0.989971
vn 0.081695 0.097078 0.991918
vn -0.012271 0.148319 0.988864
vn -0.075778 0.187687 0.979301
vn -0.079505 0.198746 0.976821
vn -0.052121 0.177426 0.982753
vn -0.020650 0.136609 0.990410
vn 0.014206 0.096559 0.995226
vn 0.044229 0.061789 0.997109
vn 0.044464 0.019830 0.998814
vn 0.011864 -0.031729 0.999426
vn -0.026431 -0.069367 0.997241
vn -0.054197 -0.066330 0.996325
vn -0.078078 -0.021478 0.996716
vn -0.088810 0.043620 0.995093
vn -0.050398 0.110165 0.992635
vn 0.048438 0.171793 0.983942
vn 0.154527 0.221007 0.962952
vn 0.204633 0.246069 0.947404
vn 0.193603 0.234834 0.952560
vn 0.156358 0.183113 0.970578
vn 0.118431 0.113084 0.986502
vn 0.077804 0.067296 0.994695
vn 0.031751 0.070576 0.997001
vn -0.002881 0.109799 0.993950
vn -0.011656 0.154207 0.987970
vn -0.007099 0.181755 0.983318
vn -0.012292 0.181123 0.983384
vn -0.033513 0.145116 0.988847
vn -0.063626 0.076224 0.995059
vn -0.096361 -0.006997 0.995322
vn -0.125815 -0.080542 0.988779
vn -0.148775 -0.130478 0.980225
vn -0.169561 -0.152358 0.973671
vn -0.185780 -0.145270 0.971793
vn -0.179236 -0.114686 0.977098
vn -0.138578 -0.073927 0.987588
vn -0.079377 -0.034457 0.996249
vn -0.027323 0.003447 0.999621
vn 0.010048 0.041302 0.999096
vn 0.044922 0.065732 0.996826
vn 0.090510 0.055520 0.994347
vn 0.139022 0.006432 0.990268
vn 0.155762 -0.061981 0.985848
vn 0.107947 -0.124647 0.986312
vn 0.000452 -0.163248 0.986585
vn -0.117409 -0.167409 0.978872
vn -0.184600 -0.143489 0.972283
vn -0.164918 -0.114940 0.979587
vn -0.062563 -0.104629 0.992541
vn 0.064988 -0.111232 0.991667
vn 0.142607 -0.106441 0.984040
vn 0.147254 -0.066984 0.986828
vn 0.110977 -0.002427 0.993820
vn 0.082279 0.052680 0.995216
vn 0.088502 0.077745 0.993037
vn 0.122556 0.081177 0.989136
vn 0.146884 0.079642 0.985942
vn 0.117045 0.078320 0.990034
vn 0.029037 0.068955 0.997197
vn -0.055948 0.042877 0.997513
vn -0.074095 0.002008 0.997249
vn -0.039707 -0.048594 0.998029
vn -0.023432 -0.108533 0.993817
vn -0.053944 -0.174748 0.983134
vn -0.074565 -0.232131 0.969822
vn -0.015778 -0.263928 0.964413
vn 0.117330 -0.262678 0.957723
vn 0.236808 -0.239372 0.941607
vn 0.262448 -0.219299 0.939696
vn 0.182977 -0.214758 0.959374
vn 0.053637 -0.219061 0.974236
vn -0.033856 -0.222611 0.974319
vn -0.056218 -0.223423 0.973099
vn -0.017789 -0.018560 0.999669
vn -0.029279 -0.011032 0.999510
vn -0.064995 0.012519 0.997807
vn -0.103990 0.050776 0.993281
vn -0.101085 0.084641 0.991271
vn -0.030739 0.097874 0.994724
vn 0.077855 0.096276 0.992305
vn 0.147972 0.103734 0.983536
vn 0.128727 0.138744 0.981926
vn 0.043142 0.196055 0.979643
vn -0.038059 0.248913 0.967778
vn -0.074267 0.272971 0.959151
vn -0.075584 0.263824 0.961605
vn -0.057158 0.236028 0.970064
vn -0.027229 0.204213 0.978548
vn -0.009379 0.162476 0.986668
vn -0.025690 0.095089 0.995137
vn -0.055904 0.009188 0.998394
vn -0.058433 -0.056918 0.996667
vn -0.033034 -0.068702 0.997090
vn -0.015351 -0.023741 0.999600
vn -0.010746 0.053627 0.998503
vn 0.021808 0.133250 0.990843
vn 0.101484 0.192779 0.975980
vn 0.179715 0.220787 0.958622
vn 0.196363 0.217170 0.956179
vn 0.147579 0.182039 0.972153
vn 0.083394 0.116856 0.989641
vn 0.052541 0.042235 0.997725
vn 0.052937 -0.006879 0.998574
vn 0.053507 -0.009944 0.998518
vn 0.042014 0.023277 0.998846
vn 0.026609 0.065889 0.997472
vn 0.005157 0.095442 0.995422
vn -0.035791 0.098718 0.994472
vn -0.093233 0.066428 0.993426
vn -0.145907 -0.000683 0.989298
vn -0.178142 -0.084330 0.980385
vn -0.187949 -0.159272 0.969179
vn -0.180729 -0.208154 0.961254
vn -0.165312 -0.220823 0.961202
vn -0.145608 -0.191279 0.970675
vn -0.115107 -0.125405 0.985406
vn -0.069424 -0.045197 0.996563
vn -0.017745 0.026937 0.999480
vn 0.024298 0.085477 0.996044
vn 0.044971 0.130784 0.990390
vn 0.045326 0.149592 0.987708
vn 0.044536 0.122045 0.991525
vn 0.059768 0.047546 0.997079
vn 0.075598 -0.043277 0.996199
vn 0.058160 -0.107914 0.992458
vn 0.000248 -0.118168 0.992994
vn -0.070431 -0.066773 0.995279
vn -0.116387 0.026594 0.992848
vn -0.110561 0.115521 0.987133
vn -0.044993 0.157455 0.986501
vn 0.060435 0.150117 0.986819
vn 0.153986 0.135626 0.978721
vn 0.187709 0.156219 0.969722
vn 0.158370 0.205477 0.965763
vn 0.105878 0.241578 0.964588
vn 0.078293 0.236354 0.968508
vn 0.089118 0.190703 0.977594
vn 0.103055 0.116575 0.987821
vn 0.067657 0.027111 0.997340
vn -0.022955 -0.059846 0.997944
vn -0.103439 -0.123249 0.986970
vn -0.114034 -0.156199 0.981121
vn -0.075614 -0.167386 0.982988
vn -0.058307 -0.169534 0.983798
vn -0.084384 -0.169003 0.981997
vn -0.094131 -0.164318 0.981906
vn -0.022708 -0.158971 0.987022
vn 0.116048 -0.165066 0.979431
vn 0.230422 -0.191980 0.953965
vn 0.249171 -0.233583 0.939868
vn 0.171160 -0.269120 0.947776
vn 0.052028 -0.277746 0.959244
vn -0.028093 -0.261388 0.964825
vn -0.049142 -0.243033 0.968772
vn 0.004592 -0.322958 0.946402
vn 0.007699 -0.295453 0.955326
vn -0.000831 -0.235724 0.971820
vn -0.028697 -0.146532 0.988790
vn -0.040907 -0.050611 0.997880
vn 0.001974 0.023260 0.999728
vn 0.093936 0.065424 0.993426
vn 0.170749 0.090646 0.981136
vn 0.172951 0.124591 0.977019
vn 0.101285 0.178824 0.978654
vn 0.006889 0.234978 0.971976
vn -0.061818 0.264574 0.962382
vn -0.090631 0.261713 0.960881
vn -0.083593 0.243892 0.966193
vn -0.062595 0.224380 0.972489
vn -0.067336 0.192264 0.979030
vn -0.109329 0.130724 0.985372
vn -0.139239 0.050463 0.988972
vn -0.104036 -0.011018 0.994513
vn -0.021028 -0.024199 0.999486
vn 0.044228 0.012174 0.998947
vn 0.068610 0.078132 0.994579
vn 0.091633 0.147394 0.984824
vn 0.140821 0.194496 0.970742
vn 0.182761 0.205041 0.961539
vn 0.167545 0.182308 0.968861
vn 0.092900 0.137021 0.986202
vn 0.016121 0.080855 0.996595
vn -0.004914 0.027329 0.999614
vn 0.025919 -0.010557 0.999608
vn 0.061903 -0.024095 0.997791
vn 0.072915 -0.013678 0.997244
vn 0.060663 0.012800 0.998076
vn 0.025957 0.045104 0.998645
vn -0.041374 0.070407 0.996660
vn -0.132326 0.071427 0.988629
vn -0.211758 0.036961 0.976623
vn -0.251974 -0.024982 0.967412
vn -0.248556 -0.091851 0.964253
vn -0.210144 -0.139810 0.967622
vn -0.151096 -0.150764 0.976955
vn -0.087742 -0.117298 0.989213
vn -0.031676 -0.050491 0.998222
vn 0.013888 0.024897 0.999594
vn 0.051210 0.091451 0.994492
vn 0.076693 0.146970 0.986163
vn 0.074117 0.189058 0.979165
vn 0.035316 0.204287 0.978274
vn -0.012539 0.178169 0.983920
vn -0.025962 0.114490 0.993085
vn 0.001577 0.040764 0.999168
vn 0.033866 -0.005864 0.999409
vn 0.042065 0.000075 0.999115
vn 0.025787 0.061829 0.997754
vn -0.005675 0.155577 0.987808
vn -0.034504 0.236174 0.971098
vn -0.026891 0.269913 0.962509
vn 0.042924 0.260225 0.964593
vn 0.147579 0.242089 0.958965
vn 0.211011 0.251712 0.944519
vn 0.188792 0.286863 0.939184
vn 0.107622 0.310517 0.944456
vn 0.032269 0.291147 0.956134
vn -0.002072 0.221228 0.975220
vn -0.018806 0.104446 0.994353
vn -0.059605 -0.039392 0.997444
vn -0.120366 -0.164185 0.979058
vn -0.149366 -0.230043 0.961650
vn -0.115560 -0.233910 0.965366
vn -0.051815 -0.195232 0.979387
vn -0.025138 -0.140286 0.989792
vn -0.049643 -0.086017 0.995056
vn -0.065650 -0.039636 0.997055
vn -0.017542 -0.016401 0.999712
vn 0.081983 -0.040119 0.995826
vn 0.167916 -0.114622 0.979115
vn 0.188824 -0.204329 0.960518
vn 0.142958 -0.260165 0.954923
vn 0.065654 -0.256683 0.964263
vn 0.003844 -0.209073 0.977892
vn -0.017431 -0.164131 0.986285
vn 0.041353 -0.442556 0.895787
vn 0.062829 -0.419930 0.905379
vn 0.088591 -0.373412 0.923426
vn 0.082756 -0.302296 0.949615
vn 0.067758 -0.210909 0.975154
vn 0.084779 -0.116584 0.989556
vn 0.145871 -0.042057 0.988409
vn 0.207493 0.005899 0.978219
vn 0.215978 0.044883 0.975366
vn 0.155613 0.095249 0.983215
vn 0.052187 0.150780 0.987189
vn -0.045957 0.184900 0.981682
vn -0.098764 0.189154 0.976968
vn -0.098403 0.181129 0.978524
vn -0.082296 0.174359 0.981237
vn -0.105565 0.160538 0.981368
vn -0.167324 0.128270 0.977522
vn -0.195100 0.088468 0.976785
vn -0.132401 0.065113 0.989055
vn -0.009841 0.069571 0.997528
vn 0.086676 0.096285 0.991573
vn 0.124558 0.135134 0.982967
vn 0.140144 0.175192 0.974509
vn 0.161929 0.199636 0.966398
vn 0.169376 0.193811 0.966307
vn 0.128290 0.159169 0.978881
vn 0.044437 0.113406 0.992555
vn -0.027239 0.077246 0.996640
vn -0.038941 0.055721 0.997687
vn 0.001523 0.038238 0.999268
vn 0.050360 0.018020 0.998569
vn 0.078790 0.003001 0.996887
vn 0.085243 0.006978 0.996336
vn 0.062833 0.036117 0.997370
vn -0.008876 0.082130 0.996582
vn -0.124711 0.121625 0.984710
vn -0.236465 0.129523 0.962968
vn -0.298743 0.101068 0.948967
vn -0.297948 0.052108 0.953159
vn -0.239859 0.006856 0.970783
vn -0.144528 -0.012630 0.989420
vn -0.046217 0.001304 0.998931
vn 0.026645 0.036839 0.998966
vn 0.072458 0.078495 0.994278
vn 0.104981 0.122291 0.986926
vn 0.122773 0.167906 0.978128
vn 0.102363 0.206655 0.973044
vn 0.032993 0.226157 0.973532
vn -0.047358 0.221378 0.974038
vn -0.078481 0.198975 0.976857
vn -0.044575 0.168486 0.984696
vn 0.017705 0.138387 0.990220
vn 0.067438 0.119849 0.990499
vn 0.085686 0.122289 0.988789
vn 0.063207 0.144683 0.987457
vn 0.010762 0.172749 0.984907
vn -0.018683 0.190390 0.981531
vn 0.032601 0.195909 0.980080
vn 0.149176 0.200207 0.968330
vn 0.233765 0.215518 0.948106
vn 0.214146 0.241669 0.946434
vn 0.104545 0.257474 0.960613
vn -0.020484 0.237301 0.971220
vn -0.106078 0.171618 0.979436
vn -0.159621 0.062144 0.985220
vn -0.200236 -0.070001 0.977244
vn -0.213940 -0.177685 0.960551
vn -0.172170 -0.222321 0.959651
vn -0.074650 -0.196278 0.977703
vn 0.023466 -0.120703 0.992411
vn 0.053521 -0.034002 0.997988
vn 0.016035 0.039017 0.999110
vn -0.025717 0.088729 0.995724
vn -0.023410 0.102614 0.994446
vn 0.017785 0.063014 0.997854
vn 0.068907 -0.029232 0.997195
vn 0.108138 -0.131051 0.985460
vn 0.123986 -0.182677 0.975324
vn 0.110747 -0.158929 0.981059
vn 0.070235 -0.084773 0.993922
vn 0.043994 -0.021214 0.998807
vn 0.061945 -0.310439 0.948573
vn 0.092266 -0.316363 0.944141
vn 0.135460 -0.323104 0.936619
vn 0.148943 -0.317974 0.936327
vn 0.150978 -0.285498 0.946412
vn 0.168620 -0.224952 0.959669
vn 0.210711 -0.157455 0.964784
vn 0.252605 -0.104253 0.961937
vn 0.258246 -0.061890 0.964095
vn 0.205697 -0.014021 0.978515
vn 0.098012 0.039139 0.994415
vn -0.023282 0.077219 0.996742
vn -0.096716 0.089419 0.991287
vn -0.101512 0.087768 0.990955
vn -0.085251 0.086286 0.992616
vn -0.114053 0.087721 0.989594
vn -0.180170 0.091606 0.979361
vn -0.200833 0.104066 0.974082
vn -0.123406 0.129921 0.983815
vn 0.010098 0.159687 0.987116
vn 0.109483 0.180471 0.977468
vn 0.147150 0.192058 0.970289
vn 0.156881 0.198164 0.967533
vn 0.160502 0.194422 0.967698
vn 0.142427 0.171259 0.974877
vn 0.085564 0.129784 0.987844
vn 0.009066 0.091014 0.995808
vn -0.042061 0.078845 0.995999
vn -0.043933 0.090520 0.994925
vn -0.011817 0.098543 0.995063
vn 0.026681 0.083283 0.996169
vn 0.061865 0.053842 0.996631
vn 0.093512 0.035029 0.995002
vn 0.100785 0.044032 0.993933
vn 0.045587 0.081840 0.995602
vn -0.080767 0.132352 0.987907
vn -0.224529 0.166172 0.960195
vn -0.317722 0.165306 0.933663
vn -0.333265 0.136062 0.932964
vn -0.272434 0.097506 0.957221
vn -0.158004 0.069885 0.984962
vn -0.038952 0.062014 0.997315
vn 0.045757 0.067191 0.996690
vn 0.100100 0.079431 0.991802
vn 0.141988 0.101886 0.984611
vn 0.162527 0.133169 0.977676
vn 0.133293 0.162523 0.977660
vn 0.050053 0.185053 0.981453
vn -0.040423 0.207731 0.977350
vn -0.079772 0.233477 0.969085
vn -0.060319 0.246339 0.967305
vn -0.015804 0.224750 0.974288
vn 0.025661 0.164456 0.986051
vn 0.051118 0.084123 0.995143
vn 0.045921 0.014650 0.998838
vn 0.011918 -0.018174 0.999764
vn -0.003444 -0.005922 0.999977
vn 0.057145 0.038218 0.997634
vn 0.177736 0.086753 0.980247
vn 0.260567 0.119987 0.957971
vn 0.232663 0.139651 0.962479
vn 0.101268 0.148096 0.983774
vn -0.058405 0.136484 0.988919
vn -0.179525 0.096912 0.978968
vn -0.256737 0.029659 0.966026
vn -0.293828 -0.049873 0.954556
vn -0.270582 -0.111693 0.956196
vn -0.167259 -0.127931 0.977578
vn -0.009624 -0.088701 0.996012
vn 0.113035 -0.015632 0.993468
vn 0.133841 0.057054 0.989359
vn 0.072632 0.112336 0.991012
vn -0.001691 0.144787 0.989461
vn -0.042981 0.149175 0.987876
vn -0.049766 0.117268 0.991853
vn -0.024597 0.050487 0.998422
vn 0.038561 -0.023196 0.998987
vn 0.119612 -0.059530 0.991034
vn 0.167571 -0.037103 0.985162
vn 0.143160 0.022909 0.989434
vn 0.109472 0.072931 0.991311
vn 0.030507 0.037323 0.998837
vn 0.051617 -0.019956 0.998468
vn 0.090444 -0.114345 0.989316
vn 0.126665 -0.202903 0.970972
vn 0.166723 -0.247373 0.954469
vn 0.212224 -0.241708 0.946857
vn 0.258163 -0.207530 0.943548
vn 0.292859 -0.167863 0.941305
vn 0.298393 -0.127930 0.945831
vn 0.252402 -0.083443 0.964018
vn 0.143073 -0.037489 0.989002
vn 0.004031 -0.003561 0.999986
vn -0.089629 0.007878 0.995944
vn -0.103285 0.001058 0.994651
vn -0.083499 -0.009441 0.996463
vn -0.100447 -0.005937 0.994925
vn -0.151179 0.023732 0.988222
vn -0.158673 0.078190 0.984230
vn -0.077888 0.141959 0.986804
vn 0.041885 0.190573 0.980779
vn 0.119915 0.209838 0.970355
vn 0.142272 0.204399 0.968494
vn 0.142745 0.184097 0.972488
vn 0.135470 0.154253 0.978700
vn 0.104470 0.114760 0.987885
vn 0.046611 0.071822 0.996328
vn -0.007441 0.047345 0.998851
vn -0.027684 0.061166 0.997744
vn -0.019055 0.103272 0.994471
vn -0.005798 0.137790 0.990444
vn 0.005371 0.138660 0.990325
vn 0.030439 0.109569 0.993513
vn 0.075427 0.070695 0.994642
vn 0.109243 0.041202 0.993161
vn 0.080453 0.035417 0.996129
vn -0.035703 0.058870 0.997627
vn -0.197543 0.095618 0.975620
vn -0.321435 0.116129 0.939784
vn -0.359388 0.109087 0.926790
vn -0.305347 0.085613 0.948385
vn -0.182257 0.063973 0.981168
vn -0.049670 0.054198 0.997294
vn 0.044475 0.051817 0.997666
vn 0.108156 0.051315 0.992809
vn 0.160152 0.054318 0.985597
vn 0.184694 0.059855 0.980972
vn 0.155299 0.064247 0.985776
vn 0.079709 0.076353 0.993890
vn 0.003729 0.114403 0.993427
vn -0.037610 0.173972 0.984032
vn -0.054115 0.216260 0.974835
vn -0.068400 0.201462 0.977105
vn -0.077276 0.118661 0.989923
vn -0.065317 -0.007424 0.997837
vn -0.038376 -0.123580 0.991592
vn -0.009506 -0.179285 0.983751
vn 0.036961 -0.157102 0.986890
vn 0.126254 -0.079898 0.988775
vn 0.234290 -0.001444 0.972166
vn 0.289882 0.040098 0.956222
vn 0.243610 0.053025 0.968423
vn 0.101045 0.060017 0.993070
vn -0.072290 0.065261 0.995246
vn -0.210427 0.057245 0.975932
vn -0.298781 0.031894 0.953789
vn -0.332375 0.001051 0.943147
vn -0.288480 -0.018395 0.957309
vn -0.149921 -0.016301 0.988564
vn 0.038749 0.005163 0.999236
vn 0.167860 0.032507 0.985275
vn 0.179455 0.056514 0.982141
vn 0.103829 0.077323 0.991585
vn 0.011767 0.096612 0.995253
vn -0.051242 0.112520 0.992327
vn -0.081752 0.118707 0.989558
vn -0.071722 0.110147 0.991324
vn -0.000898 0.090005 0.995941
vn 0.111697 0.070070 0.991269
vn 0.192053 0.063577 0.979323
vn 0.178486 0.072726 0.981251
vn 0.142866 0.084753 0.986107
vn -0.046641 0.326394 0.944082
vn -0.053306 0.255594 0.965314
vn -0.043955 0.126665 0.990971
vn 0.015473 -0.018516 0.999709
vn 0.111600 -0.126490 0.985670
vn 0.206879 -0.175349 0.962525
vn 0.278682 -0.178873 0.943579
vn 0.323997 -0.157051 0.932931
vn 0.335843 -0.123091 0.933840
vn 0.292850 -0.087382 0.952157
vn 0.178336 -0.058236 0.982245
vn 0.022433 -0.041869 0.998871
vn -0.092452 -0.044308 0.994731
vn -0.118711 -0.066210 0.990719
vn -0.092114 -0.093373 0.991361
vn -0.081096 -0.098242 0.991853
vn -0.097900 -0.060891 0.993332
vn -0.086008 0.012635 0.996214
vn -0.010524 0.093362 0.995577
vn 0.081416 0.149483 0.985407
vn 0.125865 0.168629 0.977610
vn 0.122231 0.156405 0.980101
vn 0.107252 0.122861 0.986611
vn 0.092048 0.077375 0.992744
vn 0.060439 0.028128 0.997776
vn 0.017845 -0.011669 0.999773
vn -0.001678 -0.021336 0.999771
vn 0.014215 0.012245 0.999824
vn 0.033543 0.075734 0.996564
vn 0.024067 0.133767 0.990721
vn -0.002026 0.158192 0.987406
vn -0.006794 0.142843 0.989722
vn 0.025065 0.093534 0.995300
vn 0.065718 0.023526 0.997561
vn 0.063137 -0.039378 0.997228
vn -0.019259 -0.064030 0.997762
vn -0.166750 -0.042800 0.985070
vn -0.305292 -0.003145 0.952253
vn -0.363660 0.023072 0.931246
vn -0.319290 0.031575 0.947131
vn -0.192546 0.035172 0.980657
vn -0.052201 0.042421 0.997735
vn 0.043158 0.048940 0.997869
vn 0.103430 0.046330 0.993557
vn 0.151684 0.031337 0.987932
vn 0.173621 0.005257 0.984799
vn 0.150370 -0.024341 0.988330
vn 0.100404 -0.037162 0.994253
vn 0.058509 -0.010999 0.998226
vn 0.024331 0.048422 0.998531
vn -0.032787 0.099863 0.994461
vn -0.116789 0.100063 0.988103
vn -0.184251 0.037687 0.982157
vn -0.189238 -0.063849 0.979853
vn -0.126140 -0.159504 0.979105
vn -0.022169 -0.201610 0.979215
vn 0.096086 -0.171456 0.980495
vn 0.209169 -0.098061 0.972950
vn 0.290697 -0.037959 0.956062
vn 0.311815 -0.018431 0.949964
vn 0.251804 -0.018524 0.967601
vn 0.113025 -0.006162 0.993573
vn -0.060712 0.021416 0.997926
vn -0.210505 0.040424 0.976757
vn -0.307369 0.041192 0.950699
vn -0.338873 0.037511 0.940084
vn -0.287616 0.041140 0.956862
vn -0.145008 0.045596 0.988379
vn 0.039765 0.034361 0.998618
vn 0.163905 0.005047 0.986463
vn 0.177349 -0.025661 0.983813
vn 0.112031 -0.037523 0.992996
vn 0.033675 -0.019373 0.999245
vn -0.020610 0.025007 0.999475
vn -0.052201 0.083142 0.995170
vn -0.053618 0.139167 0.988816
vn -0.001795 0.174822 0.984598
vn 0.093334 0.175953 0.979964
vn 0.169100 0.147446 0.974508
vn 0.162441 0.112886 0.980239
vn 0.132346 0.091640 0.986958
vn -0.119380 0.399700 0.908839
vn -0.153631 0.349351 0.924311
vn -0.182264 0.253943 0.949891
vn -0.123612 0.132698 0.983418
vn 0.011020 0.012944 0.999855
vn 0.160362 -0.071756 0.984447
vn 0.274685 -0.106520 0.955616
vn 0.344290 -0.101654 0.933344
vn 0.363825 -0.080261 0.928003
vn 0.316430 -0.064622 0.946412
vn 0.190557 -0.063434 0.979624
vn 0.018724 -0.073051 0.997152
vn -0.113674 -0.091997 0.989250
vn -0.150539 -0.123865 0.980814
vn -0.113769 -0.159289 0.980655
vn -0.066914 -0.171042 0.982989
vn -0.040818 -0.138189 0.989564
vn -0.006125 -0.066970 0.997736
vn 0.059973 0.010976 0.998140
vn 0.120298 0.062586 0.990763
vn 0.129950 0.077319 0.988501
vn 0.098265 0.062242 0.993212
vn 0.064981 0.027301 0.997513
vn 0.042035 -0.019293 0.998930
vn 0.016100 -0.067904 0.997562
vn -0.002734 -0.103358 0.994640
vn 0.016370 -0.108656 0.993945
vn 0.069226 -0.074986 0.994779
vn 0.103054 -0.010798 0.994617
vn 0.077978 0.060662 0.995108
vn 0.014633 0.113531 0.993427
vn -0.035285 0.127085 0.991264
vn -0.044686 0.089089 0.995021
vn -0.023461 0.003224 0.999720
vn -0.006959 -0.096540 0.995305
vn -0.039205 -0.160272 0.986294
vn -0.138367 -0.161592 0.977109
vn -0.262399 -0.112837 0.958339
vn -0.330880 -0.050655 0.942312
vn -0.296861 0.000579 0.954921
vn -0.173760 0.038103 0.984051
vn -0.036526 0.064280 0.997263
vn 0.048480 0.079723 0.995637
vn 0.090937 0.080482 0.992599
vn 0.120104 0.059881 0.990954
vn 0.130776 0.017245 0.991262
vn 0.114003 -0.035592 0.992843
vn 0.093129 -0.075900 0.992757
vn 0.088953 -0.083643 0.992518
vn 0.072896 -0.058762 0.995607
vn -0.002736 -0.022294 0.999748
vn -0.130914 -0.000251 0.991394
vn -0.237491 -0.007122 0.971364
vn -0.257521 -0.040005 0.965444
vn -0.176031 -0.080871 0.981057
vn -0.021506 -0.100789 0.994675
vn 0.140595 -0.086734 0.986261
vn 0.253688 -0.064370 0.965142
vn 0.306139 -0.067219 0.949611
vn 0.306566 -0.095658 0.947031
vn 0.254177 -0.117033 0.960051
vn 0.140201 -0.101860 0.984870
vn -0.025000 -0.056279 0.998102
vn -0.190190 -0.015124 0.981631
vn -0.300219 0.004727 0.953858
vn -0.332604 0.017392 0.942906
vn -0.282894 0.032770 0.958591
vn -0.158122 0.035567 0.986779
vn -0.002237 0.002023 0.999995
vn 0.108999 -0.063534 0.992009
vn 0.137373 -0.125485 0.982539
vn 0.109493 -0.148528 0.982828
vn 0.073879 -0.120746 0.989930
vn 0.051156 -0.052706 0.997299
vn 0.033063 0.038982 0.998693
vn 0.021455 0.135859 0.990496
vn 0.037033 0.210245 0.976947
vn 0.083658 0.236768 0.967958
vn 0.127521 0.215583 0.968123
vn 0.120628 0.174845 0.977179
vn 0.098685 0.146151 0.984328
vn -0.161779 0.316294 0.934765
vn -0.211787 0.299736 0.930218
vn -0.266752 0.259305 0.928226
vn -0.227965 0.193890 0.954169
vn -0.093675 0.103676 0.990190
vn 0.090143 0.013819 0.995833
vn 0.250826 -0.039196 0.967238
vn 0.348392 -0.052828 0.935859
vn 0.371037 -0.055342 0.926968
vn 0.311967 -0.071910 0.947368
vn 0.172945 -0.104175 0.979407
vn -0.005732 -0.135484 0.990763
vn -0.142631 -0.157730 0.977127
vn -0.182896 -0.180702 0.966383
vn -0.136258 -0.206549 0.968902
vn -0.057478 -0.216547 0.974579
vn 0.008169 -0.191160 0.981525
vn 0.063604 -0.133138 0.989055
vn 0.118576 -0.070450 0.990443
vn 0.148101 -0.034582 0.988367
vn 0.127129 -0.034070 0.991301
vn 0.073542 -0.057129 0.995655
vn 0.026606 -0.090949 0.995500
vn -0.002695 -0.130148 0.991491
vn -0.023674 -0.169287 0.985282
vn -0.022928 -0.198086 0.979916
vn 0.026266 -0.206999 0.977988
vn 0.109919 -0.190526 0.975509
vn 0.165753 -0.147785 0.975031
vn 0.147290 -0.082190 0.985673
vn 0.065054 -0.006425 0.997861
vn -0.031560 0.048222 0.998338
vn -0.099186 0.048704 0.993876
vn -0.119773 -0.013049 0.992716
vn -0.101263 -0.109756 0.988787
vn -0.085762 -0.189749 0.978080
vn -0.120745 -0.212459 0.969681
vn -0.201575 -0.170177 0.964576
vn -0.261595 -0.087727 0.961182
vn -0.237627 -0.004152 0.971348
vn -0.131149 0.054815 0.989846
vn -0.010927 0.085256 0.996299
vn 0.059463 0.101117 0.993096
vn 0.083636 0.111069 0.990287
vn 0.088979 0.106882 0.990282
vn 0.079523 0.078503 0.993737
vn 0.058172 0.028643 0.997896
vn 0.052466 -0.028137 0.998226
vn 0.075617 -0.074344 0.994362
vn 0.085615 -0.096996 0.991596
vn 0.025685 -0.090120 0.995600
vn -0.102525 -0.055323 0.993191
vn -0.223011 -0.008695 0.974777
vn -0.258983 0.026130 0.965528
vn -0.185317 0.037966 0.981945
vn -0.028127 0.028490 0.999198
vn 0.131480 0.000289 0.991319
vn 0.225835 -0.050898 0.972835
vn 0.258405 -0.124630 0.957964
vn 0.261803 -0.197362 0.944726
vn 0.242674 -0.234834 0.941256
vn 0.172027 -0.222751 0.959577
vn 0.026755 -0.173962 0.984389
vn -0.151297 -0.118569 0.981351
vn -0.277197 -0.077945 0.957646
vn -0.314087 -0.047402 0.948210
vn -0.272223 -0.022290 0.961976
vn -0.176048 -0.019299 0.984192
vn -0.060056 -0.058865 0.996458
vn 0.036083 -0.129754 0.990889
vn 0.091127 -0.188333 0.977868
vn 0.115398 -0.198405 0.973303
vn 0.129223 -0.156774 0.979144
vn 0.138543 -0.082951 0.986876
vn 0.136271 0.006749 0.990649
vn 0.120396 0.103937 0.987270
vn 0.103164 0.187957 0.976744
vn 0.099411 0.231221 0.967809
vn 0.104380 0.228827 0.967855
vn 0.089222 0.203673 0.974965
vn 0.071753 0.183905 0.980322
vn -0.159881 0.141193 0.976986
vn -0.216778 0.163073 0.962504
vn -0.292028 0.180046 0.939310
vn -0.283464 0.170065 0.943783
vn -0.174164 0.124779 0.976779
vn 0.017635 0.059307 0.998084
vn 0.212171 0.005755 0.977216
vn 0.329969 -0.027884 0.943580
vn 0.348430 -0.064015 0.935146
vn 0.274529 -0.118317 0.954272
vn 0.130379 -0.178226 0.975314
vn -0.035395 -0.216675 0.975602
vn -0.158693 -0.226892 0.960904
vn -0.195777 -0.227508 0.953893
vn -0.145392 -0.233351 0.961462
vn -0.048182 -0.236731 0.970380
vn 0.045154 -0.219782 0.974503
vn 0.114779 -0.180122 0.976925
vn 0.156155 -0.139992 0.977762
vn 0.154974 -0.127006 0.979721
vn 0.107262 -0.146374 0.983397
vn 0.041213 -0.181464 0.982534
vn -0.008534 -0.217249 0.976079
vn -0.037133 -0.249716 0.967607
vn -0.052540 -0.275820 0.959772
vn -0.040711 -0.290980 0.955862
vn 0.022262 -0.295171 0.955185
vn 0.123108 -0.289123 0.949343
vn 0.203031 -0.267323 0.941975
vn 0.212758 -0.220189 0.951972
vn 0.143355 -0.144389 0.979082
vn 0.019806 -0.061102 0.997935
vn -0.105753 -0.012113 0.994319
vn -0.180414 -0.022397 0.983336
vn -0.183987 -0.082687 0.979445
vn -0.144452 -0.156819 0.977006
vn -0.120668 -0.197449 0.972858
vn -0.142184 -0.176177 0.974036
vn -0.175258 -0.102396 0.979183
vn -0.162027 -0.019024 0.986603
vn -0.086357 0.033185 0.995711
vn 0.009803 0.050321 0.998685
vn 0.074929 0.060230 0.995368
vn 0.096929 0.082875 0.991835
vn 0.087182 0.108662 0.990248
vn 0.052271 0.116383 0.991828
vn 0.007605 0.094578 0.995488
vn -0.009651 0.043912 0.998989
vn 0.019983 -0.024843 0.999492
vn 0.057150 -0.087538 0.994520
vn 0.039092 -0.113966 0.992715
vn -0.050200 -0.086537 0.994983
vn -0.159633 -0.015790 0.987050
vn -0.213695 0.059384 0.975094
vn -0.174313 0.101940 0.979399
vn -0.059631 0.092329 0.993941
vn 0.061580 0.028138 0.997705
vn 0.130950 -0.074359 0.988596
vn 0.160707 -0.186002 0.969318
vn 0.192663 -0.271573 0.942936
vn 0.223336 -0.308365 0.924679
vn 0.200725 -0.298492 0.933066
vn 0.083075 -0.256309 0.963018
vn -0.096034 -0.196668 0.975756
vn -0.234700 -0.137910 0.962235
vn -0.281361 -0.090643 0.955311
vn -0.255446 -0.060600 0.964922
vn -0.192111 -0.061519 0.979443
vn -0.112266 -0.101554 0.988475
vn -0.023328 -0.161200 0.986646
vn 0.065423 -0.199503 0.977711
vn 0.139839 -0.189547 0.971863
vn 0.188981 -0.139589 0.972009
vn 0.212577 -0.076623 0.974136
vn 0.217109 -0.014209 0.976044
vn 0.202703 0.050915 0.977916
vn 0.168010 0.111930 0.979410
vn 0.127927 0.146695 0.980875
vn 0.100117 0.145137 0.984333
vn 0.073844 0.122860 0.989673
vn 0.057233 0.104657 0.992860
vn -0.122128 -0.057517 0.990846
vn -0.177621 -0.015870 0.983971
vn -0.266362 0.042051 0.962955
vn -0.288793 0.085202 0.953593
vn -0.209513 0.099154 0.972766
vn -0.031206 0.085649 0.995837
vn 0.167701 0.052372 0.984446
vn 0.285523 0.001939 0.958370
vn 0.291728 -0.070803 0.953877
vn 0.207543 -0.158840 0.965244
vn 0.076087 -0.232615 0.969588
vn -0.056932 -0.266550 0.962138
vn -0.154608 -0.263706 0.952132
vn -0.186170 -0.248273 0.950632
vn -0.140270 -0.241551 0.960197
vn -0.040512 -0.243399 0.969080
vn 0.065800 -0.238074 0.969016
vn 0.141564 -0.219783 0.965223
vn 0.168246 -0.204158 0.964372
vn 0.139507 -0.210313 0.967629
vn 0.070891 -0.238397 0.968577
vn 0.000130 -0.274155 0.961685
vn -0.044335 -0.308545 0.950176
vn -0.063414 -0.337716 0.939109
vn -0.065653 -0.353867 0.932989
vn -0.042128 -0.351069 0.935402
vn 0.025172 -0.334906 0.941915
vn 0.129611 -0.316092 0.939833
vn 0.225836 -0.295034 0.928414
vn 0.265266 -0.260471 0.928326
vn 0.224293 -0.201945 0.953368
vn 0.102349 -0.122618 0.987162
vn -0.061162 -0.047249 0.997009
vn -0.189392 -0.009246 0.981858
vn -0.233444 -0.023059 0.972097
vn -0.201387 -0.075886 0.976568
vn -0.142188 -0.129038 0.981393
vn -0.108812 -0.141854 0.983889
vn -0.109244 -0.109084 0.988011
vn -0.105915 -0.063940 0.992317
vn -0.062644 -0.042406 0.997135
vn 0.016197 -0.044652 0.998871
vn 0.092570 -0.040326 0.994889
vn 0.132494 -0.009032 0.991143
vn 0.122611 0.038766 0.991697
vn 0.064961 0.077976 0.994837
vn -0.015030 0.088731 0.995942
vn -0.067027 0.060845 0.995894
vn -0.055844 -0.004188 0.998431
vn -0.003593 -0.083798 0.996476
vn 0.026583 -0.136930 0.990224
vn -0.004383 -0.133439 0.991047
vn -0.080433 -0.072385 0.994128
vn -0.146534 0.014197 0.989104
vn -0.154381 0.077188 0.984992
vn -0.103132 0.081054 0.991360
vn -0.035448 0.019087 0.999189
vn 0.012006 -0.083508 0.996435
vn 0.055863 -0.186479 0.980869
vn 0.129718 -0.258977 0.957133
vn 0.210981 -0.288759 0.933866
vn 0.229709 -0.282089 0.931482
vn 0.139474 -0.249067 0.958391
vn -0.030743 -0.192304 0.980854
vn -0.178388 -0.125321 0.975947
vn -0.242586 -0.070733 0.967548
vn -0.243128 -0.044297 0.968982
vn -0.213434 -0.054592 0.975431
vn -0.158067 -0.096015 0.982749
vn -0.064085 -0.144161 0.987477
vn 0.060562 -0.166623 0.984159
vn 0.174263 -0.148038 0.973508
vn 0.239721 -0.104119 0.965242
vn 0.259655 -0.062240 0.963694
vn 0.258962 -0.034471 0.965272
vn 0.243228 -0.015257 0.969849
vn 0.199045 -0.001958 0.979988
vn 0.134643 -0.005092 0.990881
vn 0.082110 -0.033013 0.996076
vn 0.049277 -0.074765 0.995983
vn 0.035510 -0.104968 0.993841
vn -0.077806 -0.208533 0.974916
vn -0.120733 -0.172691 0.977549
vn -0.200148 -0.102970 0.974340
vn -0.235266 -0.014573 0.971822
vn -0.178304 0.068396 0.981596
vn -0.030818 0.121098 0.992162
vn 0.131013 0.120222 0.984064
vn 0.216591 0.059696 0.974436
vn 0.201564 -0.045574 0.978414
vn 0.119568 -0.158599 0.980076
vn 0.020598 -0.235611 0.971629
vn -0.070572 -0.262461 0.962359
vn -0.142732 -0.255716 0.956157
vn -0.171704 -0.242815 0.954756
vn -0.135655 -0.242600 0.960595
vn -0.042309 -0.253070 0.966522
vn 0.067245 -0.259449 0.963413
vn 0.144748 -0.256721 0.955585
vn 0.162108 -0.255052 0.953242
vn 0.118509 -0.262449 0.957641
vn 0.039710 -0.275547 0.960467
vn -0.035032 -0.291543 0.955916
vn -0.078783 -0.314400 0.946016
vn -0.087023 -0.340009 0.936387
vn -0.065812 -0.350447 0.934267
vn -0.017797 -0.331296 0.943359
vn 0.059542 -0.287738 0.955857
vn 0.160303 -0.240573 0.957302
vn 0.256278 -0.204665 0.944687
vn 0.308027 -0.175949 0.934966
vn 0.286911 -0.140687 0.947570
vn 0.180533 -0.087487 0.979670
vn 0.008437 -0.018017 0.999802
vn -0.157660 0.042163 0.986593
vn -0.247652 0.061927 0.966868
vn -0.247519 0.032839 0.968326
vn -0.187074 -0.026174 0.981997
vn -0.123544 -0.079383 0.989159
vn -0.098205 -0.105667 0.989540
vn -0.095279 -0.113970 0.988905
vn -0.066343 -0.122444 0.990256
vn 0.011706 -0.132256 0.991146
vn 0.109296 -0.127279 0.985827
vn 0.173779 -0.098376 0.979859
vn 0.172626 -0.055198 0.983440
vn 0.102155 -0.014735 0.994659
vn -0.009644 0.007663 0.999924
vn -0.102407 -0.001507 0.994741
vn -0.124079 -0.048859 0.991069
vn -0.075827 -0.122111 0.989616
vn -0.010975 -0.186333 0.982425
vn 0.014688 -0.207684 0.978086
vn -0.012535 -0.173259 0.984797
vn -0.067525 -0.093257 0.993350
vn -0.109901 -0.006139 0.993924
vn -0.118321 0.040148 0.992163
vn -0.103255 0.026080 0.994313
vn -0.076501 -0.029453 0.996634
vn -0.020878 -0.093433 0.995407
vn 0.084018 -0.145551 0.985777
vn 0.201558 -0.177960 0.963174
vn 0.251084 -0.188410 0.949452
vn 0.186618 -0.175136 0.966696
vn 0.032735 -0.133933 0.990450
vn -0.119736 -0.076119 0.989883
vn -0.207147 -0.028361 0.977899
vn -0.240327 -0.009196 0.970648
vn -0.240768 -0.021925 0.970335
vn -0.199202 -0.054989 0.978415
vn -0.094449 -0.088281 0.991608
vn 0.060401 -0.103015 0.992844
vn 0.200244 -0.093674 0.975258
vn 0.270607 -0.072963 0.959921
vn 0.278358 -0.059963 0.958604
vn 0.261221 -0.068029 0.962879
vn 0.233177 -0.097204 0.967564
vn 0.177472 -0.137998 0.974403
vn 0.097103 -0.184076 0.978104
vn 0.030869 -0.235987 0.971266
vn 0.002048 -0.289293 0.957239
vn -0.003270 -0.324990 0.945712
vn -0.046869 -0.272678 0.960963
vn -0.069837 -0.249083 0.965961
vn -0.112223 -0.185033 0.976304
vn -0.126127 -0.072990 0.989325
vn -0.077947 0.060235 0.995136
vn 0.020879 0.159529 0.986972
vn 0.107138 0.179472 0.977912
vn 0.127311 0.111733 0.985549
vn 0.082457 -0.015706 0.996471
vn 0.018911 -0.140697 0.989872
vn -0.031672 -0.212529 0.976641
vn -0.081561 -0.230920 0.969548
vn -0.138816 -0.226083 0.964166
vn -0.173376 -0.227813 0.958145
vn -0.147180 -0.245299 0.958210
vn -0.056347 -0.266126 0.962290
vn 0.058633 -0.274371 0.959835
vn 0.141351 -0.269848 0.952472
vn 0.160882 -0.261714 0.951642
vn 0.119948 -0.250145 0.960750
vn 0.041083 -0.230719 0.972153
vn -0.044241 -0.212158 0.976234
vn -0.101863 -0.210927 0.972180
vn -0.106835 -0.224124 0.968687
vn -0.056848 -0.225490 0.972585
vn 0.028483 -0.192816 0.980822
vn 0.124515 -0.131508 0.983464
vn 0.216475 -0.068885 0.973855
vn 0.292811 -0.028099 0.955757
vn 0.333620 -0.011907 0.942632
vn 0.316918 -0.005914 0.948435
vn 0.227951 0.011119 0.973609
vn 0.070418 0.053103 0.996103
vn -0.109520 0.106614 0.988250
vn -0.239328 0.136585 0.961284
vn -0.282509 0.122090 0.951463
vn -0.250233 0.065505 0.965967
vn -0.187333 -0.012374 0.982219
vn -0.143583 -0.080317 0.986374
vn -0.121791 -0.119327 0.985357
vn -0.080040 -0.132116 0.987998
vn 0.010663 -0.130359 0.991409
vn 0.124175 -0.121013 0.984853
vn 0.201221 -0.107035 0.973680
vn 0.203901 -0.092962 0.974568
vn 0.127576 -0.083902 0.988274
vn -0.001786 -0.083706 0.996489
vn -0.122728 -0.097708 0.987619
vn -0.173497 -0.133443 0.975752
vn -0.139896 -0.190407 0.971686
vn -0.060022 -0.249396 0.966540
vn 0.008931 -0.282152 0.959328
vn 0.036142 -0.268589 0.962577
vn 0.021163 -0.200943 0.979374
vn -0.022278 -0.095335 0.995196
vn -0.071442 0.001659 0.997443
vn -0.104775 0.051181 0.993178
vn -0.107256 0.055104 0.992703
vn -0.060996 0.034315 0.997548
vn 0.044583 -0.001122 0.999005
vn 0.172314 -0.047272 0.983907
vn 0.241745 -0.089443 0.966209
vn 0.203097 -0.110214 0.972936
vn 0.072363 -0.101052 0.992246
vn -0.076152 -0.069949 0.994640
vn -0.180170 -0.037307 0.982928
vn -0.237473 -0.016846 0.971248
vn -0.256630 -0.010616 0.966451
vn -0.221604 -0.012829 0.975052
vn -0.111732 -0.017216 0.993589
vn 0.054417 -0.023948 0.998231
vn 0.202336 -0.036581 0.978633
vn 0.270861 -0.055750 0.961003
vn 0.264020 -0.084704 0.960791
vn 0.222484 -0.133347 0.965774
vn 0.173260 -0.203926 0.963533
vn 0.110075 -0.278663 0.954060
vn 0.032491 -0.337495 0.940766
vn -0.029195 -0.380474 0.924331
vn -0.046468 -0.417414 0.907527
vn -0.042218 -0.442552 0.895748
vn -0.026997 -0.266136 0.963557
vn -0.028362 -0.246196 0.968805
vn -0.020957 -0.186800 0.982174
vn 0.007943 -0.075171 0.997139
vn 0.053588 0.061110 0.996692
vn 0.090379 0.159351 0.983076
vn 0.083292 0.173000 0.981394
vn 0.022874 0.095486 0.995168
vn -0.049406 -0.034898 0.998169
vn -0.078726 -0.147532 0.985919
vn -0.073107 -0.200892 0.976882
vn -0.087931 -0.205170 0.974769
vn -0.144346 -0.197458 0.969626
vn -0.193144 -0.206307 0.959235
vn -0.172380 -0.230774 0.957616
vn -0.071126 -0.248541 0.966006
vn 0.061039 -0.242441 0.968244
vn 0.156317 -0.219326 0.963048
vn 0.185983 -0.192058 0.963600
vn 0.157379 -0.157694 0.974866
vn 0.083576 -0.110023 0.990409
vn -0.016252 -0.060408 0.998041
vn -0.096826 -0.028816 0.994884
vn -0.107185 -0.014735 0.994130
vn -0.035637 0.003469 0.999359
vn 0.078949 0.040505 0.996055
vn 0.184188 0.087603 0.978979
vn 0.260193 0.125269 0.957396
vn 0.309778 0.139840 0.940469
vn 0.329787 0.128583 0.935258
vn 0.309058 0.101610 0.945600
vn 0.236114 0.080669 0.968371
vn 0.103938 0.086261 0.990836
vn -0.070374 0.115532 0.990808
vn -0.227172 0.139525 0.963808
vn -0.310464 0.133826 0.941118
vn -0.313206 0.093786 0.945043
vn -0.264258 0.030693 0.963964
vn -0.203330 -0.026636 0.978748
vn -0.146844 -0.049779 0.987906
vn -0.077098 -0.038035 0.996298
vn 0.022647 -0.016690 0.999604
vn 0.131275 -0.010370 0.991292
vn 0.200616 -0.023395 0.979391
vn 0.196410 -0.049126 0.979290
vn 0.112950 -0.084378 0.990011
vn -0.023484 -0.125834 0.991773
vn -0.151722 -0.165844 0.974411
vn -0.212408 -0.203089 0.955844
vn -0.188264 -0.243935 0.951342
vn -0.104115 -0.286841 0.952304
vn -0.005679 -0.315882 0.948782
vn 0.072241 -0.310225 0.947914
vn 0.110709 -0.255244 0.960518
vn 0.094669 -0.154735 0.983410
vn 0.028037 -0.041444 0.998747
vn -0.049896 0.041164 0.997906
vn -0.093194 0.078207 0.992572
vn -0.077125 0.080145 0.993795
vn 0.002781 0.053460 0.998566
vn 0.117007 0.000381 0.993131
vn 0.194999 -0.062255 0.978826
vn 0.179633 -0.110944 0.977458
vn 0.075108 -0.133429 0.988208
vn -0.056499 -0.129635 0.989951
vn -0.155989 -0.106521 0.981998
vn -0.214918 -0.069727 0.974140
vn -0.236918 -0.024793 0.971213
vn -0.205419 0.020097 0.978468
vn -0.105342 0.052798 0.993033
vn 0.040690 0.054496 0.997685
vn 0.168825 0.013925 0.985548
vn 0.224822 -0.056927 0.972735
vn 0.203802 -0.139515 0.969020
vn 0.142400 -0.227099 0.963405
vn 0.082252 -0.314826 0.945579
vn 0.032308 -0.385323 0.922216
vn -0.018354 -0.423353 0.905779
vn -0.062337 -0.435611 0.897974
vn -0.071799 -0.441953 0.894160
vn -0.063903 -0.448503 0.891494
vn -0.004481 -0.240498 0.970639
vn 0.013396 -0.213501 0.976851
vn 0.062903 -0.153750 0.986106
vn 0.122828 -0.062963 0.990429
vn 0.157095 0.032053 0.987063
vn 0.134347 0.088663 0.986960
vn 0.043245 0.076380 0.996141
vn -0.081790 -0.001358 0.996649
vn -0.159927 -0.099383 0.982113
vn -0.147735 -0.168145 0.974629
vn -0.091217 -0.187762 0.977970
vn -0.080634 -0.171323 0.981910
vn -0.145271 -0.151045 0.977794
vn -0.210934 -0.147662 0.966283
vn -0.189855 -0.154490 0.969581
vn -0.067057 -0.147905 0.986726
vn 0.089653 -0.116027 0.989192
vn 0.195072 -0.075439 0.977883
vn 0.228597 -0.042489 0.972593
vn 0.208381 -0.011626 0.977979
vn 0.141976 0.029819 0.989421
vn 0.036659 0.081221 0.996022
vn -0.058471 0.130019 0.989786
vn -0.076480 0.170617 0.982365
vn -0.002899 0.205761 0.978598
vn 0.111170 0.232387 0.966249
vn 0.205454 0.244154 0.947722
vn 0.263192 0.237766 0.934985
vn 0.291994 0.210941 0.932868
vn 0.294442 0.163107 0.941647
vn 0.268196 0.101950 0.957955
vn 0.208780 0.047154 0.976825
vn 0.103417 0.019105 0.994455
vn -0.053030 0.021461 0.998362
vn -0.217841 0.038235 0.975235
vn -0.323571 0.049950 0.944885
vn -0.346101 0.049176 0.936908
vn -0.302071 0.041747 0.952371
vn -0.221885 0.044486 0.974058
vn -0.133022 0.071238 0.988550
vn -0.046973 0.111523 0.992651
vn 0.038090 0.135097 0.990100
vn 0.117178 0.122165 0.985568
vn 0.164166 0.078669 0.983291
vn 0.146262 0.019029 0.989063
vn 0.052234 -0.052128 0.997273
vn -0.085722 -0.128438 0.988006
vn -0.201621 -0.190580 0.960744
vn -0.248575 -0.227587 0.941496
vn -0.219535 -0.248643 0.943388
vn -0.132307 -0.267442 0.954447
vn -0.016063 -0.283891 0.958722
vn 0.099953 -0.281799 0.954253
vn 0.182325 -0.246187 0.951919
vn 0.194646 -0.179600 0.964291
vn 0.125317 -0.100864 0.986976
vn 0.014782 -0.036084 0.999239
vn -0.068488 -0.002080 0.997650
vn -0.086080 0.002538 0.996285
vn -0.035607 -0.017092 0.999220
vn 0.057798 -0.058307 0.996624
vn 0.134225 -0.111296 0.984681
vn 0.134288 -0.160417 0.977872
vn 0.054357 -0.192724 0.979746
vn -0.048960 -0.198412 0.978895
vn -0.121148 -0.172202 0.977584
vn -0.158467 -0.113060 0.980870
vn -0.170795 -0.029777 0.984857
vn -0.146739 0.055324 0.987627
vn -0.077630 0.113037 0.990553
vn 0.015369 0.114963 0.993251
vn 0.093092 0.048375 0.994482
vn 0.122529 -0.067723 0.990152
vn 0.095315 -0.192416 0.976674
vn 0.039510 -0.296044 0.954357
vn -0.002117 -0.370640 0.928774
vn -0.017366 -0.412929 0.910598
vn -0.029709 -0.419490 0.907274
vn -0.053516 -0.398895 0.915434
vn -0.064047 -0.372890 0.925662
vn -0.060361 -0.358102 0.931729
vn 0.029575 -0.230491 0.972625
vn 0.061257 -0.195300 0.978829
vn 0.131189 -0.138971 0.981568
vn 0.192037 -0.081401 0.978006
vn 0.202686 -0.041819 0.978350
vn 0.134809 -0.035289 0.990243
vn -0.006311 -0.065303 0.997845
vn -0.152101 -0.111747 0.982028
vn -0.213203 -0.144803 0.966218
vn -0.166323 -0.149629 0.974653
vn -0.075965 -0.125301 0.989206
vn -0.052423 -0.085948 0.994919
vn -0.126030 -0.049893 0.990771
vn -0.201911 -0.022990 0.979134
vn -0.174375 0.004849 0.984667
vn -0.031536 0.046490 0.998421
vn 0.133953 0.094532 0.986469
vn 0.227763 0.126905 0.965412
vn 0.247825 0.133405 0.959576
vn 0.227262 0.123260 0.966001
vn 0.173828 0.119038 0.977555
vn 0.083813 0.138987 0.986741
vn -0.005103 0.182678 0.983160
vn -0.028105 0.233734 0.971894
vn 0.029974 0.272095 0.961803
vn 0.120495 0.282682 0.951615
vn 0.190979 0.262920 0.945727
vn 0.228043 0.217242 0.949106
vn 0.238286 0.149236 0.959661
vn 0.226375 0.064573 0.971897
vn 0.197853 -0.022452 0.979974
vn 0.154069 -0.092064 0.983762
vn 0.077206 -0.131723 0.988275
vn -0.050468 -0.139443 0.988943
vn -0.198783 -0.118719 0.972826
vn -0.300917 -0.078157 0.950442
vn -0.322179 -0.025466 0.946336
vn -0.270290 0.037648 0.962043
vn -0.175652 0.108297 0.978477
vn -0.080452 0.173391 0.981562
vn -0.012703 0.212431 0.977094
vn 0.033476 0.210292 0.977065
vn 0.074699 0.167419 0.983052
vn 0.099129 0.099754 0.990062
vn 0.068110 0.022800 0.997417
vn -0.035062 -0.060019 0.997581
vn -0.165739 -0.139696 0.976225
vn -0.253484 -0.193330 0.947824
vn -0.270168 -0.208421 0.939984
vn -0.225579 -0.195809 0.954344
vn -0.138133 -0.181782 0.973588
vn -0.020726 -0.183134 0.982870
vn 0.110897 -0.190913 0.975323
vn 0.214947 -0.188657 0.958231
vn 0.241265 -0.173769 0.954775
vn 0.173419 -0.151623 0.973106
vn 0.049637 -0.127827 0.990554
vn -0.054808 -0.110993 0.992309
vn -0.091701 -0.107180 0.990002
vn -0.057779 -0.115524 0.991623
vn 0.021693 -0.133417 0.990823
vn 0.092076 -0.159273 0.982931
vn 0.097789 -0.189708 0.976959
vn 0.036471 -0.213976 0.976158
vn -0.035633 -0.215555 0.975841
vn -0.070048 -0.182308 0.980743
vn -0.074046 -0.110207 0.991147
vn -0.072464 -0.009580 0.997325
vn -0.065184 0.089810 0.993824
vn -0.045778 0.150288 0.987582
vn -0.024423 0.143866 0.989296
vn -0.012813 0.063489 0.997900
vn -0.014498 -0.065790 0.997728
vn -0.030884 -0.192541 0.980803
vn -0.051998 -0.279911 0.958617
vn -0.053154 -0.324393 0.944428
vn -0.026638 -0.333558 0.942353
vn -0.002411 -0.311593 0.950213
vn -0.009532 -0.267310 0.963563
vn -0.028177 -0.219669 0.975168
vn -0.034041 -0.189691 0.981254
vn 0.068340 -0.223928 0.972207
vn 0.106449 -0.192025 0.975600
vn 0.175148 -0.152868 0.972602
vn 0.215642 -0.130968 0.967650
vn 0.200687 -0.132293 0.970682
vn 0.111435 -0.149386 0.982479
vn -0.034242 -0.165552 0.985606
vn -0.162109 -0.160064 0.973704
vn -0.196988 -0.124631 0.972452
vn -0.127063 -0.065533 0.989727
vn -0.026129 -0.000163 0.999659
vn -0.005801 0.053224 0.998566
vn -0.084978 0.093370 0.991998
vn -0.159505 0.130901 0.978480
vn -0.122796 0.177808 0.976374
vn 0.022322 0.230484 0.972820
vn 0.166559 0.267880 0.948946
vn 0.226622 0.276766 0.933832
vn 0.218025 0.251152 0.943074
vn 0.188507 0.194310 0.962657
vn 0.153478 0.133250 0.979127
vn 0.099772 0.105608 0.989390
vn 0.040205 0.126455 0.991157
vn 0.018947 0.173092 0.984723
vn 0.052375 0.206004 0.977149
vn 0.107285 0.200013 0.973902
vn 0.145276 0.153063 0.977480
vn 0.156588 0.074322 0.984864
vn 0.148836 -0.024020 0.988570
vn 0.132045 -0.124208 0.983431
vn 0.116562 -0.204967 0.971804
vn 0.099440 -0.253964 0.962088
vn 0.054349 -0.272348 0.960663
vn -0.040350 -0.263666 0.963770
vn -0.158224 -0.225778 0.961244
vn -0.237056 -0.158377 0.958499
vn -0.240234 -0.065207 0.968522
vn -0.176587 0.044397 0.983283
vn -0.088962 0.145187 0.985397
vn -0.027221 0.206352 0.978099
vn -0.008539 0.213477 0.976911
vn -0.008508 0.170921 0.985248
vn 0.004401 0.096873 0.995287
vn 0.019504 0.014665 0.999702
vn -0.013015 -0.061520 0.998021
vn -0.111929 -0.127833 0.985460
vn -0.221222 -0.174653 0.959457
vn -0.272318 -0.186565 0.943947
vn -0.253224 -0.155959 0.954754
vn -0.193022 -0.097225 0.976366
vn -0.118780 -0.048786 0.991721
vn -0.025758 -0.038261 0.998936
vn 0.093605 -0.060201 0.993788
vn 0.200194 -0.094065 0.975230
vn 0.234208 -0.124899 0.964130
vn 0.175251 -0.143414 0.974022
vn 0.058051 -0.142930 0.988029
vn -0.047409 -0.129435 0.990454
vn -0.090043 -0.117696 0.988959
vn -0.061504 -0.113776 0.991601
vn 0.012370 -0.116069 0.993164
vn 0.075942 -0.126573 0.989046
vn 0.079025 -0.148154 0.985802
vn 0.028336 -0.171117 0.984843
vn -0.016440 -0.175213 0.984393
vn -0.014073 -0.145632 0.989239
vn 0.014676 -0.079036 0.996764
vn 0.028124 0.013604 0.999512
vn 0.013134 0.103404 0.994553
vn -0.023037 0.152388 0.988052
vn -0.072212 0.135771 0.988105
vn -0.116751 0.057701 0.991484
vn -0.134791 -0.047003 0.989759
vn -0.126278 -0.133352 0.982991
vn -0.103528 -0.176802 0.978787
vn -0.063067 -0.180158 0.981614
vn -0.003465 -0.157084 0.987579
vn 0.043450 -0.118282 0.992029
vn 0.044042 -0.071052 0.996500
vn 0.014907 -0.025276 0.999569
vn -0.000889 0.003983 0.999992
vn 0.094931 -0.203156 0.974534
vn 0.132124 -0.187316 0.973374
vn 0.188544 -0.175628 0.966233
vn 0.208779 -0.181083 0.961052
vn 0.183502 -0.195276 0.963428
vn 0.101768 -0.201103 0.974269
vn -0.018346 -0.182215 0.983088
vn -0.113368 -0.128890 0.985157
vn -0.121455 -0.044452 0.991601
vn -0.042551 0.053010 0.997687
vn 0.042304 0.132681 0.990256
vn 0.040894 0.178284 0.983129
vn -0.045732 0.199939 0.978740
vn -0.114585 0.217974 0.969205
vn -0.071462 0.246870 0.966410
vn 0.065731 0.278259 0.958254
vn 0.183072 0.295414 0.937665
vn 0.205410 0.292571 0.933921
vn 0.156113 0.258030 0.953441
vn 0.102717 0.182133 0.977894
vn 0.082117 0.087209 0.992800
vn 0.076191 0.022210 0.996846
vn 0.063708 0.016501 0.997832
vn 0.054173 0.050044 0.997277
vn 0.060479 0.074581 0.995379
vn 0.072085 0.056694 0.995786
vn 0.071842 -0.005880 0.997399
vn 0.059002 -0.096740 0.993559
vn 0.045606 -0.193823 0.979976
vn 0.044469 -0.275159 0.960370
vn 0.060607 -0.325357 0.943647
vn 0.078702 -0.341321 0.936646
vn 0.064548 -0.329078 0.942094
vn -0.002308 -0.292657 0.956215
vn -0.093006 -0.229365 0.968887
vn -0.145988 -0.139191 0.979446
vn -0.128923 -0.028832 0.991235
vn -0.065916 0.082959 0.994371
vn -0.013510 0.163158 0.986507
vn -0.010589 0.186411 0.982415
vn -0.049861 0.149724 0.987470
vn -0.086382 0.071375 0.993702
vn -0.082526 -0.019539 0.996397
vn -0.058449 -0.100797 0.993189
vn -0.074875 -0.162463 0.983870
vn -0.150618 -0.198951 0.968366
vn -0.226490 -0.201960 0.952845
vn -0.238094 -0.164865 0.957147
vn -0.185327 -0.087854 0.978742
vn -0.121311 0.004592 0.992604
vn -0.080150 0.069482 0.994358
vn -0.032334 0.085982 0.995772
vn 0.055356 0.062657 0.996499
vn 0.153481 0.018184 0.987984
vn 0.197840 -0.027306 0.979854
vn 0.160730 -0.054521 0.985491
vn 0.066430 -0.051819 0.996445
vn -0.029557 -0.027276 0.999191
vn -0.076460 -0.002414 0.997070
vn -0.056035 0.009649 0.998382
vn 0.008659 0.006365 0.999942
vn 0.060139 -0.014997 0.998077
vn 0.054158 -0.054591 0.997039
vn 0.009613 -0.097972 0.995143
vn -0.009907 -0.120473 0.992667
vn 0.027108 -0.106666 0.993925
vn 0.085663 -0.056758 0.994706
vn 0.109921 0.015627 0.993818
vn 0.074556 0.083971 0.993675
vn -0.012833 0.113889 0.993411
vn -0.119403 0.086459 0.989074
vn -0.193939 0.020227 0.980805
vn -0.203816 -0.042931 0.978067
vn -0.162021 -0.072240 0.984139
vn -0.101391 -0.062133 0.992905
vn -0.034675 -0.026351 0.999051
vn 0.036003 0.017446 0.999199
vn 0.084763 0.059452 0.994626
vn 0.083352 0.098348 0.991655
vn 0.045933 0.132268 0.990149
vn 0.023561 0.153327 0.987895
vn 0.100064 -0.184551 0.977716
vn 0.132271 -0.184248 0.973939
vn 0.177708 -0.191458 0.965279
vn 0.193758 -0.204328 0.959535
vn 0.181464 -0.206965 0.961372
vn 0.127437 -0.184328 0.974568
vn 0.040461 -0.129684 0.990729
vn -0.025929 -0.046409 0.998586
vn -0.018575 0.052148 0.998467
vn 0.049849 0.143305 0.988422
vn 0.099464 0.201439 0.974438
vn 0.062798 0.218453 0.973825
vn -0.041178 0.204814 0.977934
vn -0.109277 0.182839 0.977051
vn -0.059301 0.169971 0.983663
vn 0.081155 0.163992 0.983118
vn 0.192069 0.161308 0.968034
vn 0.191885 0.162571 0.967859
vn 0.102412 0.151224 0.983180
vn 0.012960 0.102879 0.994609
vn -0.007218 0.023867 0.999689
vn 0.029496 -0.043086 0.998636
vn 0.068173 -0.061826 0.995756
vn 0.077327 -0.042790 0.996087
vn 0.060220 -0.028049 0.997791
vn 0.029290 -0.049051 0.998367
vn -0.005646 -0.106528 0.994294
vn -0.032330 -0.181568 0.982847
vn -0.037310 -0.252677 0.966831
vn -0.012129 -0.304353 0.952482
vn 0.039668 -0.329352 0.943374
vn 0.092944 -0.327289 0.940342
vn 0.108921 -0.299833 0.947753
vn 0.068393 -0.244344 0.967274
vn -0.000649 -0.157214 0.987564
vn -0.039600 -0.047508 0.998086
vn -0.022451 0.063268 0.997744
vn 0.014719 0.148876 0.988746
vn 0.015756 0.186423 0.982343
vn -0.040983 0.166054 0.985265
vn -0.125068 0.096684 0.987426
vn -0.177025 0.005819 0.984189
vn -0.165990 -0.080869 0.982806
vn -0.123575 -0.151513 0.980700
vn -0.113885 -0.199057 0.973348
vn -0.154691 -0.214680 0.964356
vn -0.190081 -0.190601 0.963089
vn -0.162713 -0.127125 0.978450
vn -0.087949 -0.037083 0.995434
vn -0.037985 0.048068 0.998122
vn -0.037830 0.100349 0.994233
vn -0.032542 0.117022 0.992596
vn 0.026078 0.110605 0.993522
vn 0.113312 0.091585 0.989329
vn 0.166410 0.070162 0.983557
vn 0.153642 0.061313 0.986223
vn 0.086206 0.075755 0.993393
vn 0.001708 0.107121 0.994244
vn -0.053503 0.136172 0.989239
vn -0.052585 0.147076 0.987726
vn -0.012130 0.130740 0.991342
vn 0.015610 0.082611 0.996460
vn -0.003261 0.009927 0.999945
vn -0.037740 -0.061514 0.997392
vn -0.025429 -0.101075 0.994554
vn 0.049782 -0.096296 0.994107
vn 0.136259 -0.056414 0.989066
vn 0.167310 -0.003912 0.985897
vn 0.111360 0.035118 0.993159
vn -0.020390 0.036196 0.999137
vn -0.164816 -0.003986 0.986316
vn -0.241324 -0.054151 0.968933
vn -0.223657 -0.078224 0.971524
vn -0.145295 -0.062451 0.987415
vn -0.058633 -0.017867 0.998120
vn 0.015777 0.035011 0.999262
vn 0.082061 0.085032 0.992993
vn 0.123461 0.131229 0.983634
vn 0.115400 0.174301 0.977907
vn 0.069188 0.209993 0.975252
vn 0.041180 0.230389 0.972227
vn 0.094380 -0.189559 0.977323
vn 0.122892 -0.189441 0.974171
vn 0.165800 -0.190837 0.967518
vn 0.192895 -0.188139 0.963014
vn 0.206548 -0.167793 0.963942
vn 0.184225 -0.119737 0.975564
vn 0.122937 -0.044529 0.991415
vn 0.067829 0.043386 0.996753
vn 0.068300 0.121554 0.990232
vn 0.109518 0.170808 0.979199
vn 0.119158 0.181169 0.976207
vn 0.043732 0.154534 0.987019
vn -0.083173 0.103646 0.991131
vn -0.152848 0.050394 0.986964
vn -0.093853 0.005573 0.995570
vn 0.062286 -0.030188 0.997602
vn 0.192519 -0.045899 0.980219
vn 0.202715 -0.031507 0.978731
vn 0.098719 0.001286 0.995115
vn -0.024887 0.017859 0.999531
vn -0.063739 -0.001271 0.997966
vn -0.009526 -0.034815 0.999348
vn 0.063815 -0.052193 0.996596
vn 0.087837 -0.052162 0.994768
vn 0.054419 -0.056471 0.996920
vn -0.006617 -0.079483 0.996814
vn -0.063007 -0.117672 0.991052
vn -0.093195 -0.159120 0.982851
vn -0.086269 -0.192952 0.977408
vn -0.040475 -0.214200 0.975951
vn 0.034767 -0.225684 0.973580
vn 0.112885 -0.230063 0.966606
vn 0.157884 -0.218586 0.962960
vn 0.150604 -0.173878 0.973183
vn 0.107973 -0.086393 0.990393
vn 0.073328 0.027760 0.996921
vn 0.067354 0.132130 0.988941
vn 0.058804 0.195745 0.978890
vn 0.004182 0.205004 0.978752
vn -0.100758 0.161632 0.981694
vn -0.207679 0.085237 0.974476
vn -0.258077 0.004123 0.966116
vn -0.235805 -0.067299 0.969467
vn -0.176773 -0.125240 0.976251
vn -0.140850 -0.162438 0.976614
vn -0.145209 -0.168412 0.974962
vn -0.142121 -0.138695 0.980084
vn -0.087459 -0.082845 0.992717
vn -0.011264 -0.024216 0.999643
vn 0.015967 0.013622 0.999780
vn -0.010863 0.027975 0.999550
vn -0.022057 0.035083 0.999141
vn 0.030177 0.050003 0.998293
vn 0.114297 0.072198 0.990820
vn 0.168296 0.093464 0.981295
vn 0.164647 0.112451 0.979922
vn 0.110538 0.133649 0.984845
vn 0.031401 0.157423 0.987032
vn -0.034946 0.175982 0.983773
vn -0.060809 0.176444 0.982431
vn -0.056644 0.144571 0.987872
vn -0.061416 0.073756 0.995383
vn -0.089877 -0.019845 0.995755
vn -0.100880 -0.098346 0.990026
vn -0.044737 -0.131064 0.990364
vn 0.071210 -0.114340 0.990886
vn 0.175770 -0.071206 0.981853
vn 0.198820 -0.035354 0.979398
vn 0.114415 -0.030309 0.992971
vn -0.052148 -0.061865 0.996721
vn -0.206951 -0.108192 0.972351
vn -0.262001 -0.135727 0.955476
vn -0.209187 -0.126986 0.969595
vn -0.101117 -0.085686 0.991178
vn -0.003829 -0.033772 0.999422
vn 0.068658 0.012654 0.997560
vn 0.132992 0.057155 0.989468
vn 0.174036 0.109096 0.978677
vn 0.161379 0.168620 0.972380
vn 0.101910 0.223127 0.969448
vn 0.064780 0.255026 0.964762
vn 0.098980 -0.189977 0.976786
vn 0.129289 -0.177506 0.975590
vn 0.177969 -0.156854 0.971454
vn 0.217742 -0.130062 0.967302
vn 0.251820 -0.091812 0.963409
vn 0.251405 -0.034954 0.967251
vn 0.202642 0.039343 0.978462
vn 0.139420 0.111886 0.983892
vn 0.110284 0.153341 0.982000
vn 0.111339 0.145997 0.983000
vn 0.083541 0.093217 0.992135
vn -0.016520 0.017724 0.999706
vn -0.145861 -0.048381 0.988121
vn -0.205458 -0.089498 0.974565
vn -0.139216 -0.118719 0.983120
vn 0.029784 -0.147258 0.988650
vn 0.190275 -0.161121 0.968419
vn 0.236813 -0.141530 0.961191
vn 0.151852 -0.086308 0.984628
vn 0.010462 -0.018625 0.999772
vn -0.059798 0.026203 0.997867
vn -0.021540 0.039564 0.998985
vn 0.050778 0.029631 0.998270
vn 0.073160 0.002964 0.997316
vn 0.033018 -0.031808 0.998948
vn -0.032676 -0.059762 0.997678
vn -0.087280 -0.071039 0.993648
vn -0.110629 -0.067672 0.991555
vn -0.095580 -0.055932 0.993849
vn -0.047031 -0.044824 0.997887
vn 0.023480 -0.050185 0.998464
vn 0.102770 -0.080258 0.991462
vn 0.170542 -0.114950 0.978623
vn 0.204521 -0.117882 0.971738
vn 0.201147 -0.069198 0.977114
vn 0.178231 0.018194 0.983820
vn 0.147138 0.106004 0.983419
vn 0.089213 0.159081 0.983227
vn -0.019018 0.163535 0.986354
vn -0.160151 0.125916 0.979029
vn -0.275244 0.068839 0.958907
vn -0.319122 0.012271 0.947634
vn -0.288407 -0.038398 0.956738
vn -0.216879 -0.079985 0.972916
vn -0.158546 -0.102774 0.981988
vn -0.133711 -0.098537 0.986109
vn -0.107183 -0.071200 0.991687
vn -0.048909 -0.040159 0.997996
vn 0.008721 -0.030302 0.999503
vn 0.014136 -0.050075 0.998645
vn -0.016505 -0.080782 0.996595
vn -0.010637 -0.092850 0.995623
vn 0.063713 -0.070356 0.995485
vn 0.157659 -0.020926 0.987272
vn 0.206423 0.032158 0.977934
vn 0.192097 0.070417 0.978846
vn 0.129877 0.088876 0.987539
vn 0.044661 0.092239 0.994735
vn -0.033833 0.085851 0.995733
vn -0.085278 0.066010 0.994168
vn -0.116903 0.020950 0.992922
vn -0.148727 -0.052214 0.987499
vn -0.172495 -0.131288 0.976222
vn -0.146100 -0.181964 0.972391
vn -0.040876 -0.184109 0.982056
vn 0.108116 -0.142862 0.983820
vn 0.211212 -0.092429 0.973060
vn 0.206596 -0.070484 0.975884
vn 0.085476 -0.091858 0.992097
vn -0.099649 -0.139882 0.985141
vn -0.236179 -0.174801 0.955858
vn -0.255648 -0.172763 0.951208
vn -0.170458 -0.133918 0.976222
vn -0.049753 -0.078457 0.995675
vn 0.040333 -0.034574 0.998588
vn 0.106726 -0.008268 0.994254
vn 0.178488 0.017181 0.983792
vn 0.233998 0.061435 0.970294
vn 0.228353 0.130691 0.964767
vn 0.156277 0.208689 0.965415
vn 0.106266 0.259911 0.959767
vn 0.119930 -0.117657 0.985786
vn 0.156410 -0.100137 0.982603
vn 0.213246 -0.071689 0.974365
vn 0.257278 -0.039934 0.965512
vn 0.298354 -0.004814 0.954443
vn 0.308264 0.041093 0.950413
vn 0.262820 0.099516 0.959699
vn 0.178890 0.150656 0.972266
vn 0.101911 0.158993 0.982006
vn 0.049327 0.102522 0.993507
vn -0.008730 -0.004652 0.999951
vn -0.097540 -0.110054 0.989128
vn -0.187414 -0.163088 0.968648
vn -0.218172 -0.160937 0.962549
vn -0.148248 -0.137996 0.979275
vn 0.016679 -0.127113 0.991748
vn 0.192674 -0.130316 0.972571
vn 0.272719 -0.123783 0.954097
vn 0.221285 -0.087004 0.971320
vn 0.088651 -0.017567 0.995908
vn -0.005626 0.058723 0.998258
vn -0.006073 0.107818 0.994152
vn 0.027230 0.108443 0.993730
vn 0.026712 0.063501 0.997624
vn -0.008286 0.006924 0.999942
vn -0.046233 -0.018488 0.998760
vn -0.071738 0.001594 0.997422
vn -0.079257 0.049652 0.995617
vn -0.064463 0.101325 0.992763
vn -0.035099 0.137214 0.989919
vn -0.000317 0.137542 0.990496
vn 0.049326 0.089807 0.994737
vn 0.122657 0.009970 0.992399
vn 0.197109 -0.057196 0.978712
vn 0.240737 -0.077365 0.967502
vn 0.244166 -0.053005 0.968284
vn 0.206824 -0.011236 0.978314
vn 0.117241 0.019643 0.992909
vn -0.028887 0.027233 0.999212
vn -0.192924 0.016666 0.981072
vn -0.312334 -0.001093 0.949972
vn -0.354353 -0.022486 0.934841
vn -0.320173 -0.047674 0.946159
vn -0.237942 -0.069007 0.968825
vn -0.159435 -0.072342 0.984554
vn -0.115142 -0.052544 0.991958
vn -0.084992 -0.022408 0.996130
vn -0.046569 -0.007099 0.998890
vn -0.021160 -0.026606 0.999422
vn -0.034647 -0.076527 0.996465
vn -0.053458 -0.128472 0.990271
vn -0.011554 -0.153557 0.988072
vn 0.100764 -0.139556 0.985074
vn 0.212883 -0.095036 0.972445
vn 0.255570 -0.045177 0.965734
vn 0.219616 -0.013757 0.975489
vn 0.131854 -0.013627 0.991176
vn 0.027998 -0.042594 0.998700
vn -0.061502 -0.086633 0.994340
vn -0.124870 -0.133824 0.983107
vn -0.171048 -0.180995 0.968495
vn -0.206906 -0.224594 0.952233
vn -0.211942 -0.252891 0.943995
vn -0.148119 -0.252024 0.956318
vn -0.003177 -0.214113 0.976804
vn 0.160298 -0.151693 0.975343
vn 0.243107 -0.101329 0.964692
vn 0.200378 -0.090289 0.975549
vn 0.045090 -0.118910 0.991881
vn -0.139436 -0.156456 0.977793
vn -0.241446 -0.164670 0.956341
vn -0.220856 -0.130921 0.966479
vn -0.111953 -0.067237 0.991436
vn 0.000540 -0.006847 0.999976
vn 0.066484 0.024420 0.997489
vn 0.119989 0.028614 0.992363
vn 0.201736 0.025022 0.979120
vn 0.283443 0.040407 0.958137
vn 0.302379 0.094873 0.948455
vn 0.229979 0.180043 0.956396
vn 0.168426 0.245592 0.954629
vn 0.134786 0.052818 0.989466
vn 0.175304 0.051272 0.983178
vn 0.236515 0.050281 0.970326
vn 0.281354 0.052279 0.958179
vn 0.326361 0.060742 0.943291
vn 0.344702 0.083103 0.935026
vn 0.301532 0.120756 0.945778
vn 0.193684 0.154417 0.968835
vn 0.059785 0.146100 0.987462
vn -0.053083 0.071214 0.996048
vn -0.129006 -0.049005 0.990432
vn -0.175328 -0.151674 0.972756
vn -0.196001 -0.185411 0.962916
vn -0.178389 -0.147560 0.972833
vn -0.101748 -0.075964 0.991906
vn 0.037015 -0.023280 0.999043
vn 0.191285 -0.017092 0.981386
vn 0.279014 -0.038993 0.959495
vn 0.257028 -0.050138 0.965102
vn 0.156859 -0.021596 0.987385
vn 0.065958 0.043729 0.996864
vn 0.028571 0.104766 0.994086
vn 0.006022 0.118858 0.992893
vn -0.028736 0.082319 0.996192
vn -0.049017 0.037419 0.998097
vn -0.038028 0.034038 0.998697
vn -0.019385 0.083094 0.996353
vn -0.010967 0.156683 0.987588
vn -0.007244 0.223008 0.974790
vn -0.009962 0.265270 0.964123
vn -0.023869 0.272186 0.961949
vn -0.024459 0.233090 0.972148
vn 0.025251 0.149218 0.988482
vn 0.119471 0.045343 0.991802
vn 0.204929 -0.041010 0.977917
vn 0.241148 -0.093436 0.965980
vn 0.217112 -0.120862 0.968635
vn 0.127220 -0.135376 0.982593
vn -0.021859 -0.138300 0.990149
vn -0.187042 -0.125929 0.974247
vn -0.310014 -0.104825 0.944935
vn -0.358649 -0.089632 0.929159
vn -0.327947 -0.086874 0.940693
vn -0.237970 -0.087370 0.967335
vn -0.141356 -0.074545 0.987148
vn -0.084232 -0.043460 0.995498
vn -0.062096 -0.008343 0.998035
vn -0.053057 0.008102 0.998559
vn -0.060852 -0.006252 0.998127
vn -0.088530 -0.041628 0.995203
vn -0.094473 -0.075851 0.992634
vn -0.022514 -0.094167 0.995302
vn 0.120259 -0.093922 0.988290
vn 0.245891 -0.081556 0.965860
vn 0.281982 -0.070506 0.956825
vn 0.222847 -0.075278 0.971943
vn 0.101829 -0.108021 0.988920
vn -0.028056 -0.169739 0.985090
vn -0.122597 -0.244366 0.961902
vn -0.173481 -0.309213 0.935036
vn -0.199246 -0.347718 0.916184
vn -0.211141 -0.352770 0.911577
vn -0.189414 -0.324255 0.926812
vn -0.097401 -0.265678 0.959129
vn 0.065080 -0.186247 0.980345
vn 0.217264 -0.111739 0.969696
vn 0.269022 -0.068868 0.960669
vn 0.192774 -0.062351 0.979260
vn 0.018639 -0.078008 0.996778
vn -0.151120 -0.085932 0.984773
vn -0.216804 -0.062209 0.974231
vn -0.162212 -0.006311 0.986736
vn -0.045866 0.058891 0.997210
vn 0.042066 0.103307 0.993760
vn 0.075330 0.117115 0.990257
vn 0.107198 0.104216 0.988761
vn 0.190664 0.073007 0.978937
vn 0.300661 0.047286 0.952558
vn 0.356826 0.060393 0.932216
vn 0.301851 0.118905 0.945911
vn 0.237592 0.176710 0.955156
vn 0.115226 0.228505 0.966700
vn 0.152645 0.196964 0.968455
vn 0.213619 0.149341 0.965435
vn 0.267258 0.106093 0.957767
vn 0.326701 0.079953 0.941740
vn 0.360342 0.077514 0.929594
vn 0.324076 0.096586 0.941088
vn 0.198692 0.119927 0.972697
vn 0.015784 0.115292 0.993206
vn -0.145912 0.062396 0.987328
vn -0.229782 -0.020118 0.973034
vn -0.234000 -0.088514 0.968199
vn -0.184925 -0.104254 0.977207
vn -0.109834 -0.058258 0.992241
vn -0.022996 0.020081 0.999534
vn 0.075525 0.079658 0.993957
vn 0.177248 0.084739 0.980511
vn 0.243534 0.039878 0.969072
vn 0.239385 -0.015925 0.970794
vn 0.181617 -0.038834 0.982602
vn 0.120723 -0.014211 0.992585
vn 0.069536 0.028937 0.997160
vn 0.004639 0.050943 0.998691
vn -0.055299 0.046121 0.997404
vn -0.056688 0.045436 0.997358
vn -0.000382 0.078613 0.996905
vn 0.052030 0.143398 0.988297
vn 0.064120 0.213327 0.974875
vn 0.049627 0.266455 0.962569
vn 0.017869 0.297633 0.954513
vn -0.033933 0.308328 0.950675
vn -0.078463 0.295470 0.952124
vn -0.067990 0.253114 0.965044
vn 0.008368 0.177202 0.984139
vn 0.105483 0.075137 0.991578
vn 0.166864 -0.031690 0.985470
vn 0.166649 -0.123824 0.978210
vn 0.100771 -0.189616 0.976673
vn -0.019889 -0.219985 0.975301
vn -0.161834 -0.211654 0.963853
vn -0.279343 -0.176886 0.943758
vn -0.335851 -0.138302 0.931706
vn -0.313371 -0.110421 0.943189
vn -0.222073 -0.091211 0.970754
vn -0.114238 -0.069449 0.991023
vn -0.048823 -0.039400 0.998030
vn -0.033533 -0.007252 0.999411
vn -0.044476 0.015701 0.998887
vn -0.070911 0.026050 0.997142
vn -0.104296 0.031829 0.994037
vn -0.106078 0.040067 0.993550
vn -0.030269 0.044954 0.998530
vn 0.111699 0.033147 0.993189
vn 0.233614 0.001095 0.972329
vn 0.261884 -0.043060 0.964138
vn 0.185432 -0.094908 0.978063
vn 0.037671 -0.156724 0.986924
vn -0.112887 -0.229804 0.966668
vn -0.204688 -0.307149 0.929388
vn -0.227234 -0.372109 0.899944
vn -0.207520 -0.403784 0.891007
vn -0.170008 -0.387307 0.906140
vn -0.107787 -0.320336 0.941152
vn 0.004876 -0.216390 0.976295
vn 0.155647 -0.107908 0.981901
vn 0.271862 -0.030459 0.961854
vn 0.290465 0.008515 0.956848
vn 0.194950 0.024782 0.980500
vn 0.021849 0.038310 0.999027
vn -0.126880 0.065870 0.989729
vn -0.168078 0.111458 0.979452
vn -0.103650 0.161191 0.981465
vn -0.002521 0.192562 0.981281
vn 0.058456 0.198714 0.978313
vn 0.066710 0.189339 0.979643
vn 0.075910 0.167169 0.983002
vn 0.147466 0.123879 0.981279
vn 0.274426 0.064927 0.959414
vn 0.367172 0.024024 0.929843
vn 0.339202 0.022884 0.940435
vn 0.282735 0.041116 0.958316
vn 0.067098 0.287533 0.955417
vn 0.093324 0.241343 0.965942
vn 0.147316 0.168096 0.974701
vn 0.217424 0.096298 0.971315
vn 0.303226 0.046981 0.951760
vn 0.360275 0.028354 0.932415
vn 0.337432 0.036659 0.940636
vn 0.208301 0.059055 0.976280
vn 0.000446 0.075202 0.997168
vn -0.186237 0.070981 0.979937
vn -0.273571 0.053966 0.960337
vn -0.257073 0.040665 0.965536
vn -0.168239 0.043991 0.984764
vn -0.056371 0.068368 0.996066
vn 0.036054 0.104819 0.993838
vn 0.101936 0.131912 0.986006
vn 0.152842 0.125523 0.980247
vn 0.184181 0.077104 0.979863
vn 0.182527 0.006427 0.983180
vn 0.158697 -0.051108 0.986004
vn 0.133113 -0.076178 0.988169
vn 0.093377 -0.076844 0.992661
vn 0.023232 -0.064899 0.997621
vn -0.034255 -0.037860 0.998696
vn -0.016492 0.009991 0.999814
vn 0.061182 0.072912 0.995460
vn 0.118555 0.134730 0.983764
vn 0.117761 0.181421 0.976329
vn 0.083415 0.206297 0.974927
vn 0.036280 0.215200 0.975896
vn -0.025615 0.225587 0.973886
vn -0.084159 0.248043 0.965086
vn -0.100280 0.270200 0.957568
vn -0.063570 0.263763 0.962491
vn -0.002601 0.205464 0.978661
vn 0.047009 0.096671 0.994206
vn 0.062003 -0.031894 0.997566
vn 0.030188 -0.139430 0.989772
vn -0.046508 -0.200332 0.978624
vn -0.148665 -0.210364 0.966253
vn -0.244703 -0.181706 0.952420
vn -0.298236 -0.135202 0.944868
vn -0.281076 -0.088687 0.955579
vn -0.194934 -0.050678 0.979506
vn -0.088345 -0.022576 0.995834
vn -0.021785 -0.001219 0.999762
vn -0.007021 0.018096 0.999812
vn -0.019734 0.038544 0.999062
vn -0.044529 0.064173 0.996945
vn -0.074181 0.098882 0.992330
vn -0.081125 0.137019 0.987241
vn -0.029184 0.159059 0.986838
vn 0.076768 0.142174 0.986860
vn 0.173276 0.081783 0.981472
vn 0.192854 -0.001171 0.981227
vn 0.114002 -0.081792 0.990108
vn -0.037286 -0.146990 0.988435
vn -0.192368 -0.198464 0.961044
vn -0.281205 -0.246518 0.927444
vn -0.281672 -0.292471 0.913850
vn -0.213702 -0.318715 0.923446
vn -0.112502 -0.301211 0.946898
vn 0.001371 -0.231792 0.972764
vn 0.126789 -0.129074 0.983496
vn 0.248220 -0.030073 0.968237
vn 0.324062 0.039701 0.945202
vn 0.318174 0.085162 0.944199
vn 0.218966 0.125931 0.967572
vn 0.058951 0.174584 0.982876
vn -0.075722 0.228037 0.970704
vn -0.119169 0.273561 0.954444
vn -0.078043 0.295008 0.952302
vn -0.006819 0.283179 0.959043
vn 0.038083 0.250549 0.967355
vn 0.041918 0.220100 0.974576
vn 0.040541 0.196803 0.979604
vn 0.090800 0.160222 0.982896
vn 0.209545 0.090593 0.973593
vn 0.321419 0.003200 0.946932
vn 0.317917 -0.068005 0.945676
vn 0.273334 -0.105796 0.956083
vn 0.016660 0.197898 0.980081
vn 0.028740 0.159773 0.986735
vn 0.070046 0.097683 0.992750
vn 0.154005 0.031906 0.987555
vn 0.267955 -0.018913 0.963246
vn 0.352655 -0.041858 0.934817
vn 0.350450 -0.035110 0.935923
vn 0.234024 -0.004601 0.972220
vn 0.027804 0.039509 0.998832
vn -0.164138 0.084206 0.982837
vn -0.255515 0.123420 0.958895
vn -0.242550 0.153576 0.957906
vn -0.158371 0.166181 0.973295
vn -0.049206 0.158255 0.986171
vn 0.041686 0.140257 0.989237
vn 0.097357 0.122279 0.987709
vn 0.124075 0.099515 0.987270
vn 0.128476 0.060355 0.989874
vn 0.115290 0.003083 0.993327
vn 0.100497 -0.062086 0.992998
vn 0.094879 -0.123081 0.987851
vn 0.080351 -0.167198 0.982644
vn 0.043415 -0.176164 0.983403
vn 0.019411 -0.138627 0.990154
vn 0.054103 -0.070265 0.996060
vn 0.125574 -0.005215 0.992070
vn 0.162908 0.035562 0.986000
vn 0.138867 0.052270 0.988931
vn 0.085832 0.048654 0.995121
vn 0.038701 0.035715 0.998612
vn 0.000806 0.043151 0.999068
vn -0.031705 0.096987 0.994781
vn -0.052470 0.180997 0.982083
vn -0.061719 0.241202 0.968510
vn -0.068305 0.233935 0.969850
vn -0.071557 0.152156 0.985763
vn -0.067566 0.026452 0.997364
vn -0.069114 -0.089258 0.993608
vn -0.095595 -0.155814 0.983150
vn -0.150028 -0.167773 0.974343
vn -0.214013 -0.139862 0.966766
vn -0.252846 -0.090708 0.963245
vn -0.234053 -0.034718 0.971604
vn -0.156645 0.016096 0.987524
vn -0.064537 0.050123 0.996656
vn -0.008132 0.064714 0.997871
vn 0.006231 0.069037 0.997595
vn 0.001740 0.074605 0.997212
vn -0.010007 0.089530 0.995934
vn -0.030277 0.117206 0.992646
vn -0.044663 0.151715 0.987415
vn -0.024645 0.174361 0.984373
vn 0.034132 0.162230 0.986163
vn 0.094032 0.107093 0.989792
vn 0.105065 0.027539 0.994084
vn 0.041997 -0.043637 0.998164
vn -0.085124 -0.082708 0.992932
vn -0.226826 -0.088982 0.969862
vn -0.315528 -0.082387 0.945333
vn -0.313871 -0.082455 0.945878
vn -0.224100 -0.091338 0.970277
vn -0.080138 -0.094723 0.992273
vn 0.071932 -0.077516 0.994393
vn 0.207435 -0.039145 0.977465
vn 0.314869 0.009071 0.949092
vn 0.373887 0.057394 0.925697
vn 0.362595 0.108039 0.925663
vn 0.271190 0.170200 0.947359
vn 0.121878 0.242675 0.962421
vn -0.018278 0.306312 0.951756
vn -0.090480 0.342110 0.935294
vn -0.090687 0.341852 0.935368
vn -0.050687 0.307779 0.950107
vn -0.009348 0.258841 0.965875
vn 0.009743 0.221883 0.975025
vn 0.014086 0.204319 0.978803
vn 0.041678 0.182594 0.982305
vn 0.124471 0.121925 0.984704
vn 0.224049 0.012969 0.974492
vn 0.238063 -0.108391 0.965183
vn 0.208770 -0.188312 0.959663
vn -0.009769 0.009493 0.999907
vn -0.006909 0.001129 0.999975
vn 0.021518 -0.017198 0.999621
vn 0.105108 -0.047437 0.993329
vn 0.233950 -0.083005 0.968699
vn 0.343867 -0.105009 0.933128
vn 0.368579 -0.099261 0.924282
vn 0.278352 -0.062997 0.958411
vn 0.090484 -0.000455 0.995898
vn -0.100125 0.071973 0.992368
vn -0.203826 0.135591 0.969572
vn -0.215305 0.177707 0.960242
vn -0.165309 0.186436 0.968460
vn -0.084154 0.159122 0.983666
vn -0.000393 0.110439 0.993883
vn 0.062158 0.061980 0.996140
vn 0.092666 0.024115 0.995405
vn 0.089904 -0.006778 0.995927
vn 0.061983 -0.040248 0.997265
vn 0.033109 -0.086224 0.995725
vn 0.026777 -0.146691 0.988820
vn 0.038673 -0.202804 0.978455
vn 0.052018 -0.222574 0.973527
vn 0.072690 -0.193551 0.978394
vn 0.116256 -0.141423 0.983099
vn 0.164804 -0.106489 0.980561
vn 0.174937 -0.101219 0.979363
vn 0.131434 -0.112160 0.984960
vn 0.067731 -0.129867 0.989215
vn 0.031112 -0.148042 0.988492
vn 0.035043 -0.143000 0.989102
vn 0.053623 -0.086847 0.994777
vn 0.046770 0.011561 0.998839
vn -0.009096 0.096377 0.995303
vn -0.096276 0.112406 0.988987
vn -0.164884 0.051689 0.984958
vn -0.178890 -0.047165 0.982738
vn -0.151404 -0.129723 0.979923
vn -0.127107 -0.161592 0.978638
vn -0.137240 -0.144173 0.979989
vn -0.175223 -0.100195 0.979417
vn -0.202173 -0.049571 0.978094
vn -0.180652 0.001731 0.983546
vn -0.112129 0.050818 0.992393
vn -0.039976 0.087548 0.995358
vn -0.002863 0.104086 0.994564
vn 0.002923 0.103762 0.994598
vn 0.000935 0.094946 0.995482
vn -0.001399 0.084880 0.996390
vn -0.010965 0.080882 0.996663
vn -0.023021 0.088567 0.995804
vn -0.018614 0.102443 0.994565
vn 0.008809 0.105086 0.994424
vn 0.039574 0.083274 0.995741
vn 0.044542 0.043741 0.998049
vn 0.004141 0.010224 0.999939
vn -0.085437 0.006675 0.996321
vn -0.199738 0.040503 0.979012
vn -0.284861 0.094552 0.953894
vn -0.297679 0.139742 0.944383
vn -0.230336 0.153609 0.960911
vn -0.101243 0.128672 0.986506
vn 0.056550 0.079835 0.995203
vn 0.211384 0.037180 0.976696
vn 0.337318 0.021360 0.941149
vn 0.410133 0.033929 0.911394
vn 0.412837 0.070634 0.908062
vn 0.337270 0.130266 0.932352
vn 0.193979 0.204124 0.959534
vn 0.034304 0.267080 0.963064
vn -0.077292 0.297470 0.951597
vn -0.117464 0.292868 0.948910
vn -0.100369 0.262956 0.959573
vn -0.055444 0.225804 0.972594
vn -0.015899 0.200485 0.979568
vn -0.000293 0.191016 0.981587
vn 0.007334 0.179271 0.983772
vn 0.042226 0.134871 0.989963
vn 0.102690 0.038361 0.993973
vn 0.125165 -0.086851 0.988327
vn 0.115392 -0.176057 0.977593
vn 0.000266 -0.156405 0.987693
vn 0.002405 -0.135884 0.990722
vn 0.021536 -0.109996 0.993699
vn 0.086678 -0.101739 0.991028
vn 0.207177 -0.120626 0.970838
vn 0.331347 -0.147209 0.931954
vn 0.383534 -0.154731 0.910472
vn 0.325517 -0.131518 0.936345
vn 0.163372 -0.076236 0.983615
vn -0.026692 -0.003866 0.999636
vn -0.151874 0.058853 0.986646
vn -0.195707 0.096870 0.975866
vn -0.181853 0.105839 0.977613
vn -0.129673 0.087101 0.987724
vn -0.057245 0.047530 0.997228
vn 0.011674 -0.001834 0.999930
vn 0.056492 -0.048041 0.997247
vn 0.064862 -0.079503 0.994722
vn 0.036095 -0.093290 0.994984
vn -0.006750 -0.101350 0.994828
vn -0.024443 -0.120268 0.992440
vn 0.001477 -0.147197 0.989106
vn 0.052836 -0.158962 0.985870
vn 0.102698 -0.146110 0.983923
vn 0.140845 -0.131867 0.981210
vn 0.163097 -0.143202 0.976162
vn 0.155476 -0.175998 0.972035
vn 0.109363 -0.207060 0.972196
vn 0.048989 -0.226461 0.972787
vn 0.024723 -0.237916 0.970971
vn 0.061385 -0.234383 0.970204
vn 0.120853 -0.199402 0.972437
vn 0.128337 -0.139555 0.981863
vn 0.038168 -0.091541 0.995070
vn -0.113564 -0.090636 0.989388
vn -0.225962 -0.135611 0.964651
vn -0.240345 -0.192191 0.951471
vn -0.178921 -0.222339 0.958412
vn -0.108898 -0.205562 0.972567
vn -0.089706 -0.153612 0.984051
vn -0.123384 -0.097163 0.987591
vn -0.156238 -0.055796 0.986142
vn -0.137638 -0.025074 0.990165
vn -0.072236 0.007924 0.997356
vn -0.011294 0.044649 0.998939
vn 0.008195 0.075436 0.997117
vn -0.003019 0.091319 0.995817
vn -0.017322 0.088225 0.995950
vn -0.024209 0.067533 0.997423
vn -0.026717 0.039962 0.998844
vn -0.023370 0.023502 0.999451
vn -0.008299 0.028441 0.999561
vn 0.015219 0.046975 0.998780
vn 0.033071 0.062418 0.997502
vn 0.032196 0.066738 0.997251
vn 0.004936 0.067335 0.997718
vn -0.054323 0.081039 0.995229
vn -0.139027 0.121125 0.982853
vn -0.217843 0.181667 0.958927
vn -0.254200 0.236926 0.937682
vn -0.232878 0.259958 0.937118
vn -0.153867 0.236905 0.959271
vn -0.019721 0.173223 0.984685
vn 0.152177 0.095389 0.983739
vn 0.313967 0.035440 0.948772
vn 0.417134 0.007571 0.908814
vn 0.443026 0.010573 0.896446
vn 0.387839 0.041676 0.920784
vn 0.254351 0.093645 0.962567
vn 0.079550 0.145314 0.986182
vn -0.064292 0.173888 0.982664
vn -0.132195 0.176008 0.975472
vn -0.127012 0.163195 0.978384
vn -0.077915 0.149504 0.985687
vn -0.027283 0.142501 0.989419
vn -0.007968 0.139455 0.990196
vn -0.015792 0.131297 0.991217
vn -0.017131 0.105898 0.994229
vn 0.005790 0.051461 0.998658
vn 0.027945 -0.025248 0.999291
vn 0.032977 -0.084741 0.995857
vn 0.031962 -0.197936 0.979694
vn 0.040129 -0.169411 0.984728
vn 0.055472 -0.128295 0.990183
vn 0.091367 -0.104294 0.990341
vn 0.181747 -0.119859 0.976013
vn 0.303073 -0.163433 0.938848
vn 0.376481 -0.200743 0.904414
vn 0.349499 -0.211137 0.912837
vn 0.217826 -0.188061 0.957698
vn 0.035895 -0.137026 0.989917
vn -0.106124 -0.081834 0.990980
vn -0.172829 -0.038863 0.984185
vn -0.178840 -0.006553 0.983856
vn -0.144596 0.016521 0.989353
vn -0.090026 0.021158 0.995715
vn -0.033418 -0.003013 0.999437
vn 0.014983 -0.048795 0.998696
vn 0.044469 -0.087578 0.995165
vn 0.039998 -0.092047 0.994951
vn 0.005816 -0.061979 0.998061
vn -0.019853 -0.023108 0.999536
vn -0.000531 0.001338 0.999999
vn 0.053674 0.008866 0.998519
vn 0.100630 0.002283 0.994921
vn 0.119156 -0.025791 0.992540
vn 0.120133 -0.079810 0.989545
vn 0.110494 -0.142818 0.983562
vn 0.079973 -0.188631 0.978786
vn 0.035598 -0.208589 0.977355
vn 0.022163 -0.213063 0.976787
vn 0.073506 -0.210486 0.974829
vn 0.148540 -0.199294 0.968616
vn 0.155089 -0.187129 0.970015
vn 0.040577 -0.192544 0.980449
vn -0.140860 -0.220202 0.965230
vn -0.258836 -0.254552 0.931776
vn -0.253438 -0.276963 0.926855
vn -0.155773 -0.268604 0.950572
vn -0.052544 -0.224342 0.973093
vn -0.026671 -0.168070 0.985414
vn -0.078488 -0.127655 0.988708
vn -0.131638 -0.111430 0.985015
vn -0.117630 -0.107214 0.987253
vn -0.042743 -0.093070 0.994742
vn 0.027493 -0.055785 0.998064
vn 0.044085 -0.002412 0.999025
vn 0.015849 0.047495 0.998746
vn -0.022984 0.075346 0.996892
vn -0.049779 0.074320 0.995991
vn -0.055030 0.053930 0.997027
vn -0.034631 0.035410 0.998773
vn 0.004798 0.037081 0.999301
vn 0.042860 0.060561 0.997244
vn 0.059278 0.091489 0.994040
vn 0.049164 0.113489 0.992322
vn 0.018506 0.121067 0.992472
vn -0.029763 0.122762 0.991990
vn -0.094695 0.134203 0.986419
vn -0.164597 0.162897 0.972817
vn -0.217206 0.198274 0.955777
vn -0.232471 0.220593 0.947257
vn -0.195228 0.216900 0.956473
vn -0.091166 0.185393 0.978426
vn 0.076959 0.131147 0.988371
vn 0.259886 0.066551 0.963343
vn 0.390687 0.010740 0.920461
vn 0.441048 -0.021339 0.897230
vn 0.408147 -0.023789 0.912606
vn 0.291074 0.000162 0.956700
vn 0.114461 0.034742 0.992820
vn -0.048005 0.057100 0.997214
vn -0.132528 0.058790 0.989434
vn -0.132018 0.050489 0.989961
vn -0.079443 0.046419 0.995758
vn -0.027027 0.049331 0.998417
vn -0.011847 0.051381 0.998609
vn -0.026824 0.049738 0.998402
vn -0.038201 0.050139 0.998011
vn -0.028416 0.052436 0.998220
vn -0.009967 0.048849 0.998756
vn -0.001617 0.041150 0.999152
vn 0.059966 -0.080491 0.994950
vn 0.074534 -0.064517 0.995129
vn 0.087983 -0.040630 0.995293
vn 0.093765 -0.030855 0.995116
vn 0.142878 -0.060989 0.987859
vn 0.246191 -0.131641 0.960240
vn 0.334587 -0.208007 0.919122
vn 0.337788 -0.258528 0.905021
vn 0.241158 -0.273241 0.931226
vn 0.083977 -0.251217 0.964281
vn -0.053749 -0.204690 0.977350
vn -0.122340 -0.146338 0.981640
vn -0.128390 -0.074778 0.988901
vn -0.102825 0.004785 0.994688
vn -0.076727 0.064964 0.994933
vn -0.058159 0.077181 0.995319
vn -0.028303 0.042465 0.998697
vn 0.021546 -0.001633 0.999767
vn 0.062060 -0.007733 0.998042
vn 0.062439 0.039401 0.997271
vn 0.038536 0.111575 0.993009
vn 0.033006 0.166276 0.985527
vn 0.053564 0.181534 0.981925
vn 0.068468 0.158475 0.984986
vn 0.060139 0.106402 0.992503
vn 0.047773 0.036364 0.998196
vn 0.047799 -0.034329 0.998267
vn 0.044072 -0.084414 0.995456
vn 0.024810 -0.103971 0.994271
vn 0.022836 -0.102576 0.994463
vn 0.075063 -0.098463 0.992306
vn 0.144924 -0.104009 0.983961
vn 0.137605 -0.126602 0.982363
vn 0.003091 -0.169359 0.985550
vn -0.183686 -0.216918 0.958752
vn -0.282598 -0.247448 0.926773
vn -0.245241 -0.252180 0.936089
vn -0.114528 -0.226652 0.967219
vn 0.000043 -0.186332 0.982487
vn 0.010137 -0.161416 0.986834
vn -0.066483 -0.159855 0.984899
vn -0.134636 -0.170054 0.976194
vn -0.116677 -0.179261 0.976858
vn -0.019426 -0.171491 0.984994
vn 0.078889 -0.132289 0.988067
vn 0.110739 -0.065494 0.991689
vn 0.074751 0.009307 0.997159
vn 0.009648 0.069071 0.997565
vn -0.045480 0.101200 0.993826
vn -0.065376 0.109434 0.991842
vn -0.040095 0.108409 0.993297
vn 0.016859 0.114186 0.993316
vn 0.069370 0.133423 0.988628
vn 0.085388 0.157596 0.983805
vn 0.061207 0.170111 0.983522
vn 0.014146 0.160575 0.986922
vn -0.040123 0.133551 0.990229
vn -0.096751 0.105388 0.989713
vn -0.153273 0.091563 0.983933
vn -0.200519 0.096113 0.974964
vn -0.221954 0.113229 0.968461
vn -0.197856 0.135209 0.970861
vn -0.112038 0.153011 0.981853
vn 0.033880 0.151303 0.987907
vn 0.204002 0.117358 0.971911
vn 0.343150 0.061600 0.937259
vn 0.415222 0.011894 0.909642
vn 0.406652 -0.012247 0.913501
vn 0.309334 -0.008977 0.950911
vn 0.136462 0.008113 0.990612
vn -0.040963 0.015511 0.999040
vn -0.140374 0.001374 0.990098
vn -0.141153 -0.022989 0.989721
vn -0.080318 -0.038490 0.996026
vn -0.022716 -0.038412 0.999004
vn -0.007635 -0.030104 0.999518
vn -0.017142 -0.014927 0.999742
vn -0.014514 0.018047 0.999732
vn 0.004458 0.071675 0.997418
vn 0.016482 0.127181 0.991743
vn 0.017433 0.160486 0.986884
vn 0.063851 0.154081 0.985993
vn 0.079671 0.148591 0.985684
vn 0.088601 0.140515 0.986106
vn 0.070624 0.122604 0.989940
vn 0.079652 0.074022 0.994071
vn 0.156274 -0.017254 0.987563
vn 0.256482 -0.127655 0.958082
vn 0.293962 -0.216553 0.930962
vn 0.235997 -0.267097 0.934326
vn 0.114715 -0.277000 0.953998
vn 0.004221 -0.248366 0.968657
vn -0.041039 -0.184201 0.982031
vn -0.027781 -0.083573 0.996114
vn -0.005237 0.037898 0.999268
vn -0.017506 0.138518 0.990205
vn -0.055180 0.182596 0.981638
vn -0.063117 0.169392 0.983526
vn -0.005534 0.132569 0.991158
vn 0.080502 0.118618 0.989671
vn 0.123520 0.150829 0.980813
vn 0.106307 0.208647 0.972196
vn 0.069511 0.250401 0.965644
vn 0.044395 0.252181 0.966661
vn 0.022893 0.219716 0.975295
vn -0.004342 0.172727 0.984960
vn -0.020030 0.124705 0.991992
vn -0.008860 0.079065 0.996830
vn 0.011513 0.042660 0.999023
vn 0.018066 0.026977 0.999473
vn 0.028010 0.030904 0.999130
vn 0.072609 0.035397 0.996732
vn 0.122744 0.019734 0.992242
vn 0.093310 -0.023179 0.995367
vn -0.055700 -0.085064 0.994817
vn -0.232090 -0.139351 0.962661
vn -0.301484 -0.163233 0.939394
vn -0.231269 -0.154585 0.960530
vn -0.083170 -0.125457 0.988607
vn 0.016665 -0.108904 0.993913
vn 0.000280 -0.125393 0.992107
vn -0.088545 -0.156726 0.983665
vn -0.150635 -0.175845 0.972825
vn -0.116351 -0.176961 0.977316
vn 0.006565 -0.161094 0.986917
vn 0.133315 -0.125479 0.983098
vn 0.183647 -0.073462 0.980243
vn 0.149440 -0.013534 0.988678
vn 0.069205 0.044275 0.996620
vn -0.008848 0.091109 0.995802
vn -0.047464 0.123092 0.991260
vn -0.029731 0.143017 0.989274
vn 0.030214 0.158993 0.986817
vn 0.086487 0.176899 0.980422
vn 0.095373 0.191640 0.976820
vn 0.051051 0.188834 0.980681
vn -0.019195 0.158858 0.987115
vn -0.085392 0.108933 0.990375
vn -0.136283 0.058797 0.988924
vn -0.174326 0.025933 0.984346
vn -0.199287 0.017379 0.979787
vn -0.200457 0.033387 0.979134
vn -0.162555 0.072201 0.984054
vn -0.078421 0.124794 0.989079
vn 0.042129 0.167930 0.984898
vn 0.176561 0.176756 0.968289
vn 0.298636 0.148489 0.942745
vn 0.379194 0.104491 0.919399
vn 0.389981 0.069249 0.918215
vn 0.309383 0.052592 0.949482
vn 0.138742 0.046934 0.989216
vn -0.054829 0.032971 0.997951
vn -0.170178 0.000249 0.985413
vn -0.170697 -0.040976 0.984471
vn -0.094342 -0.070653 0.993030
vn -0.018488 -0.075792 0.996952
vn 0.011636 -0.057415 0.998283
vn 0.021295 -0.017040 0.999628
vn 0.048402 0.048227 0.997663
vn 0.080743 0.131454 0.988029
vn 0.078741 0.208855 0.974771
vn 0.064791 0.254118 0.965001
vn 0.045817 0.362938 0.930686
vn 0.057200 0.347895 0.935787
vn 0.058084 0.323494 0.944446
vn 0.025048 0.291468 0.956253
vn 0.003214 0.240764 0.970578
vn 0.048023 0.156736 0.986472
vn 0.147138 0.041568 0.988242
vn 0.214824 -0.074743 0.973789
vn 0.194589 -0.164291 0.967028
vn 0.113076 -0.214555 0.970144
vn 0.046604 -0.216467 0.975177
vn 0.047170 -0.164465 0.985254
vn 0.095053 -0.061212 0.993588
vn 0.119277 0.067363 0.990573
vn 0.069646 0.178995 0.981382
vn -0.025308 0.242040 0.969936
vn -0.077716 0.253428 0.964228
vn -0.029935 0.236368 0.971202
vn 0.079951 0.218616 0.972530
vn 0.151678 0.219096 0.963842
vn 0.138933 0.232788 0.962552
vn 0.077282 0.234714 0.968988
vn 0.020052 0.211595 0.977152
vn -0.015740 0.179254 0.983677
vn -0.038432 0.161968 0.986047
vn -0.047504 0.161178 0.985781
vn -0.034668 0.157516 0.986908
vn -0.007970 0.141768 0.989868
vn 0.013076 0.126162 0.991923
vn 0.031239 0.120635 0.992205
vn 0.064056 0.112881 0.991542
vn 0.087844 0.082163 0.992740
vn 0.034649 0.023925 0.999113
vn -0.117405 -0.043025 0.992152
vn -0.268513 -0.085163 0.959504
vn -0.304589 -0.086434 0.948554
vn -0.209981 -0.056072 0.976096
vn -0.066875 -0.023197 0.997492
vn 0.000556 -0.024375 0.999703
vn -0.039379 -0.061728 0.997316
vn -0.120371 -0.099664 0.987713
vn -0.156755 -0.107138 0.981809
vn -0.100994 -0.088178 0.990972
vn 0.033620 -0.065081 0.997313
vn 0.165571 -0.052790 0.984784
vn 0.219811 -0.049671 0.974277
vn 0.190565 -0.045480 0.980620
vn 0.114051 -0.030086 0.993019
vn 0.033970 -0.000468 0.999423
vn -0.012830 0.035888 0.999273
vn -0.003417 0.069466 0.997578
vn 0.052506 0.098485 0.993752
vn 0.103852 0.124033 0.986829
vn 0.097467 0.139985 0.985345
vn 0.026726 0.133237 0.990724
vn -0.067744 0.097901 0.992888
vn -0.140426 0.047436 0.988954
vn -0.178488 0.004879 0.983930
vn -0.193731 -0.014589 0.980946
vn -0.194141 -0.008987 0.980932
vn -0.170967 0.017482 0.985122
vn -0.110815 0.062225 0.991891
vn -0.016848 0.121010 0.992508
vn 0.088833 0.179317 0.979773
vn 0.188614 0.216378 0.957917
vn 0.277950 0.219665 0.935142
vn 0.344053 0.192525 0.919000
vn 0.356691 0.151064 0.921928
vn 0.283221 0.111600 0.952539
vn 0.114284 0.079009 0.990301
vn -0.087759 0.046473 0.995057
vn -0.211532 0.008703 0.977332
vn -0.209188 -0.029872 0.977419
vn -0.114105 -0.056378 0.991868
vn -0.009089 -0.056130 0.998382
vn 0.051256 -0.023053 0.998419
vn 0.088288 0.040692 0.995263
vn 0.133316 0.123562 0.983341
vn 0.164398 0.205110 0.964833
vn 0.140031 0.267999 0.953188
vn 0.109712 0.300902 0.947323
vn 0.025324 0.449382 0.892981
vn 0.030044 0.434921 0.899967
vn 0.020876 0.409011 0.912291
vn -0.021422 0.375391 0.926619
vn -0.061908 0.332669 0.941009
vn -0.045896 0.272572 0.961040
vn 0.031498 0.184323 0.982361
vn 0.102988 0.071414 0.992116
vn 0.107458 -0.042349 0.993307
vn 0.067455 -0.126774 0.989635
vn 0.057773 -0.156037 0.986060
vn 0.116896 -0.120616 0.985793
vn 0.202627 -0.033634 0.978678
vn 0.231633 0.071652 0.970161
vn 0.159453 0.166246 0.973107
vn 0.023557 0.232422 0.972330
vn -0.067671 0.264361 0.962047
vn -0.041947 0.271266 0.961590
vn 0.062919 0.259061 0.963809
vn 0.137625 0.233880 0.962476
vn 0.120765 0.202117 0.971887
vn 0.046018 0.161561 0.985789
vn -0.013968 0.120271 0.992643
vn -0.028643 0.103532 0.994214
vn -0.022941 0.126896 0.991651
vn -0.024470 0.171459 0.984887
vn -0.028570 0.200040 0.979371
vn -0.020482 0.196228 0.980344
vn -0.003508 0.173052 0.984906
vn 0.014529 0.146258 0.989140
vn 0.033800 0.110901 0.993257
vn 0.033740 0.053011 0.998024
vn -0.032360 -0.022280 0.999228
vn -0.165777 -0.082395 0.982715
vn -0.276283 -0.093678 0.956500
vn -0.277766 -0.055239 0.959059
vn -0.170373 0.006728 0.985357
vn -0.050938 0.048773 0.997510
vn -0.021845 0.044121 0.998787
vn -0.076015 0.010413 0.997052
vn -0.135962 -0.010566 0.990658
vn -0.141482 0.004640 0.989930
vn -0.074918 0.038537 0.996445
vn 0.041934 0.051741 0.997780
vn 0.148189 0.022268 0.988708
vn 0.190862 -0.037271 0.980909
vn 0.168532 -0.098406 0.980772
vn 0.113528 -0.135827 0.984206
vn 0.056677 -0.139006 0.988668
vn 0.022067 -0.115248 0.993092
vn 0.033013 -0.079590 0.996281
vn 0.086273 -0.041726 0.995397
vn 0.130060 -0.006599 0.991484
vn 0.105817 0.018171 0.994220
vn 0.008589 0.022536 0.999709
vn -0.105374 0.003788 0.994425
vn -0.176968 -0.025268 0.983892
vn -0.196531 -0.044661 0.979480
vn -0.187663 -0.040257 0.981408
vn -0.168332 -0.010907 0.985670
vn -0.131603 0.033487 0.990737
vn -0.060695 0.081878 0.994793
vn 0.040619 0.129321 0.990771
vn 0.142952 0.174552 0.974216
vn 0.222898 0.211418 0.951640
vn 0.280225 0.226240 0.932893
vn 0.315981 0.208543 0.925563
vn 0.311183 0.163286 0.936217
vn 0.233629 0.107833 0.966328
vn 0.069511 0.058088 0.995889
vn -0.124809 0.020789 0.991963
vn -0.242500 -0.004890 0.970139
vn -0.232522 -0.021535 0.972353
vn -0.119754 -0.025692 0.992471
vn 0.015204 -0.008206 0.999851
vn 0.108051 0.037064 0.993454
vn 0.166703 0.105594 0.980337
vn 0.211652 0.177371 0.961116
vn 0.224630 0.230045 0.946900
vn 0.176519 0.257902 0.949909
vn 0.133732 0.266081 0.954629
vn 0.008484 0.404855 0.914342
vn 0.005727 0.390272 0.920682
vn -0.015518 0.361154 0.932377
vn -0.064802 0.322319 0.944411
vn -0.112609 0.281884 0.952817
vn -0.113015 0.239851 0.964209
vn -0.061587 0.181647 0.981433
vn -0.009617 0.094414 0.995487
vn 0.001141 -0.009270 0.999956
vn 0.000943 -0.092230 0.995737
vn 0.053076 -0.119713 0.991389
vn 0.168661 -0.084985 0.982004
vn 0.280155 -0.014919 0.959839
vn 0.309156 0.054646 0.949440
vn 0.228378 0.112094 0.967098
vn 0.076606 0.161340 0.983921
vn -0.036721 0.203687 0.978347
vn -0.035786 0.233065 0.971802
vn 0.041872 0.233795 0.971384
vn 0.094182 0.198598 0.975545
vn 0.064451 0.140061 0.988043
vn -0.007023 0.079974 0.996772
vn -0.039165 0.044779 0.998229
vn -0.009186 0.053489 0.998526
vn 0.030801 0.102687 0.994237
vn 0.027716 0.162411 0.986334
vn -0.008876 0.198009 0.980160
vn -0.035856 0.197492 0.979649
vn -0.038506 0.171708 0.984395
vn -0.032268 0.130931 0.990866
vn -0.030055 0.071073 0.997018
vn -0.045415 -0.011670 0.998900
vn -0.101278 -0.096251 0.990191
vn -0.188551 -0.139958 0.972039
vn -0.244167 -0.115658 0.962811
vn -0.211313 -0.036159 0.976749
vn -0.107855 0.051161 0.992849
vn -0.029556 0.092592 0.995265
vn -0.037744 0.080622 0.996030
vn -0.093772 0.053856 0.994136
vn -0.126402 0.055706 0.990414
vn -0.109167 0.094129 0.989557
vn -0.054163 0.134879 0.989381
vn 0.017401 0.132572 0.991021
vn 0.077848 0.069593 0.994533
vn 0.102163 -0.032617 0.994233
vn 0.093067 -0.133206 0.986709
vn 0.072862 -0.201182 0.976840
vn 0.054389 -0.227850 0.972176
vn 0.046639 -0.220640 0.974240
vn 0.069197 -0.193500 0.978657
vn 0.123485 -0.159063 0.979515
vn 0.161923 -0.125620 0.978775
vn 0.126466 -0.097899 0.987128
vn 0.012470 -0.078612 0.996827
vn -0.115381 -0.070864 0.990790
vn -0.187475 -0.073891 0.979486
vn -0.192466 -0.077053 0.978274
vn -0.160515 -0.063578 0.984984
vn -0.122138 -0.023825 0.992227
vn -0.079875 0.033788 0.996232
vn -0.014935 0.088819 0.995936
vn 0.078988 0.127345 0.988708
vn 0.177279 0.151427 0.972441
vn 0.248300 0.167382 0.954112
vn 0.283494 0.170014 0.943783
vn 0.289602 0.148427 0.945569
vn 0.262094 0.103758 0.959448
vn 0.178109 0.051369 0.982669
vn 0.024762 0.007245 0.999667
vn -0.149822 -0.020147 0.988508
vn -0.251108 -0.029854 0.967499
vn -0.228576 -0.024629 0.973214
vn -0.100585 -0.005503 0.994913
vn 0.053993 0.026690 0.998185
vn 0.164560 0.070007 0.983879
vn 0.228018 0.118661 0.966399
vn 0.258160 0.156784 0.953296
vn 0.245671 0.168264 0.954638
vn 0.177576 0.153838 0.972009
vn 0.128019 0.133358 0.982765
vn -0.009161 0.231933 0.972689
vn -0.021525 0.216414 0.976064
vn -0.058614 0.182432 0.981470
vn -0.112821 0.135967 0.984269
vn -0.155684 0.094091 0.983315
vn -0.156230 0.065045 0.985577
vn -0.120879 0.035065 0.992048
vn -0.090170 -0.014472 0.995821
vn -0.078795 -0.078315 0.993810
vn -0.042944 -0.124367 0.991307
vn 0.064050 -0.122585 0.990389
vn 0.217776 -0.074804 0.973128
vn 0.331244 -0.019599 0.943341
vn 0.347160 0.010877 0.937743
vn 0.260862 0.020683 0.965155
vn 0.115655 0.036374 0.992623
vn 0.005496 0.075623 0.997121
vn -0.011051 0.121873 0.992484
vn 0.028736 0.138910 0.989888
vn 0.043760 0.108771 0.993103
vn 0.000913 0.050044 0.998747
vn -0.050152 0.001909 0.998740
vn -0.040702 -0.007546 0.999143
vn 0.029594 0.021472 0.999331
vn 0.087423 0.067344 0.993892
vn 0.073272 0.106275 0.991633
vn 0.007697 0.127551 0.991802
vn -0.047992 0.133303 0.989913
vn -0.072228 0.127648 0.989186
vn -0.087630 0.104503 0.990656
vn -0.108988 0.052120 0.992676
vn -0.133428 -0.027403 0.990680
vn -0.161629 -0.103257 0.981435
vn -0.186593 -0.130022 0.973795
vn -0.178319 -0.083820 0.980396
vn -0.117145 0.012929 0.993031
vn -0.042621 0.094708 0.994592
vn -0.021511 0.111470 0.993535
vn -0.060437 0.077380 0.995168
vn -0.100307 0.048884 0.993755
vn -0.095624 0.068898 0.993030
vn -0.062191 0.129104 0.989679
vn -0.035909 0.180809 0.982863
vn -0.023925 0.178601 0.983631
vn -0.016592 0.111757 0.993597
vn -0.010400 0.006596 0.999924
vn -0.001303 -0.094798 0.995496
vn 0.015755 -0.166392 0.985934
vn 0.036008 -0.203734 0.978364
vn 0.057437 -0.211765 0.975631
vn 0.094810 -0.199986 0.975201
vn 0.151636 -0.180981 0.971727
vn 0.188252 -0.163496 0.968416
vn 0.152389 -0.146546 0.977395
vn 0.035940 -0.124287 0.991595
vn -0.101495 -0.099902 0.989807
vn -0.183233 -0.086080 0.979294
vn -0.185758 -0.084849 0.978925
vn -0.134782 -0.079712 0.987664
vn -0.072035 -0.050709 0.996112
vn -0.019636 0.003638 0.999801
vn 0.033785 0.062691 0.997461
vn 0.106346 0.103327 0.988946
vn 0.188499 0.119187 0.974814
vn 0.248676 0.117382 0.961448
vn 0.269913 0.102577 0.957405
vn 0.259388 0.075041 0.962853
vn 0.221820 0.040843 0.974232
vn 0.139490 0.010278 0.990170
vn -0.002857 -0.012897 0.999913
vn -0.161695 -0.029515 0.986399
vn -0.246825 -0.036809 0.968361
vn -0.208989 -0.029854 0.977462
vn -0.068454 -0.007537 0.997626
vn 0.091483 0.022239 0.995558
vn 0.200403 0.049236 0.978476
vn 0.254090 0.067667 0.964811
vn 0.263342 0.069456 0.962199
vn 0.224869 0.045429 0.973330
vn 0.143756 0.000586 0.989613
vn 0.094456 -0.036941 0.994843
vn -0.024162 -0.007592 0.999679
vn -0.046293 -0.014627 0.998821
vn -0.099656 -0.036873 0.994338
vn -0.156417 -0.073396 0.984960
vn -0.185889 -0.107494 0.976673
vn -0.173436 -0.125476 0.976819
vn -0.140587 -0.132321 0.981186
vn -0.121608 -0.143040 0.982217
vn -0.107746 -0.158674 0.981434
vn -0.043416 -0.159806 0.986193
vn 0.100759 -0.128129 0.986626
vn 0.264146 -0.076984 0.961405
vn 0.355091 -0.047930 0.933602
vn 0.344555 -0.061729 0.936735
vn 0.251464 -0.099369 0.962752
vn 0.130225 -0.117152 0.984539
vn 0.048365 -0.089465 0.994815
vn 0.027633 -0.037762 0.998905
vn 0.029822 -0.007738 0.999525
vn 0.006319 -0.022321 0.999731
vn -0.042270 -0.059946 0.997306
vn -0.064365 -0.079581 0.994748
vn -0.019616 -0.063285 0.997803
vn 0.065939 -0.028890 0.997405
vn 0.115876 -0.007315 0.993237
vn 0.088595 -0.006604 0.996046
vn 0.018431 -0.006261 0.999811
vn -0.036136 0.014775 0.999238
vn -0.068041 0.051706 0.996342
vn -0.108134 0.077546 0.991107
vn -0.160784 0.068145 0.984634
vn -0.199054 0.023971 0.979695
vn -0.203707 -0.025752 0.978693
vn -0.171540 -0.039342 0.984391
vn -0.106448 0.004312 0.994309
vn -0.035495 0.077169 0.996386
vn -0.009390 0.118761 0.992879
vn -0.046881 0.098546 0.994028
vn -0.100284 0.045756 0.993906
vn -0.102140 0.020914 0.994550
vn -0.046241 0.056940 0.997306
vn 0.004223 0.132682 0.991150
vn -0.003553 0.195071 0.980783
vn -0.052713 0.204074 0.977535
vn -0.095071 0.156146 0.983148
vn -0.104044 0.079688 0.991375
vn -0.080773 0.008736 0.996694
vn -0.038359 -0.043076 0.998335
vn 0.007634 -0.078418 0.996891
vn 0.050724 -0.098937 0.993800
vn 0.100427 -0.105897 0.989293
vn 0.159284 -0.107624 0.981349
vn 0.196523 -0.111718 0.974114
vn 0.168021 -0.114307 0.979134
vn 0.061058 -0.105167 0.992578
vn -0.078492 -0.083559 0.993407
vn -0.174072 -0.064103 0.982644
vn -0.185911 -0.058744 0.980809
vn -0.125938 -0.061519 0.990129
vn -0.038663 -0.053744 0.997806
vn 0.033552 -0.022888 0.999175
vn 0.085508 0.024244 0.996042
vn 0.137660 0.067392 0.988184
vn 0.195235 0.090011 0.976617
vn 0.237112 0.089576 0.967344
vn 0.247544 0.073179 0.966109
vn 0.234038 0.051046 0.970887
vn 0.201286 0.033964 0.978943
vn 0.125387 0.026403 0.991757
vn -0.015526 0.020716 0.999665
vn -0.173979 0.006888 0.984725
vn -0.251765 -0.011833 0.967716
vn -0.200214 -0.023501 0.979470
vn -0.048152 -0.020991 0.998619
vn 0.111266 -0.009407 0.993746
vn 0.210247 -0.000485 0.977648
vn 0.249649 -0.001332 0.968336
vn 0.240077 -0.016697 0.970610
vn 0.182389 -0.051100 0.981898
vn 0.097931 -0.097913 0.990365
vn 0.054247 -0.133005 0.989630
vn -0.023160 -0.172308 0.984771
vn -0.050809 -0.160046 0.985801
vn -0.117361 -0.152340 0.981335
vn -0.181967 -0.161465 0.969957
vn -0.204249 -0.179910 0.962245
vn -0.176966 -0.191646 0.965378
vn -0.135207 -0.189419 0.972543
vn -0.114717 -0.177376 0.977434
vn -0.094071 -0.157809 0.982979
vn -0.011419 -0.125468 0.992032
vn 0.144603 -0.081828 0.986100
vn 0.288982 -0.052573 0.955890
vn 0.342353 -0.067538 0.937141
vn 0.300849 -0.127755 0.945076
vn 0.208034 -0.198061 0.957859
vn 0.125203 -0.232076 0.964606
vn 0.084347 -0.215406 0.972875
vn 0.069821 -0.171937 0.982631
vn 0.044026 -0.139719 0.989212
vn -0.008225 -0.136613 0.990590
vn -0.056059 -0.146238 0.987660
vn -0.052924 -0.140602 0.988651
vn 0.010233 -0.112816 0.993563
vn 0.085037 -0.087026 0.992570
vn 0.109169 -0.091564 0.989797
vn 0.074245 -0.119717 0.990028
vn 0.028910 -0.132027 0.990824
vn 0.009630 -0.098800 0.995061
vn -0.009557 -0.028624 0.999545
vn -0.070903 0.041695 0.996611
vn -0.160916 0.079047 0.983798
vn -0.223653 0.078017 0.971541
vn -0.222930 0.060005 0.972986
vn -0.158681 0.054709 0.985813
vn -0.064155 0.075035 0.995115
vn -0.002678 0.099844 0.995000
vn -0.021063 0.095358 0.995220
vn -0.094651 0.055777 0.993947
vn -0.137503 0.015941 0.990373
vn -0.089506 0.017168 0.995838
vn 0.016503 0.068052 0.997545
vn 0.077957 0.138368 0.987308
vn 0.037645 0.188740 0.981305
vn -0.063016 0.195934 0.978590
vn -0.141615 0.164773 0.976112
vn -0.157222 0.123281 0.979838
vn -0.123321 0.094622 0.987845
vn -0.071046 0.078591 0.994372
vn -0.019560 0.062348 0.997863
vn 0.030448 0.043117 0.998606
vn 0.086743 0.027734 0.995845
vn 0.146776 0.016484 0.989032
vn 0.184115 0.002990 0.982900
vn 0.162445 -0.013546 0.986625
vn 0.068689 -0.025134 0.997321
vn -0.061687 -0.022808 0.997835
vn -0.160763 -0.007959 0.986961
vn -0.183482 0.006305 0.983003
vn -0.129335 0.007653 0.991571
vn -0.033072 -0.001933 0.999451
vn 0.058463 -0.005283 0.998276
vn 0.124002 0.011826 0.992212
vn 0.172554 0.044370 0.984000
vn 0.212211 0.073318 0.974469
vn 0.234577 0.084464 0.968421
vn 0.234387 0.078765 0.968947
vn 0.222108 0.067409 0.972689
vn 0.197370 0.061853 0.978376
vn 0.125625 0.065337 0.989924
vn -0.022426 0.069050 0.997361
vn -0.192826 0.059386 0.979434
vn -0.274698 0.035077 0.960891
vn -0.217278 0.005994 0.976091
vn -0.054003 -0.017255 0.998392
vn 0.111669 -0.027632 0.993361
vn 0.208153 -0.028105 0.977692
vn 0.239384 -0.027506 0.970535
vn 0.217535 -0.035647 0.975401
vn 0.147464 -0.059836 0.987256
vn 0.062498 -0.095354 0.993480
vn 0.023692 -0.122767 0.992153
vn 0.001052 -0.200552 0.979682
vn -0.026228 -0.167351 0.985548
vn -0.102937 -0.126822 0.986570
vn -0.186125 -0.105493 0.976846
vn -0.215842 -0.106583 0.970594
vn -0.181038 -0.114911 0.976740
vn -0.124425 -0.113894 0.985671
vn -0.088832 -0.094053 0.991596
vn -0.054627 -0.053571 0.997069
vn 0.033517 -0.002031 0.999436
vn 0.170944 0.034026 0.984693
vn 0.274592 0.024663 0.961244
vn 0.287288 -0.037649 0.957104
vn 0.225061 -0.131491 0.965431
vn 0.150417 -0.212288 0.965561
vn 0.113171 -0.248219 0.962071
vn 0.110114 -0.242254 0.963944
vn 0.104664 -0.216657 0.970621
vn 0.065508 -0.192180 0.979171
vn -0.000493 -0.175464 0.984486
vn -0.046034 -0.160557 0.985952
vn -0.029880 -0.139034 0.989837
vn 0.034635 -0.112978 0.992994
vn 0.086374 -0.101289 0.991100
vn 0.082529 -0.120184 0.989315
vn 0.047561 -0.155919 0.986624
vn 0.039439 -0.171740 0.984353
vn 0.067579 -0.143861 0.987288
vn 0.072409 -0.080610 0.994112
vn -0.000118 -0.010075 0.999949
vn -0.123756 0.042336 0.991409
vn -0.216110 0.066608 0.974094
vn -0.226294 0.071393 0.971439
vn -0.158103 0.070663 0.984891
vn -0.061943 0.068563 0.995722
vn -0.015185 0.057095 0.998253
vn -0.053580 0.032359 0.998039
vn -0.125866 0.010576 0.991991
vn -0.138408 0.017669 0.990218
vn -0.050417 0.061352 0.996842
vn 0.075777 0.118887 0.990012
vn 0.125729 0.158176 0.979374
vn 0.055575 0.166498 0.984474
vn -0.076394 0.146209 0.986300
vn -0.167533 0.115078 0.979127
vn -0.174398 0.096436 0.979942
vn -0.126149 0.100556 0.986902
vn -0.071050 0.117249 0.990558
vn -0.027961 0.127394 0.991458
vn 0.016277 0.125125 0.992007
vn 0.074249 0.120447 0.989939
vn 0.135222 0.120940 0.983407
vn 0.167659 0.120375 0.978468
vn 0.141086 0.107480 0.984146
vn 0.052140 0.081804 0.995284
vn -0.061645 0.060368 0.996271
vn -0.146010 0.061243 0.987386
vn -0.170675 0.078321 0.982210
vn -0.133816 0.085912 0.987275
vn -0.051568 0.068336 0.996329
vn 0.047343 0.039311 0.998105
vn 0.134935 0.026966 0.990487
vn 0.198419 0.041644 0.979232
vn 0.234697 0.068182 0.969675
vn 0.242708 0.085555 0.966319
vn 0.230960 0.086060 0.969150
vn 0.217001 0.076638 0.973158
vn 0.197823 0.069166 0.977795
vn 0.130958 0.071575 0.988801
vn -0.020824 0.082582 0.996367
vn -0.204134 0.089669 0.974828
vn -0.299162 0.081019 0.950757
vn -0.249625 0.054755 0.966793
vn -0.081887 0.017143 0.996494
vn 0.099993 -0.012093 0.994915
vn 0.209724 -0.017691 0.977601
vn 0.242541 -0.006720 0.970118
vn 0.210271 0.000780 0.977643
vn 0.125314 -0.011084 0.992055
vn 0.035703 -0.039395 0.998586
vn -0.000701 -0.063543 0.997979
vn 0.045846 -0.131091 0.990310
vn 0.024527 -0.084349 0.996134
vn -0.057672 -0.021511 0.998104
vn -0.166466 0.022790 0.985784
vn -0.216489 0.038046 0.975543
vn -0.185643 0.035644 0.981971
vn -0.115384 0.033938 0.992741
vn -0.055382 0.052501 0.997084
vn -0.002867 0.098733 0.995110
vn 0.075660 0.151926 0.985492
vn 0.169181 0.171999 0.970461
vn 0.220650 0.135035 0.965960
vn 0.199120 0.050481 0.978674
vn 0.136371 -0.046630 0.989560
vn 0.094288 -0.117888 0.988540
vn 0.096711 -0.153374 0.983424
vn 0.118916 -0.166621 0.978824
vn 0.123315 -0.168886 0.977891
vn 0.087999 -0.159177 0.983320
vn 0.024884 -0.134387 0.990616
vn -0.018892 -0.100587 0.994749
vn -0.004452 -0.069417 0.997578
vn 0.048444 -0.050588 0.997544
vn 0.077627 -0.051766 0.995638
vn 0.054232 -0.073739 0.995802
vn 0.021882 -0.103219 0.994418
vn 0.041162 -0.119829 0.991941
vn 0.101855 -0.113474 0.988306
vn 0.124575 -0.090278 0.988095
vn 0.052477 -0.060593 0.996782
vn -0.084765 -0.029962 0.995950
vn -0.195562 -0.004548 0.980681
vn -0.220198 0.010671 0.975397
vn -0.163359 0.013838 0.986470
vn -0.078776 0.003662 0.996886
vn -0.039092 -0.015463 0.999116
vn -0.067520 -0.026188 0.997374
vn -0.109149 -0.004619 0.994015
vn -0.087470 0.057817 0.994488
vn 0.012243 0.138000 0.990357
vn 0.113584 0.191337 0.974930
vn 0.124549 0.194002 0.973063
vn 0.024791 0.153115 0.987897
vn -0.114709 0.093589 0.988981
vn -0.191097 0.047255 0.980433
vn -0.173353 0.029761 0.984410
vn -0.104224 0.040612 0.993724
vn -0.044699 0.067797 0.996697
vn -0.011782 0.093627 0.995538
vn 0.023519 0.110181 0.993633
vn 0.082996 0.125577 0.988606
vn 0.146463 0.148534 0.978001
vn 0.168492 0.170400 0.970863
vn 0.121069 0.170891 0.977823
vn 0.020048 0.141669 0.989711
vn -0.081275 0.103392 0.991314
vn -0.141750 0.086142 0.986147
vn -0.158911 0.092005 0.982997
vn -0.139543 0.095806 0.985570
vn -0.080218 0.078009 0.993720
vn 0.017180 0.046621 0.998765
vn 0.127032 0.026906 0.991534
vn 0.213300 0.032951 0.976431
vn 0.254670 0.055031 0.965461
vn 0.251610 0.072756 0.965090
vn 0.225496 0.073241 0.971487
vn 0.205425 0.058750 0.976908
vn 0.191571 0.042150 0.980573
vn 0.137626 0.037849 0.989761
vn -0.002883 0.054483 0.998511
vn -0.190280 0.084497 0.978087
vn -0.304158 0.104602 0.946861
vn -0.277737 0.097494 0.955697
vn -0.121744 0.059908 0.990752
vn 0.076878 0.014932 0.996929
vn 0.213119 -0.002711 0.977023
vn 0.256641 0.009142 0.966464
vn 0.213654 0.025039 0.976588
vn 0.108447 0.022384 0.993850
vn 0.010408 0.001981 0.999944
vn -0.024553 -0.016812 0.999557
vn 0.095925 -0.044726 0.994383
vn 0.083911 -0.002512 0.996470
vn 0.003451 0.060001 0.998192
vn -0.128058 0.114101 0.985181
vn -0.202614 0.144699 0.968509
vn -0.184551 0.155218 0.970489
vn -0.107855 0.157643 0.981588
vn -0.024180 0.171979 0.984804
vn 0.045627 0.210075 0.976620
vn 0.107259 0.252933 0.961520
vn 0.151632 0.264950 0.952265
vn 0.153754 0.230269 0.960904
vn 0.110998 0.164375 0.980133
vn 0.061856 0.099511 0.993112
vn 0.046826 0.053464 0.997471
vn 0.066505 0.015612 0.997664
vn 0.096991 -0.027363 0.994909
vn 0.115154 -0.065959 0.991155
vn 0.103080 -0.077259 0.991668
vn 0.060065 -0.052916 0.996791
vn 0.019379 -0.009887 0.999763
vn 0.020208 0.024534 0.999495
vn 0.052369 0.034484 0.998032
vn 0.063668 0.021570 0.997738
vn 0.031598 -0.001716 0.999499
vn 0.001452 -0.022684 0.999742
vn 0.029015 -0.037404 0.998879
vn 0.097298 -0.050278 0.993985
vn 0.125598 -0.064078 0.990010
vn 0.060882 -0.073953 0.995402
vn -0.068337 -0.072108 0.995053
vn -0.177631 -0.059535 0.982295
vn -0.209294 -0.046984 0.976723
vn -0.165317 -0.044601 0.985231
vn -0.091196 -0.054268 0.994353
vn -0.045006 -0.063189 0.996986
vn -0.042769 -0.047043 0.997977
vn -0.042447 0.012927 0.999015
vn 0.004190 0.109632 0.993963
vn 0.085380 0.203715 0.975300
vn 0.130973 0.251287 0.959010
vn 0.084307 0.237101 0.967820
vn -0.047524 0.170910 0.984140
vn -0.180512 0.086902 0.979726
vn -0.229179 0.021688 0.973143
vn -0.182172 -0.016128 0.983134
vn -0.089629 -0.030659 0.995503
vn -0.018540 -0.025854 0.999494
vn 0.014661 -0.008059 0.999860
vn 0.049319 0.017235 0.998634
vn 0.115064 0.051826 0.992005
vn 0.182012 0.096018 0.978597
vn 0.188956 0.134038 0.972795
vn 0.109199 0.141477 0.983900
vn -0.017969 0.109610 0.993812
vn -0.116631 0.062355 0.991216
vn -0.156547 0.030582 0.987197
vn -0.161720 0.019886 0.986636
vn -0.148936 0.016087 0.988716
vn -0.101754 0.007316 0.994783
vn -0.003933 -0.005050 0.999980
vn 0.122363 -0.011747 0.992416
vn 0.226448 -0.006127 0.974004
vn 0.272898 0.009300 0.961998
vn 0.260191 0.024279 0.965252
vn 0.217628 0.027816 0.975635
vn 0.187184 0.017266 0.982173
vn 0.177550 0.001440 0.984111
vn 0.142548 -0.004663 0.989777
vn 0.027237 0.013226 0.999541
vn -0.151482 0.055999 0.986872
vn -0.285093 0.098899 0.953384
vn -0.292645 0.113036 0.949517
vn -0.166229 0.085508 0.982373
vn 0.037217 0.031990 0.998795
vn 0.204588 -0.004519 0.978838
vn 0.268217 -0.006921 0.963334
vn 0.222423 0.006138 0.974931
vn 0.102112 0.014926 0.994661
vn -0.003588 0.016344 0.999860
vn -0.038271 0.015659 0.999145
vn 0.130094 -0.005439 0.991487
vn 0.128617 0.015568 0.991572
vn 0.060342 0.058653 0.996453
vn -0.078800 0.114454 0.990298
vn -0.172709 0.163012 0.971390
vn -0.171841 0.192239 0.966186
vn -0.098891 0.203925 0.973979
vn -0.001016 0.214054 0.976821
vn 0.082759 0.239130 0.967454
vn 0.133304 0.272574 0.952855
vn 0.142752 0.291289 0.945924
vn 0.112258 0.284314 0.952136
vn 0.061646 0.262749 0.962893
vn 0.022988 0.242589 0.969857
vn 0.010560 0.220969 0.975224
vn 0.016955 0.179597 0.983594
vn 0.039010 0.113205 0.992806
vn 0.075400 0.046820 0.996054
vn 0.102398 0.016321 0.994610
vn 0.092689 0.032208 0.995174
vn 0.058389 0.071931 0.995699
vn 0.039743 0.100994 0.994093
vn 0.045361 0.099404 0.994013
vn 0.041554 0.071935 0.996543
vn 0.010144 0.039710 0.999160
vn -0.013720 0.019594 0.999714
vn 0.013602 0.009695 0.999860
vn 0.075565 -0.002048 0.997139
vn 0.101813 -0.019287 0.994617
vn 0.044832 -0.034618 0.998395
vn -0.071182 -0.040777 0.996629
vn -0.172297 -0.039117 0.984268
vn -0.205757 -0.038000 0.977865
vn -0.169413 -0.044448 0.984542
vn -0.096525 -0.056138 0.993746
vn -0.031620 -0.057552 0.997842
vn 0.008619 -0.028777 0.999549
vn 0.047541 0.038651 0.998121
vn 0.106434 0.130725 0.985689
vn 0.158178 0.213913 0.963961
vn 0.145761 0.257993 0.955088
vn 0.038355 0.249047 0.967732
vn -0.127708 0.189900 0.973462
vn -0.256716 0.110303 0.960172
vn -0.287139 0.039457 0.957076
vn -0.223346 -0.020084 0.974532
vn -0.113320 -0.070647 0.991044
vn -0.021988 -0.102583 0.994481
vn 0.031102 -0.105399 0.993943
vn 0.083423 -0.078105 0.993449
vn 0.162556 -0.027772 0.986308
vn 0.228947 0.029286 0.972998
vn 0.213637 0.068310 0.974522
vn 0.095652 0.068429 0.993060
vn -0.060490 0.030108 0.997715
vn -0.159215 -0.018785 0.987065
vn -0.183057 -0.054685 0.981580
vn -0.173226 -0.072905 0.982180
vn -0.152143 -0.075664 0.985458
vn -0.101296 -0.066202 0.992651
vn -0.001987 -0.052653 0.998611
vn 0.125729 -0.046946 0.990953
vn 0.233009 -0.052336 0.971065
vn 0.282636 -0.059769 0.957363
vn 0.268738 -0.060613 0.961304
vn 0.218752 -0.055172 0.974219
vn 0.180015 -0.049122 0.982437
vn 0.170365 -0.045274 0.984340
vn 0.149019 -0.038991 0.988065
vn 0.058457 -0.019210 0.998105
vn -0.103456 0.022504 0.994379
vn -0.249980 0.073586 0.965451
vn -0.292096 0.105862 0.950512
vn -0.204403 0.099438 0.973823
vn -0.014520 0.055827 0.998335
vn 0.176116 0.007668 0.984339
vn 0.266432 -0.015465 0.963730
vn 0.234238 -0.014058 0.972078
vn 0.118330 0.004841 0.992962
vn 0.011068 0.034616 0.999339
vn -0.025858 0.058443 0.997956
vn 0.137516 -0.006901 0.990475
vn 0.146934 -0.011131 0.989084
vn 0.102783 0.006435 0.994683
vn -0.020992 0.058359 0.998075
vn -0.123889 0.122373 0.984722
vn -0.144911 0.167510 0.975162
vn -0.087819 0.184523 0.978897
vn 0.013012 0.187141 0.982247
vn 0.110676 0.198387 0.973855
vn 0.165348 0.227873 0.959549
vn 0.163218 0.265632 0.950158
vn 0.118339 0.298168 0.947149
vn 0.061241 0.319761 0.945517
vn 0.015109 0.327449 0.944748
vn -0.019553 0.312926 0.949576
vn -0.044176 0.267707 0.962487
vn -0.037317 0.198155 0.979460
vn 0.018401 0.131451 0.991152
vn 0.088517 0.098636 0.991179
vn 0.114647 0.107594 0.987562
vn 0.087434 0.137152 0.986684
vn 0.047347 0.154795 0.986811
vn 0.022831 0.139823 0.989913
vn 0.003537 0.096198 0.995356
vn -0.020942 0.048378 0.998610
vn -0.028578 0.019097 0.999409
vn 0.007394 0.010223 0.999920
vn 0.068633 0.010832 0.997583
vn 0.093820 0.014746 0.995480
vn 0.039599 0.022426 0.998964
vn -0.073508 0.032058 0.996779
vn -0.175863 0.037625 0.983695
vn -0.214441 0.034540 0.976126
vn -0.182271 0.022683 0.982987
vn -0.103679 0.008135 0.994578
vn -0.017438 0.002922 0.999844
vn 0.053460 0.017599 0.998415
vn 0.117919 0.054223 0.991542
vn 0.183178 0.104954 0.977461
vn 0.216930 0.154115 0.963945
vn 0.166584 0.185365 0.968447
vn 0.011854 0.184857 0.982694
vn -0.185289 0.149081 0.971310
vn -0.318768 0.097287 0.942827
vn -0.347458 0.045970 0.936568
vn -0.285413 -0.007527 0.958375
vn -0.169705 -0.064898 0.983356
vn -0.052915 -0.108623 0.992674
vn 0.038906 -0.115083 0.992594
vn 0.125865 -0.078254 0.988956
vn 0.219213 -0.016462 0.975538
vn 0.273220 0.037787 0.961209
vn 0.226557 0.060057 0.972144
vn 0.070822 0.043255 0.996551
vn -0.105428 0.001721 0.994425
vn -0.199319 -0.038065 0.979195
vn -0.208603 -0.065432 0.975809
vn -0.181315 -0.079690 0.980191
vn -0.141248 -0.075893 0.987061
vn -0.077892 -0.051488 0.995631
vn 0.015378 -0.022186 0.999636
vn 0.121212 -0.016949 0.992482
vn 0.212231 -0.047478 0.976065
vn 0.263534 -0.094821 0.959979
vn 0.263179 -0.131274 0.955774
vn 0.227449 -0.142564 0.963298
vn 0.195582 -0.130359 0.971985
vn 0.186511 -0.105921 0.976726
vn 0.167794 -0.079810 0.982586
vn 0.088865 -0.052649 0.994651
vn -0.057927 -0.014825 0.998211
vn -0.205647 0.037139 0.977921
vn -0.270641 0.087935 0.958656
vn -0.217725 0.115813 0.969115
vn -0.056639 0.107037 0.992641
vn 0.135443 0.069713 0.988329
vn 0.248028 0.032630 0.968203
vn 0.241648 0.016862 0.970218
vn 0.149971 0.030909 0.988207
vn 0.049918 0.068718 0.996387
vn 0.009492 0.101761 0.994764
vn 0.121719 0.010599 0.992508
vn 0.141690 -0.013383 0.989821
vn 0.129165 -0.019720 0.991427
vn 0.038196 0.018086 0.999107
vn -0.064147 0.080777 0.994666
vn -0.111975 0.127710 0.985470
vn -0.081689 0.140211 0.986746
vn 0.014053 0.129182 0.991521
vn 0.130344 0.123520 0.983744
vn 0.208564 0.148440 0.966678
vn 0.217803 0.204762 0.954272
vn 0.167361 0.270324 0.948111
vn 0.090466 0.316778 0.944176
vn 0.014226 0.327784 0.944646
vn -0.054828 0.303112 0.951376
vn -0.105753 0.253877 0.961438
vn -0.103512 0.199233 0.974470
vn -0.026744 0.158789 0.986950
vn 0.078203 0.144254 0.986446
vn 0.129892 0.154775 0.979374
vn 0.104316 0.175300 0.978973
vn 0.041480 0.182284 0.982371
vn -0.014396 0.158616 0.987235
vn -0.050745 0.107047 0.992958
vn -0.067151 0.049564 0.996511
vn -0.051874 0.008966 0.998613
vn 0.005353 -0.008368 0.999951
vn 0.080110 -0.006767 0.996763
vn 0.113215 0.010281 0.993517
vn 0.062081 0.040649 0.997243
vn -0.055371 0.077466 0.995456
vn -0.168352 0.108223 0.979768
vn -0.218352 0.124270 0.967925
vn -0.193908 0.124788 0.973051
vn -0.115738 0.113157 0.986813
vn -0.022136 0.094348 0.995293
vn 0.060110 0.074164 0.995433
vn 0.135860 0.059279 0.988953
vn 0.208179 0.054480 0.976572
vn 0.240430 0.056912 0.968997
vn 0.177667 0.057513 0.982409
vn 0.001712 0.048356 0.998829
vn -0.211140 0.030614 0.976976
vn -0.348429 0.014279 0.937227
vn -0.380187 0.003439 0.924903
vn -0.325505 -0.006745 0.945516
vn -0.211010 -0.019994 0.977279
vn -0.071845 -0.025949 0.997078
vn 0.061471 -0.004372 0.998099
vn 0.179840 0.048204 0.982514
vn 0.271030 0.104806 0.956848
vn 0.296864 0.133301 0.945570
vn 0.216245 0.124707 0.968342
vn 0.036099 0.090835 0.995211
vn -0.141232 0.057926 0.988280
vn -0.224020 0.042896 0.973640
vn -0.222982 0.038338 0.974068
vn -0.182943 0.035116 0.982496
vn -0.123746 0.039246 0.991538
vn -0.047215 0.059586 0.997106
vn 0.032513 0.084620 0.995883
vn 0.099566 0.084780 0.991413
vn 0.156180 0.040860 0.986883
vn 0.202113 -0.036828 0.978670
vn 0.222926 -0.116613 0.967835
vn 0.218839 -0.170352 0.960776
vn 0.213615 -0.187025 0.958848
vn 0.217100 -0.172655 0.960759
vn 0.199988 -0.143362 0.969253
vn 0.123206 -0.111257 0.986125
vn -0.013095 -0.073163 0.997234
vn -0.150584 -0.018269 0.988428
vn -0.219930 0.052527 0.974100
vn -0.188851 0.121284 0.974487
vn -0.062546 0.162112 0.984788
vn 0.102894 0.158999 0.981902
vn 0.216203 0.125803 0.968210
vn 0.231026 0.093053 0.968488
vn 0.167764 0.081286 0.982470
vn 0.081472 0.091820 0.992437
vn 0.040483 0.106391 0.993500
vn 0.089648 0.096853 0.991253
vn 0.116977 0.057872 0.991447
vn 0.133706 0.023686 0.990738
vn 0.079780 0.028516 0.996405
vn -0.014290 0.064201 0.997835
vn -0.086980 0.095954 0.991578
vn -0.088236 0.098529 0.991215
vn -0.003276 0.073391 0.997298
vn 0.135492 0.048466 0.989592
vn 0.252385 0.059982 0.965766
vn 0.288294 0.116785 0.950394
vn 0.234347 0.191476 0.953110
vn 0.121949 0.240592 0.962935
vn -0.000885 0.239577 0.970877
vn -0.100862 0.201433 0.974296
vn -0.156029 0.158881 0.974891
vn -0.138592 0.135499 0.981036
vn -0.039265 0.133629 0.990253
vn 0.085241 0.143225 0.986012
vn 0.145484 0.156320 0.976933
vn 0.113728 0.167567 0.979279
vn 0.029157 0.166159 0.985668
vn -0.054051 0.142019 0.988387
vn -0.106250 0.097819 0.989516
vn -0.118809 0.048399 0.991737
vn -0.086374 0.007299 0.996236
vn -0.008370 -0.021617 0.999731
vn 0.087126 -0.036074 0.995544
vn 0.140333 -0.028981 0.989680
vn 0.106500 0.006653 0.994290
vn -0.004039 0.069125 0.997600
vn -0.125931 0.139208 0.982223
vn -0.194234 0.191751 0.962032
vn -0.190765 0.214470 0.957920
vn -0.133505 0.205181 0.969576
vn -0.056705 0.166613 0.984390
vn 0.018575 0.109883 0.993771
vn 0.099563 0.053706 0.993581
vn 0.183035 0.011997 0.983033
vn 0.222074 -0.018106 0.974862
vn 0.159426 -0.049019 0.985992
vn -0.015092 -0.082575 0.996471
vn -0.217368 -0.102852 0.970656
vn -0.341818 -0.097859 0.934657
vn -0.365192 -0.068741 0.928391
vn -0.306428 -0.020325 0.951677
vn -0.187915 0.038343 0.981437
vn -0.037022 0.097976 0.994500
vn 0.112158 0.155766 0.981406
vn 0.229424 0.206161 0.951242
vn 0.293585 0.232448 0.927241
vn 0.283225 0.221163 0.933204
vn 0.177455 0.178179 0.967865
vn 0.000888 0.133011 0.991114
vn -0.150344 0.121531 0.981135
vn -0.215162 0.145462 0.965684
vn -0.213422 0.176007 0.960975
vn -0.178368 0.190161 0.965414
vn -0.116104 0.189530 0.974986
vn -0.032235 0.189005 0.981447
vn 0.040315 0.195060 0.979962
vn 0.076791 0.196721 0.977448
vn 0.092453 0.173302 0.980520
vn 0.111251 0.109295 0.987764
vn 0.134444 0.008608 0.990884
vn 0.158688 -0.099821 0.982270
vn 0.191835 -0.179494 0.964874
vn 0.226266 -0.213808 0.950310
vn 0.225993 -0.211298 0.950937
vn 0.158838 -0.188243 0.969193
vn 0.035869 -0.150929 0.987894
vn -0.082348 -0.094336 0.992129
vn -0.138025 -0.012605 0.990349
vn -0.112815 0.086452 0.989848
vn -0.019293 0.172158 0.984880
vn 0.099536 0.210993 0.972407
vn 0.183245 0.198603 0.962797
vn 0.195438 0.156525 0.968145
vn 0.145753 0.107244 0.983491
vn 0.074082 0.065840 0.995076
vn 0.038613 0.041976 0.998372
vn 0.042719 0.232582 0.971638
vn 0.068005 0.183620 0.980642
vn 0.099332 0.117594 0.988081
vn 0.078221 0.071610 0.994361
vn 0.003653 0.058118 0.998303
vn -0.078175 0.061496 0.995041
vn -0.105216 0.054992 0.992928
vn -0.036219 0.024165 0.999052
vn 0.120125 -0.015346 0.992640
vn 0.278127 -0.025973 0.960193
vn 0.344546 0.006614 0.938746
vn 0.289904 0.059208 0.955223
vn 0.139675 0.092926 0.985827
vn -0.027931 0.086222 0.995884
vn -0.139764 0.061277 0.988287
vn -0.175581 0.054242 0.982970
vn -0.132671 0.076304 0.988219
vn -0.019834 0.110296 0.993701
vn 0.102872 0.132076 0.985887
vn 0.155087 0.135503 0.978564
vn 0.113420 0.128314 0.985227
vn 0.014702 0.113658 0.993411
vn -0.083661 0.090356 0.992389
vn -0.144183 0.061826 0.987618
vn -0.156851 0.034741 0.987011
vn -0.121460 0.009321 0.992553
vn -0.038173 -0.020493 0.999061
vn 0.072421 -0.051765 0.996030
vn 0.154657 -0.065104 0.985821
vn 0.158668 -0.038725 0.986572
vn 0.079114 0.035202 0.996244
vn -0.041382 0.134955 0.989987
vn -0.138617 0.216096 0.966482
vn -0.177937 0.250391 0.951653
vn -0.164720 0.234273 0.958115
vn -0.120424 0.177282 0.976765
vn -0.054447 0.102431 0.993249
vn 0.038952 0.038252 0.998509
vn 0.139179 -0.003773 0.990260
vn 0.182927 -0.037584 0.982408
vn 0.115376 -0.082403 0.989898
vn -0.053954 -0.134771 0.989407
vn -0.228248 -0.166660 0.959233
vn -0.317629 -0.159978 0.934622
vn -0.309439 -0.112526 0.944238
vn -0.225133 -0.026638 0.973964
vn -0.095296 0.079829 0.992243
vn 0.046810 0.174565 0.983532
vn 0.171979 0.235606 0.956511
vn 0.256112 0.259085 0.931280
vn 0.281540 0.245574 0.927593
vn 0.235484 0.195620 0.951988
vn 0.118706 0.125914 0.984913
vn -0.023868 0.081297 0.996404
vn -0.124874 0.098149 0.987306
vn -0.166109 0.163005 0.972542
vn -0.174757 0.230826 0.957173
vn -0.166038 0.268065 0.948985
vn -0.123322 0.271426 0.954526
vn -0.041229 0.256601 0.965638
vn 0.040033 0.245131 0.968663
vn 0.075401 0.250668 0.965132
vn 0.065137 0.261799 0.962922
vn 0.037257 0.245321 0.968726
vn 0.017792 0.171400 0.985041
vn 0.033011 0.041425 0.998596
vn 0.098433 -0.100210 0.990085
vn 0.182733 -0.199139 0.962784
vn 0.224017 -0.238925 0.944845
vn 0.185420 -0.235593 0.954000
vn 0.083849 -0.206474 0.974853
vn -0.012137 -0.159478 0.987127
vn -0.043138 -0.090301 0.994980
vn -0.006267 0.007723 0.999951
vn 0.065552 0.114461 0.991263
vn 0.132638 0.186943 0.973375
vn 0.162333 0.199839 0.966288
vn 0.138236 0.154641 0.978252
vn 0.074866 0.067205 0.994926
vn 0.015085 -0.030018 0.999436
vn -0.007461 -0.093953 0.995549
vn -0.013001 0.337675 0.941173
vn -0.002271 0.289766 0.957095
vn 0.019294 0.207225 0.978103
vn 0.019135 0.117701 0.992865
vn -0.024493 0.052249 0.998334
vn -0.090163 0.021039 0.995705
vn -0.125628 0.005308 0.992063
vn -0.073907 -0.022579 0.997009
vn 0.085169 -0.067985 0.994044
vn 0.271552 -0.104641 0.956718
vn 0.362902 -0.113530 0.924885
vn 0.314284 -0.104739 0.943533
vn 0.148906 -0.091802 0.984581
vn -0.033055 -0.076585 0.996515
vn -0.133556 -0.047646 0.989895
vn -0.143338 0.007146 0.989648
vn -0.084878 0.079358 0.993226
vn 0.016937 0.137754 0.990322
vn 0.111803 0.156274 0.981366
vn 0.142302 0.138381 0.980102
vn 0.091191 0.103852 0.990403
vn -0.009587 0.067102 0.997700
vn -0.105832 0.035203 0.993761
vn -0.161078 0.014366 0.986837
vn -0.170472 0.007699 0.985332
vn -0.140986 0.006158 0.989992
vn -0.069563 -0.007823 0.997547
vn 0.041918 -0.038944 0.998362
vn 0.152382 -0.064851 0.986192
vn 0.203801 -0.053954 0.977525
vn 0.169050 0.006879 0.985583
vn 0.059642 0.099252 0.993273
vn -0.073713 0.177092 0.981430
vn -0.171738 0.204791 0.963622
vn -0.210693 0.180599 0.960725
vn -0.193652 0.124250 0.973171
vn -0.123278 0.065732 0.990193
vn -0.006729 0.027764 0.999592
vn 0.108972 0.007060 0.994020
vn 0.146735 -0.018732 0.988999
vn 0.063474 -0.064121 0.995921
vn -0.104349 -0.116133 0.987737
vn -0.248016 -0.144057 0.957985
vn -0.294465 -0.132731 0.946400
vn -0.241315 -0.081302 0.967035
vn -0.121457 0.003353 0.992591
vn 0.013305 0.096232 0.995270
vn 0.125866 0.163705 0.978447
vn 0.206507 0.186543 0.960498
vn 0.247853 0.164563 0.954719
vn 0.235581 0.107636 0.965876
vn 0.164253 0.031008 0.985931
vn 0.059308 -0.036670 0.997566
vn -0.027479 -0.057810 0.997949
vn -0.067060 -0.014099 0.997649
vn -0.080555 0.077745 0.993713
vn -0.104975 0.174435 0.979057
vn -0.136153 0.237356 0.961834
vn -0.130115 0.255748 0.957947
vn -0.062117 0.241234 0.968477
vn 0.034256 0.219280 0.975060
vn 0.094537 0.220490 0.970797
vn 0.084681 0.250484 0.964410
vn 0.014182 0.274963 0.961350
vn -0.073503 0.247159 0.966183
vn -0.111692 0.148095 0.982646
vn -0.049441 0.001882 0.998775
vn 0.085363 -0.132133 0.987550
vn 0.189700 -0.204401 0.960330
vn 0.195906 -0.219110 0.955830
vn 0.118289 -0.203320 0.971941
vn 0.037415 -0.176940 0.983510
vn 0.029603 -0.140042 0.989703
vn 0.091604 -0.075348 0.992941
vn 0.162531 0.016162 0.986571
vn 0.189258 0.097605 0.977064
vn 0.153244 0.125823 0.980145
vn 0.062294 0.077737 0.995026
vn -0.039856 -0.037111 0.998516
vn -0.085906 -0.167638 0.982099
vn -0.086760 -0.251334 0.964004
vn -0.063537 0.353762 0.933175
vn -0.073353 0.316855 0.945633
vn -0.080882 0.243300 0.966573
vn -0.079744 0.145459 0.986145
vn -0.093209 0.054708 0.994142
vn -0.124571 -0.001452 0.992210
vn -0.148039 -0.026374 0.988630
vn -0.109207 -0.048821 0.992819
vn 0.034116 -0.093977 0.994990
vn 0.226244 -0.155868 0.961519
vn 0.335617 -0.209080 0.918502
vn 0.306577 -0.241733 0.920638
vn 0.168096 -0.240515 0.955979
vn 0.016743 -0.191220 0.981404
vn -0.056960 -0.101063 0.993248
vn -0.050523 0.011596 0.998656
vn -0.002356 0.118452 0.992957
vn 0.058246 0.185780 0.980863
vn 0.103753 0.197448 0.974808
vn 0.102139 0.164050 0.981150
vn 0.040907 0.108761 0.993226
vn -0.054484 0.050436 0.997240
vn -0.135733 0.001580 0.990744
vn -0.170984 -0.026180 0.984926
vn -0.164905 -0.026159 0.985963
vn -0.136726 -0.008362 0.990574
vn -0.083148 0.002241 0.996535
vn 0.014791 -0.010681 0.999834
vn 0.139236 -0.035114 0.989636
vn 0.227242 -0.042197 0.972924
vn 0.228299 -0.017989 0.973425
vn 0.130491 0.026201 0.991103
vn -0.030750 0.063355 0.997517
vn -0.176150 0.072717 0.981674
vn -0.248280 0.058125 0.966943
vn -0.237684 0.038297 0.970587
vn -0.152832 0.029298 0.987818
vn -0.020257 0.029897 0.999348
vn 0.093402 0.020846 0.995410
vn 0.113961 -0.011538 0.993418
vn 0.017887 -0.057951 0.998159
vn -0.138585 -0.090501 0.986207
vn -0.251239 -0.087112 0.963997
vn -0.263542 -0.048487 0.963428
vn -0.181031 0.012040 0.983404
vn -0.050194 0.072128 0.996132
vn 0.067344 0.107490 0.991923
vn 0.142836 0.104064 0.984260
vn 0.181464 0.058511 0.981655
vn 0.188743 -0.019159 0.981840
vn 0.159626 -0.103755 0.981710
vn 0.097287 -0.167357 0.981085
vn 0.030548 -0.192461 0.980829
vn -0.001307 -0.173472 0.984838
vn 0.009625 -0.112692 0.993583
vn 0.021489 -0.022373 0.999519
vn -0.014001 0.072161 0.997295
vn -0.084972 0.141633 0.986266
vn -0.124079 0.168357 0.977886
vn -0.083450 0.155587 0.984291
vn 0.019209 0.124979 0.991973
vn 0.111557 0.110937 0.987546
vn 0.124418 0.133310 0.983234
vn 0.034001 0.173094 0.984318
vn -0.114471 0.183418 0.976347
vn -0.213712 0.134457 0.967599
vn -0.181876 0.036892 0.982629
vn -0.024859 -0.072431 0.997064
vn 0.138813 -0.143136 0.979920
vn 0.191648 -0.162951 0.967842
vn 0.132454 -0.157048 0.978668
vn 0.054696 -0.148587 0.987386
vn 0.059950 -0.141016 0.988190
vn 0.148891 -0.115892 0.982039
vn 0.234658 -0.063192 0.970022
vn 0.240939 -0.005483 0.970525
vn 0.144669 0.016021 0.989350
vn -0.024209 -0.032158 0.999190
vn -0.169303 -0.141146 0.975405
vn -0.197009 -0.260805 0.945076
vn -0.173545 -0.337032 0.925360
vn -0.097477 0.273292 0.956979
vn -0.124506 0.252456 0.959565
vn -0.161992 0.205598 0.965136
vn -0.173068 0.135706 0.975516
vn -0.170623 0.061376 0.983423
vn -0.169755 0.007346 0.985459
vn -0.171727 -0.017542 0.984988
vn -0.140426 -0.031272 0.989597
vn -0.027181 -0.067374 0.997357
vn 0.147475 -0.141545 0.978885
vn 0.272929 -0.226553 0.934978
vn 0.283162 -0.284237 0.915985
vn 0.204877 -0.287351 0.935657
vn 0.112961 -0.223175 0.968211
vn 0.070916 -0.110591 0.991333
vn 0.075978 0.012928 0.997026
vn 0.091338 0.114675 0.989195
vn 0.098334 0.174105 0.979805
vn 0.089778 0.184157 0.978788
vn 0.051459 0.152974 0.986890
vn -0.024427 0.097571 0.994929
vn -0.116647 0.033757 0.992600
vn -0.180578 -0.024386 0.983258
vn -0.187594 -0.060859 0.980359
vn -0.152739 -0.063311 0.986237
vn -0.112828 -0.036649 0.992938
vn -0.071789 -0.006315 0.997400
vn 0.004256 0.002484 0.999988
vn 0.120922 -0.013429 0.992571
vn 0.219810 -0.037594 0.974818
vn 0.234203 -0.057867 0.970464
vn 0.140218 -0.076247 0.987181
vn -0.027340 -0.093371 0.995256
vn -0.177815 -0.099242 0.979047
vn -0.245237 -0.084341 0.965788
vn -0.223373 -0.048218 0.973540
vn -0.132849 -0.004783 0.991125
vn -0.015444 0.016308 0.999748
vn 0.067937 -0.007482 0.997662
vn 0.069060 -0.063808 0.995570
vn -0.016314 -0.111647 0.993614
vn -0.135775 -0.113514 0.984215
vn -0.212057 -0.063632 0.975183
vn -0.204112 0.017371 0.978793
vn -0.125194 0.097845 0.987296
vn -0.025963 0.142726 0.989422
vn 0.046234 0.131296 0.990265
vn 0.079462 0.063746 0.994798
vn 0.089315 -0.043196 0.995066
vn 0.092758 -0.155467 0.983476
vn 0.089865 -0.234214 0.968023
vn 0.073245 -0.259491 0.962964
vn 0.052303 -0.235363 0.970499
vn 0.054285 -0.179781 0.982208
vn 0.085674 -0.112141 0.989992
vn 0.104033 -0.045784 0.993519
vn 0.058664 0.010438 0.998223
vn -0.041667 0.046403 0.998053
vn -0.120317 0.051600 0.991394
vn -0.109610 0.026389 0.993624
vn -0.010600 -0.013963 0.999846
vn 0.106268 -0.043058 0.993405
vn 0.149482 -0.042588 0.987847
vn 0.066871 -0.017059 0.997616
vn -0.112249 0.009704 0.993633
vn -0.255228 0.008884 0.966840
vn -0.252545 -0.026666 0.967218
vn -0.096406 -0.080419 0.992088
vn 0.100572 -0.118928 0.987796
vn 0.185675 -0.126897 0.974383
vn 0.137283 -0.117688 0.983516
vn 0.055409 -0.106411 0.992777
vn 0.061947 -0.100789 0.992977
vn 0.166664 -0.094625 0.981463
vn 0.266195 -0.079573 0.960629
vn 0.264660 -0.063307 0.962262
vn 0.128454 -0.065828 0.989528
vn -0.097303 -0.102780 0.989933
vn -0.269154 -0.165598 0.948754
vn -0.285273 -0.234669 0.929274
vn -0.247099 -0.281617 0.927164
vn -0.111481 0.123334 0.986084
vn -0.147423 0.117935 0.982017
vn -0.202223 0.103865 0.973816
vn -0.224796 0.079866 0.971127
vn -0.219620 0.050280 0.974289
vn -0.201478 0.026021 0.979147
vn -0.185487 0.018839 0.982466
vn -0.157691 0.025008 0.987172
vn -0.078456 0.016150 0.996787
vn 0.060389 -0.037842 0.997457
vn 0.194269 -0.125632 0.972870
vn 0.253989 -0.196654 0.947004
vn 0.242000 -0.212868 0.946638
vn 0.204938 -0.169986 0.963901
vn 0.182143 -0.095512 0.978622
vn 0.174140 -0.024177 0.984424
vn 0.160190 0.028797 0.986666
vn 0.130235 0.060912 0.989610
vn 0.083257 0.068878 0.994145
vn 0.014000 0.052123 0.998543
vn -0.079547 0.016446 0.996695
vn -0.174698 -0.029239 0.984188
vn -0.226387 -0.073667 0.971248
vn -0.207223 -0.102542 0.972905
vn -0.139934 -0.102168 0.984876
vn -0.079700 -0.071979 0.994217
vn -0.043978 -0.032660 0.998499
vn 0.007594 -0.011693 0.999903
vn 0.099129 -0.022771 0.994814
vn 0.183919 -0.060599 0.981072
vn 0.190945 -0.114444 0.974906
vn 0.095515 -0.175122 0.979903
vn -0.053512 -0.221263 0.973745
vn -0.165974 -0.226942 0.959661
vn -0.197280 -0.185322 0.962671
vn -0.159263 -0.112721 0.980780
vn -0.088410 -0.051444 0.994755
vn -0.022913 -0.046708 0.998646
vn 0.013354 -0.103729 0.994516
vn 0.009693 -0.177981 0.983986
vn -0.032542 -0.212690 0.976578
vn -0.091468 -0.181002 0.979220
vn -0.125975 -0.092346 0.987726
vn -0.108519 0.022401 0.993842
vn -0.057038 0.124722 0.990551
vn -0.016632 0.178467 0.983805
vn -0.012116 0.162897 0.986569
vn -0.030768 0.078285 0.996456
vn -0.037234 -0.048096 0.998148
vn -0.006219 -0.165644 0.986166
vn 0.049772 -0.229825 0.971958
vn 0.095556 -0.227123 0.969167
vn 0.115000 -0.173633 0.978073
vn 0.126224 -0.101664 0.986779
vn 0.144960 -0.042543 0.988523
vn 0.143715 -0.010704 0.989561
vn 0.078295 -0.005406 0.996916
vn -0.044509 -0.021894 0.998769
vn -0.145050 -0.054236 0.987937
vn -0.148433 -0.095106 0.984339
vn -0.050006 -0.135605 0.989500
vn 0.082387 -0.164426 0.982943
vn 0.148649 -0.176878 0.972943
vn 0.085747 -0.174848 0.980855
vn -0.089458 -0.157027 0.983534
vn -0.247814 -0.132119 0.959757
vn -0.263507 -0.121085 0.957028
vn -0.115998 -0.127421 0.985042
vn 0.091272 -0.133024 0.986901
vn 0.193406 -0.125225 0.973095
vn 0.155604 -0.103184 0.982416
vn 0.073183 -0.068537 0.994961
vn 0.071215 -0.034784 0.996854
vn 0.167836 -0.018751 0.985637
vn 0.262856 -0.025589 0.964496
vn 0.255473 -0.047890 0.965629
vn 0.107266 -0.074246 0.991454
vn -0.130588 -0.088758 0.987456
vn -0.305669 -0.083487 0.948470
vn -0.319131 -0.069838 0.945134
vn -0.278012 -0.058819 0.958775
vn -0.111007 -0.046338 0.992739
vn -0.146444 -0.041476 0.988349
vn -0.201405 -0.027125 0.979132
vn -0.226422 -0.005139 0.974016
vn -0.223344 0.016340 0.974603
vn -0.200418 0.033888 0.979124
vn -0.172662 0.056798 0.983342
vn -0.142773 0.091769 0.985492
vn -0.089489 0.121423 0.988559
vn 0.005284 0.113926 0.993475
vn 0.121077 0.058913 0.990893
vn 0.208687 -0.012544 0.977902
vn 0.242348 -0.059960 0.968335
vn 0.236325 -0.074776 0.968793
vn 0.217305 -0.077496 0.973023
vn 0.198184 -0.086716 0.976322
vn 0.174785 -0.100339 0.979481
vn 0.138262 -0.109120 0.984366
vn 0.081562 -0.113426 0.990193
vn -0.000636 -0.119687 0.992811
vn -0.104956 -0.130484 0.985879
vn -0.203275 -0.143140 0.968602
vn -0.248067 -0.153357 0.956527
vn -0.211572 -0.154850 0.965018
vn -0.119825 -0.137600 0.983213
vn -0.042356 -0.098580 0.994227
vn -0.011255 -0.053042 0.998529
vn 0.014069 -0.026759 0.999543
vn 0.071516 -0.038446 0.996698
vn 0.129378 -0.087654 0.987714
vn 0.121855 -0.159424 0.979661
vn 0.031309 -0.231390 0.972357
vn -0.081694 -0.273394 0.958427
vn -0.140151 -0.264827 0.954057
vn -0.128376 -0.207376 0.969801
vn -0.087530 -0.132267 0.987342
vn -0.065429 -0.096903 0.993141
vn -0.067258 -0.134762 0.988593
vn -0.064273 -0.218629 0.973689
vn -0.042244 -0.285587 0.957421
vn -0.019492 -0.292014 0.956215
vn -0.013280 -0.232249 0.972566
vn -0.009990 -0.126213 0.991953
vn 0.010870 -0.003893 0.999933
vn 0.031862 0.106126 0.993842
vn 0.012758 0.176852 0.984155
vn -0.055092 0.185441 0.981110
vn -0.131197 0.126059 0.983309
vn -0.154840 0.023228 0.987667
vn -0.093260 -0.077505 0.992621
vn 0.026204 -0.134208 0.990607
vn 0.132610 -0.131896 0.982353
vn 0.181404 -0.088516 0.979417
vn 0.186311 -0.035702 0.981842
vn 0.175960 -0.001457 0.984396
vn 0.140906 0.000470 0.990023
vn 0.047591 -0.028272 0.998467
vn -0.090598 -0.073956 0.993138
vn -0.191081 -0.116716 0.974610
vn -0.186962 -0.146149 0.971435
vn -0.079914 -0.162833 0.983412
vn 0.061169 -0.172593 0.983092
vn 0.136589 -0.184579 0.973280
vn 0.087050 -0.198604 0.976206
vn -0.070757 -0.197458 0.977755
vn -0.221606 -0.171331 0.959967
vn -0.242686 -0.139739 0.959988
vn -0.104099 -0.120442 0.987247
vn 0.101312 -0.111595 0.988576
vn 0.214032 -0.102080 0.971478
vn 0.194965 -0.076491 0.977823
vn 0.124928 -0.023475 0.991888
vn 0.111452 0.040731 0.992935
vn 0.174862 0.079123 0.981409
vn 0.238774 0.070420 0.968519
vn 0.220983 0.028787 0.974853
vn 0.089163 -0.008168 0.995984
vn -0.110744 0.001970 0.993847
vn -0.257948 0.070605 0.963575
vn -0.266168 0.165869 0.949548
vn -0.228158 0.234125 0.945055
vn -0.101157 -0.192199 0.976129
vn -0.127929 -0.179247 0.975451
vn -0.166810 -0.142385 0.975654
vn -0.183205 -0.082053 0.979645
vn -0.182394 -0.015424 0.983104
vn -0.162445 0.041041 0.985864
vn -0.128665 0.090587 0.987542
vn -0.093272 0.143671 0.985220
vn -0.055988 0.193067 0.979587
vn -0.002765 0.214546 0.976710
vn 0.070674 0.190884 0.979065
vn 0.144040 0.129840 0.981017
vn 0.187565 0.057722 0.980555
vn 0.191284 -0.008606 0.981497
vn 0.171440 -0.072371 0.982533
vn 0.150858 -0.137336 0.978969
vn 0.136314 -0.194178 0.971449
vn 0.115390 -0.232792 0.965657
vn 0.071417 -0.254266 0.964494
vn -0.003648 -0.264624 0.964345
vn -0.102625 -0.264959 0.958783
vn -0.194740 -0.252706 0.947743
vn -0.232296 -0.229557 0.945168
vn -0.185369 -0.198701 0.962370
vn -0.079520 -0.156395 0.984488
vn 0.006631 -0.099740 0.994991
vn 0.028303 -0.039566 0.998816
vn 0.022136 -0.000918 0.999755
vn 0.037644 -0.008887 0.999252
vn 0.063039 -0.067123 0.995751
vn 0.046046 -0.151660 0.987360
vn -0.024404 -0.223357 0.974431
vn -0.091182 -0.248962 0.964211
vn -0.098558 -0.219149 0.970701
vn -0.060490 -0.151662 0.986580
vn -0.045864 -0.095379 0.994384
vn -0.090381 -0.101820 0.990689
vn -0.146002 -0.173538 0.973945
vn -0.141878 -0.259983 0.955133
vn -0.067443 -0.305113 0.949925
vn 0.025081 -0.283736 0.958574
vn 0.082594 -0.207774 0.974684
vn 0.106138 -0.107213 0.988555
vn 0.123865 -0.005996 0.992281
vn 0.124573 0.084673 0.988591
vn 0.064409 0.153716 0.986014
vn -0.062598 0.181302 0.981433
vn -0.190328 0.156119 0.969228
vn -0.235571 0.095924 0.967112
vn -0.163022 0.029111 0.986193
vn -0.004975 -0.023036 0.999722
vn 0.142068 -0.049123 0.988637
vn 0.210352 -0.052790 0.976199
vn 0.211671 -0.045285 0.976291
vn 0.180323 -0.039894 0.982798
vn 0.117429 -0.049583 0.991843
vn 0.003585 -0.077144 0.997014
vn -0.133997 -0.106513 0.985241
vn -0.216018 -0.115307 0.969557
vn -0.192011 -0.097159 0.976571
vn -0.075282 -0.064033 0.995104
vn 0.059594 -0.040938 0.997383
vn 0.123809 -0.045593 0.991258
vn 0.074726 -0.069207 0.994800
vn -0.065615 -0.083235 0.994367
vn -0.197384 -0.067109 0.978027
vn -0.213692 -0.031939 0.976379
vn -0.084774 -0.003269 0.996395
vn 0.108756 0.001503 0.994067
vn 0.227293 -0.008998 0.973785
vn 0.233184 -0.005497 0.972417
vn 0.189202 0.034459 0.981333
vn 0.172212 0.099771 0.979994
vn 0.195767 0.148813 0.969294
vn 0.213706 0.151547 0.965072
vn 0.179403 0.116633 0.976837
vn 0.080084 0.086015 0.993070
vn -0.050396 0.110403 0.992608
vn -0.144819 0.203994 0.968201
vn -0.152411 0.323345 0.933927
vn -0.130404 0.401592 0.906487
vn -0.081801 -0.280635 0.956322
vn -0.093414 -0.260428 0.960963
vn -0.102836 -0.206968 0.972928
vn -0.100963 -0.118845 0.987766
vn -0.103204 -0.018953 0.994480
vn -0.096617 0.063946 0.993265
vn -0.070672 0.122517 0.989947
vn -0.038945 0.164652 0.985583
vn -0.016373 0.192953 0.981071
vn 0.003129 0.199002 0.979994
vn 0.034331 0.173451 0.984244
vn 0.076531 0.118506 0.990000
vn 0.108372 0.050038 0.992850
vn 0.110711 -0.017147 0.993705
vn 0.091121 -0.081683 0.992484
vn 0.075715 -0.146253 0.986345
vn 0.075770 -0.205881 0.975639
vn 0.073994 -0.253414 0.964524
vn 0.046903 -0.287724 0.956564
vn -0.012707 -0.309256 0.950894
vn -0.093274 -0.313167 0.945107
vn -0.166048 -0.293689 0.941369
vn -0.188919 -0.254189 0.948524
vn -0.131186 -0.204125 0.970115
vn -0.015474 -0.145493 0.989238
vn 0.076210 -0.074091 0.994335
vn 0.087712 0.005912 0.996128
vn 0.044643 0.069171 0.996605
vn 0.005245 0.078938 0.996866
vn -0.013717 0.021256 0.999680
vn -0.037291 -0.075285 0.996464
vn -0.071366 -0.152683 0.985695
vn -0.080343 -0.168645 0.982397
vn -0.042060 -0.123252 0.991484
vn -0.002523 -0.055920 0.998432
vn -0.037667 -0.023341 0.999018
vn -0.146332 -0.053872 0.987768
vn -0.229241 -0.124140 0.965421
vn -0.201014 -0.186488 0.961673
vn -0.066337 -0.204443 0.976628
vn 0.086078 -0.167203 0.982158
vn 0.170475 -0.099074 0.980369
vn 0.193256 -0.029168 0.980715
vn 0.200712 0.029675 0.979201
vn 0.189876 0.077528 0.978742
vn 0.110600 0.115715 0.987106
vn -0.050432 0.136460 0.989361
vn -0.212020 0.132324 0.968265
vn -0.275275 0.112814 0.954723
vn -0.210514 0.086244 0.973779
vn -0.052625 0.046005 0.997554
vn 0.103395 -0.010909 0.994581
vn 0.184812 -0.069207 0.980334
vn 0.198000 -0.108232 0.974208
vn 0.171266 -0.120202 0.977865
vn 0.104245 -0.116487 0.987706
vn -0.010391 -0.109357 0.993948
vn -0.131072 -0.091242 0.987165
vn -0.184043 -0.045170 0.981880
vn -0.136527 0.029939 0.990184
vn -0.022679 0.107409 0.993956
vn 0.079392 0.151040 0.985334
vn 0.109838 0.151624 0.982316
vn 0.050969 0.127960 0.990469
vn -0.070806 0.109488 0.991463
vn -0.175776 0.117964 0.977337
vn -0.182173 0.149893 0.971774
vn -0.069911 0.177574 0.981621
vn 0.094692 0.169216 0.981020
vn 0.206792 0.126553 0.970166
vn 0.235942 0.085498 0.967999
vn 0.226579 0.079646 0.970731
vn 0.223366 0.111050 0.968388
vn 0.224764 0.148661 0.963006
vn 0.205021 0.162145 0.965233
vn 0.152668 0.149134 0.976960
vn 0.080326 0.136208 0.987418
vn 0.012486 0.160001 0.987038
vn -0.031785 0.233140 0.971924
vn -0.045327 0.324986 0.944632
vn -0.044075 0.385594 0.921615
vn -0.056260 -0.281942 0.957780
vn -0.048640 -0.259063 0.964635
vn -0.019865 -0.200817 0.979427
vn 0.006621 -0.105046 0.994445
vn -0.000832 0.004599 0.999989
vn -0.021854 0.093183 0.995409
vn -0.027320 0.141187 0.989606
vn -0.021511 0.148601 0.988663
vn -0.020982 0.124130 0.992044
vn -0.023200 0.078636 0.996633
vn -0.011173 0.023769 0.999655
vn 0.020985 -0.027669 0.999397
vn 0.054135 -0.063943 0.996484
vn 0.061858 -0.082755 0.994648
vn 0.043227 -0.095509 0.994490
vn 0.025196 -0.117137 0.992796
vn 0.025553 -0.152360 0.987995
vn 0.029144 -0.194799 0.980410
vn 0.011230 -0.235164 0.971891
vn -0.033108 -0.264332 0.963863
vn -0.089850 -0.272394 0.957981
vn -0.136088 -0.253737 0.957652
vn -0.139401 -0.214679 0.966685
vn -0.070500 -0.168642 0.983153
vn 0.054657 -0.118357 0.991466
vn 0.157462 -0.052239 0.986142
vn 0.169646 0.035985 0.984848
vn 0.094230 0.123891 0.987812
vn -0.010331 0.162796 0.986606
vn -0.090344 0.124406 0.988110
vn -0.128383 0.032936 0.991178
vn -0.120147 -0.046915 0.991647
vn -0.063717 -0.063968 0.995916
vn 0.014121 -0.023308 0.999629
vn 0.039591 0.024531 0.998915
vn -0.044582 0.035367 0.998379
vn -0.192763 0.008239 0.981211
vn -0.277814 -0.023899 0.960337
vn -0.223357 -0.034763 0.974117
vn -0.047257 -0.018776 0.998706
vn 0.133233 0.013005 0.990999
vn 0.219525 0.043607 0.974632
vn 0.231722 0.064404 0.970648
vn 0.227048 0.072325 0.971194
vn 0.207769 0.068929 0.975746
vn 0.122872 0.059955 0.990610
vn -0.044244 0.052175 0.997657
vn -0.210961 0.052823 0.976066
vn -0.279419 0.064909 0.957973
vn -0.230264 0.076197 0.970140
vn -0.103773 0.057508 0.992937
vn 0.026977 -0.010108 0.999585
vn 0.113999 -0.101618 0.988270
vn 0.160066 -0.165429 0.973145
vn 0.171323 -0.173062 0.969896
vn 0.128976 -0.135570 0.982337
vn 0.029004 -0.077606 0.996562
vn -0.071796 -0.009142 0.997377
vn -0.099369 0.073588 0.992326
vn -0.041946 0.162961 0.985741
vn 0.046076 0.230165 0.972060
vn 0.101930 0.256239 0.961224
vn 0.097101 0.250378 0.963267
vn 0.030305 0.235142 0.971488
vn -0.072256 0.231479 0.970153
vn -0.151101 0.250234 0.956322
vn -0.150185 0.285396 0.946569
vn -0.063397 0.310326 0.948514
vn 0.056279 0.292303 0.954668
vn 0.143785 0.226225 0.963404
vn 0.186066 0.142655 0.972126
vn 0.213342 0.082453 0.973492
vn 0.240285 0.062517 0.968687
vn 0.246769 0.068317 0.966663
vn 0.213933 0.078812 0.973664
vn 0.151271 0.086005 0.984744
vn 0.089325 0.095124 0.991450
vn 0.050752 0.115361 0.992026
vn 0.031976 0.149462 0.988250
vn 0.015046 0.188065 0.982041
vn 0.004742 0.213664 0.976896
vn -0.033262 -0.192688 0.980696
vn -0.007754 -0.174129 0.984692
vn 0.056666 -0.128191 0.990129
vn 0.106654 -0.053374 0.992863
vn 0.094979 0.034502 0.994881
vn 0.040533 0.106727 0.993462
vn -0.014562 0.135330 0.990694
vn -0.056630 0.108529 0.992479
vn -0.087698 0.035146 0.995527
vn -0.097523 -0.057693 0.993560
vn -0.070850 -0.136885 0.988050
vn -0.010469 -0.179326 0.983734
vn 0.052701 -0.178502 0.982527
vn 0.078441 -0.146148 0.986148
vn 0.056600 -0.107846 0.992555
vn 0.018512 -0.089759 0.995791
vn -0.003027 -0.102667 0.994711
vn -0.010933 -0.137322 0.990466
vn -0.026100 -0.174699 0.984276
vn -0.054551 -0.197960 0.978691
vn -0.087284 -0.198230 0.976261
vn -0.111580 -0.177909 0.977700
vn -0.103957 -0.150765 0.983088
vn -0.032230 -0.130529 0.990920
vn 0.101728 -0.112229 0.988461
vn 0.225907 -0.073174 0.971397
vn 0.257463 0.001159 0.966288
vn 0.169908 0.097370 0.980638
vn 0.005664 0.167287 0.985892
vn -0.141942 0.167755 0.975557
vn -0.204801 0.112692 0.972295
vn -0.167213 0.054539 0.984411
vn -0.057658 0.035050 0.997721
vn 0.046263 0.048238 0.997764
vn 0.056038 0.056063 0.996853
vn -0.053739 0.042428 0.997653
vn -0.203970 0.030918 0.978489
vn -0.270664 0.049821 0.961384
vn -0.197959 0.096385 0.975460
vn -0.018918 0.141957 0.989692
vn 0.147572 0.159494 0.976107
vn 0.218944 0.150788 0.964016
vn 0.219407 0.125954 0.967469
vn 0.204036 0.087970 0.975003
vn 0.177068 0.038981 0.983426
vn 0.093284 -0.012519 0.995561
vn -0.057217 -0.048432 0.997186
vn -0.199173 -0.049979 0.978689
vn -0.255126 -0.018495 0.966731
vn -0.220416 0.020255 0.975196
vn -0.139974 0.024516 0.989852
vn -0.056663 -0.031878 0.997884
vn 0.028411 -0.122168 0.992103
vn 0.124507 -0.181310 0.975512
vn 0.199911 -0.168895 0.965148
vn 0.200924 -0.096194 0.974873
vn 0.117566 0.002247 0.993063
vn 0.019162 0.095971 0.995200
vn -0.012766 0.170150 0.985336
vn 0.024146 0.217085 0.975854
vn 0.076130 0.228573 0.970546
vn 0.100847 0.210845 0.972304
vn 0.085403 0.187915 0.978465
vn 0.029601 0.185034 0.982286
vn -0.050556 0.211463 0.976078
vn -0.112190 0.259056 0.959324
vn -0.115108 0.309700 0.943841
vn -0.062502 0.337436 0.939271
vn 0.003956 0.317197 0.948351
vn 0.052012 0.244175 0.968335
vn 0.092273 0.141695 0.985600
vn 0.149336 0.047468 0.987646
vn 0.211695 -0.016060 0.977204
vn 0.242055 -0.049854 0.968981
vn 0.222881 -0.060311 0.972978
vn 0.168605 -0.049424 0.984444
vn 0.109605 -0.023833 0.993689
vn 0.067788 -0.000386 0.997700
vn 0.042474 0.005850 0.999080
vn 0.019490 -0.004662 0.999799
vn 0.006601 -0.017373 0.999827
vn -0.019408 -0.063740 0.997778
vn 0.016563 -0.053027 0.998456
vn 0.102211 -0.029823 0.994316
vn 0.168363 0.007062 0.985700
vn 0.158092 0.055118 0.985885
vn 0.079319 0.099311 0.991890
vn -0.025517 0.111407 0.993447
vn -0.121822 0.071320 0.989986
vn -0.185285 -0.013822 0.982588
vn -0.192170 -0.112626 0.974877
vn -0.131733 -0.190010 0.972904
vn -0.021575 -0.223275 0.974517
vn 0.086126 -0.209090 0.974096
vn 0.132130 -0.166152 0.977208
vn 0.100241 -0.123125 0.987316
vn 0.030640 -0.103598 0.994147
vn -0.022486 -0.114845 0.993129
vn -0.044047 -0.143357 0.988690
vn -0.051281 -0.165845 0.984818
vn -0.058976 -0.165648 0.984420
vn -0.072543 -0.142416 0.987145
vn -0.091436 -0.112752 0.989407
vn -0.093093 -0.098850 0.990738
vn -0.031681 -0.109247 0.993510
vn 0.109929 -0.127745 0.985696
vn 0.262591 -0.123932 0.956915
vn 0.326628 -0.081615 0.941623
vn 0.255139 -0.004166 0.966895
vn 0.061854 0.084308 0.994518
vn -0.142315 0.138576 0.980073
vn -0.236370 0.146628 0.960536
vn -0.196155 0.133910 0.971386
vn -0.070371 0.116929 0.990644
vn 0.035073 0.089377 0.995380
vn 0.033766 0.042955 0.998506
vn -0.069130 -0.003506 0.997601
vn -0.183959 -0.008335 0.982899
vn -0.216579 0.044501 0.975250
vn -0.135287 0.127030 0.982630
vn 0.016950 0.190853 0.981472
vn 0.142682 0.207216 0.967834
vn 0.185385 0.183416 0.965397
vn 0.168514 0.133045 0.976679
vn 0.141497 0.063646 0.987891
vn 0.109457 -0.016516 0.993854
vn 0.035658 -0.091359 0.995179
vn -0.081793 -0.135862 0.987346
vn -0.181906 -0.132544 0.974342
vn -0.213843 -0.089913 0.972721
vn -0.189783 -0.039424 0.981034
vn -0.155279 -0.022677 0.987610
vn -0.119833 -0.059491 0.991010
vn -0.038242 -0.123297 0.991633
vn 0.110509 -0.158384 0.981174
vn 0.252955 -0.129412 0.958784
vn 0.294458 -0.050646 0.954322
vn 0.218562 0.044577 0.974804
vn 0.097236 0.121441 0.987825
vn 0.025564 0.154763 0.987621
vn 0.020069 0.140967 0.989811
vn 0.041583 0.091794 0.994909
vn 0.062423 0.034898 0.997439
vn 0.072134 0.004446 0.997385
vn 0.055692 0.020124 0.998245
vn 0.007169 0.077941 0.996932
vn -0.045903 0.155869 0.986711
vn -0.067500 0.225376 0.971931
vn -0.058285 0.261316 0.963492
vn -0.046577 0.248664 0.967469
vn -0.040670 0.189941 0.980953
vn -0.012625 0.105008 0.994391
vn 0.058841 0.017083 0.998121
vn 0.146659 -0.060486 0.987336
vn 0.203739 -0.121561 0.971449
vn 0.213016 -0.158993 0.964026
vn 0.185612 -0.165047 0.968663
vn 0.137108 -0.144537 0.979954
vn 0.080133 -0.121900 0.989302
vn 0.027854 -0.123544 0.991948
vn -0.007820 -0.150525 0.988575
vn -0.020241 -0.177046 0.983995
vn -0.012362 0.035320 0.999300
vn 0.025984 0.040212 0.998853
vn 0.116585 0.044616 0.992178
vn 0.189584 0.048492 0.980666
vn 0.184839 0.059661 0.980956
vn 0.096298 0.076394 0.992417
vn -0.042609 0.078631 0.995993
vn -0.180061 0.047545 0.982506
vn -0.265734 -0.010916 0.963985
vn -0.268352 -0.073764 0.960493
vn -0.180841 -0.121537 0.975974
vn -0.029662 -0.144686 0.989033
vn 0.110814 -0.146061 0.983050
vn 0.165456 -0.140066 0.976220
vn 0.120733 -0.139663 0.982811
vn 0.027337 -0.149439 0.988393
vn -0.043178 -0.166726 0.985057
vn -0.062623 -0.180690 0.981544
vn -0.048961 -0.174905 0.983367
vn -0.031284 -0.139311 0.989754
vn -0.034953 -0.083617 0.995885
vn -0.069412 -0.037367 0.996888
vn -0.101186 -0.027549 0.994486
vn -0.062131 -0.056097 0.996490
vn 0.082648 -0.101430 0.991404
vn 0.263251 -0.132423 0.955596
vn 0.361528 -0.131134 0.923093
vn 0.324453 -0.093845 0.941235
vn 0.149719 -0.016729 0.988587
vn -0.077138 0.080022 0.993804
vn -0.206920 0.154242 0.966123
vn -0.196717 0.189191 0.962034
vn -0.103608 0.176681 0.978800
vn -0.028458 0.111061 0.993406
vn -0.037064 0.012433 0.999236
vn -0.104536 -0.068992 0.992125
vn -0.156745 -0.085831 0.983903
vn -0.142237 -0.033411 0.989269
vn -0.053957 0.053667 0.997100
vn 0.065043 0.126606 0.989818
vn 0.143370 0.156769 0.977174
vn 0.146070 0.143666 0.978787
vn 0.100261 0.093815 0.990528
vn 0.056331 0.015101 0.998298
vn 0.023748 -0.076937 0.996753
vn -0.026945 -0.155226 0.987511
vn -0.099252 -0.189874 0.976779
vn -0.154112 -0.170170 0.973289
vn -0.164625 -0.115475 0.979573
vn -0.154343 -0.064536 0.985907
vn -0.158995 -0.050336 0.985995
vn -0.155792 -0.073694 0.985037
vn -0.072150 -0.106661 0.991674
vn 0.115399 -0.117338 0.986364
vn 0.299526 -0.094246 0.949422
vn 0.360238 -0.053726 0.931312
vn 0.282390 -0.012465 0.959219
vn 0.129130 0.011154 0.991565
vn 0.006525 -0.004100 0.999970
vn -0.039599 -0.057784 0.997543
vn -0.028756 -0.123604 0.991915
vn 0.015685 -0.167993 0.985663
vn 0.071192 -0.171749 0.982565
vn 0.102353 -0.135279 0.985507
vn 0.085486 -0.070166 0.993866
vn 0.036732 0.007185 0.999299
vn -0.008682 0.075464 0.997111
vn -0.041088 0.115893 0.992411
vn -0.072669 0.122510 0.989803
vn -0.096727 0.103422 0.989923
vn -0.082405 0.070390 0.994110
vn -0.015652 0.026834 0.999517
vn 0.074147 -0.029207 0.996820
vn 0.143981 -0.092706 0.985228
vn 0.178771 -0.148969 0.972548
vn 0.182308 -0.182696 0.966119
vn 0.152669 -0.191666 0.969513
vn 0.088848 -0.191215 0.977519
vn 0.013190 -0.200895 0.979524
vn -0.034948 -0.224266 0.973901
vn -0.047177 -0.245119 0.968344
vn -0.009577 0.100691 0.994872
vn 0.026083 0.095342 0.995103
vn 0.110935 0.079776 0.990621
vn 0.183188 0.057135 0.981416
vn 0.184500 0.040853 0.981983
vn 0.097564 0.036017 0.994577
vn -0.054163 0.032207 0.998013
vn -0.208589 0.020177 0.977795
vn -0.299360 0.007726 0.954109
vn -0.296377 0.006912 0.955046
vn -0.200702 0.014706 0.979542
vn -0.046137 0.010956 0.998875
vn 0.090832 -0.021334 0.995638
vn 0.139884 -0.075546 0.987282
vn 0.092608 -0.130068 0.987171
vn 0.003620 -0.165348 0.986229
vn -0.054587 -0.175708 0.982928
vn -0.052371 -0.163366 0.985174
vn -0.008669 -0.124457 0.992187
vn 0.033919 -0.055704 0.997871
vn 0.029758 0.027316 0.999184
vn -0.035982 0.090600 0.995237
vn -0.111414 0.107582 0.987934
vn -0.105558 0.079999 0.991190
vn 0.029221 0.025128 0.999257
vn 0.228307 -0.036338 0.972911
vn 0.358723 -0.080835 0.929937
vn 0.360990 -0.092544 0.927967
vn 0.235239 -0.055038 0.970378
vn 0.031328 0.036481 0.998843
vn -0.127603 0.139412 0.981979
vn -0.174577 0.200017 0.964114
vn -0.151189 0.191316 0.969814
vn -0.130864 0.110632 0.985208
vn -0.145937 -0.008593 0.989257
vn -0.165673 -0.106034 0.980464
vn -0.148187 -0.141224 0.978824
vn -0.080231 -0.113556 0.990287
vn 0.023968 -0.048001 0.998560
vn 0.122913 0.020440 0.992207
vn 0.163693 0.065325 0.984346
vn 0.124956 0.075625 0.989276
vn 0.040806 0.046648 0.998078
vn -0.028651 -0.019971 0.999390
vn -0.061706 -0.107136 0.992328
vn -0.079795 -0.178813 0.980642
vn -0.097999 -0.198446 0.975200
vn -0.108149 -0.158164 0.981472
vn -0.109347 -0.089765 0.989942
vn -0.125500 -0.043280 0.991149
vn -0.164182 -0.040595 0.985594
vn -0.174379 -0.060254 0.982833
vn -0.082213 -0.072434 0.993979
vn 0.119732 -0.072111 0.990184
vn 0.308271 -0.076310 0.948233
vn 0.365526 -0.096410 0.925795
vn 0.279019 -0.127374 0.951800
vn 0.105307 -0.161990 0.981157
vn -0.042362 -0.201574 0.978557
vn -0.096710 -0.244499 0.964815
vn -0.067882 -0.271856 0.959941
vn 0.011953 -0.265204 0.964118
vn 0.102146 -0.228003 0.968288
vn 0.155371 -0.180922 0.971147
vn 0.148510 -0.137556 0.979297
vn 0.098797 -0.097259 0.990343
vn 0.040035 -0.060221 0.997382
vn -0.012397 -0.030794 0.999449
vn -0.060336 -0.006845 0.998155
vn -0.093989 0.019194 0.995388
vn -0.089861 0.046332 0.994876
vn -0.041044 0.061268 0.997277
vn 0.027550 0.051120 0.998312
vn 0.085529 0.015380 0.996217
vn 0.124889 -0.036198 0.991510
vn 0.144921 -0.091475 0.985206
vn 0.130885 -0.142323 0.981129
vn 0.072106 -0.186936 0.979722
vn -0.006415 -0.224605 0.974429
vn -0.054046 -0.252861 0.965992
vn -0.063707 -0.268655 0.961127
vn -0.022809 0.173436 0.984581
vn 0.005279 0.143604 0.989621
vn 0.079317 0.092124 0.992584
vn 0.152477 0.037671 0.987589
vn 0.164165 -0.000352 0.986433
vn 0.087351 -0.019564 0.995985
vn -0.058237 -0.027679 0.997919
vn -0.203067 -0.022059 0.978916
vn -0.277673 0.011419 0.960608
vn -0.262139 0.075555 0.962068
vn -0.176840 0.141634 0.973996
vn -0.065415 0.161474 0.984707
vn 0.025069 0.112320 0.993356
vn 0.059040 0.020492 0.998045
vn 0.031634 -0.060150 0.997688
vn -0.019255 -0.093690 0.995415
vn -0.041820 -0.082740 0.995693
vn -0.010466 -0.046262 0.998875
vn 0.060102 0.008132 0.998159
vn 0.119886 0.081713 0.989419
vn 0.109547 0.164883 0.980211
vn 0.011600 0.232602 0.972503
vn -0.107524 0.260612 0.959437
vn -0.139990 0.249558 0.958188
vn -0.033900 0.210128 0.977086
vn 0.159604 0.143456 0.976702
vn 0.312093 0.064902 0.947832
vn 0.351054 0.002038 0.936353
vn 0.276423 -0.020924 0.960808
vn 0.120184 0.011741 0.992682
vn -0.043058 0.080189 0.995849
vn -0.146264 0.131606 0.980452
vn -0.195425 0.129255 0.972164
vn -0.227816 0.071629 0.971066
vn -0.249375 -0.012826 0.968322
vn -0.233398 -0.085350 0.968628
vn -0.162382 -0.121648 0.979201
vn -0.047193 -0.116721 0.992043
vn 0.080629 -0.080360 0.993499
vn 0.177204 -0.031632 0.983666
vn 0.198519 0.011100 0.980034
vn 0.128456 0.034971 0.991098
vn 0.004790 0.027076 0.999622
vn -0.097783 -0.020598 0.994995
vn -0.136609 -0.094561 0.986102
vn -0.120417 -0.155390 0.980486
vn -0.079117 -0.160744 0.983820
vn -0.045236 -0.103248 0.993626
vn -0.050494 -0.026125 0.998383
vn -0.106442 0.013858 0.994222
vn -0.176094 0.005819 0.984356
vn -0.186492 -0.014133 0.982355
vn -0.083964 -0.017455 0.996316
vn 0.108723 -0.018821 0.993894
vn 0.272986 -0.051491 0.960639
vn 0.314136 -0.117674 0.942057
vn 0.223118 -0.191399 0.955816
vn 0.056203 -0.244695 0.967970
vn -0.078478 -0.270523 0.959510
vn -0.111595 -0.276320 0.954565
vn -0.048905 -0.255487 0.965575
vn 0.062197 -0.202724 0.977259
vn 0.157528 -0.143532 0.977028
vn 0.193799 -0.112849 0.974529
vn 0.170390 -0.114753 0.978672
vn 0.115109 -0.127292 0.985163
vn 0.058071 -0.132538 0.989475
vn 0.012023 -0.125562 0.992013
vn -0.023198 -0.100902 0.994626
vn -0.044181 -0.051481 0.997696
vn -0.040702 0.015782 0.999047
vn -0.010989 0.077862 0.996904
vn 0.028187 0.115063 0.992958
vn 0.057882 0.123037 0.990713
vn 0.074914 0.103264 0.991829
vn 0.079778 0.053709 0.995365
vn 0.059389 -0.025095 0.997919
vn 0.005414 -0.118895 0.992892
vn -0.056223 -0.201247 0.977926
vn -0.081828 -0.253965 0.963746
vn -0.080647 -0.277201 0.957421
vn -0.069091 0.258680 0.963489
vn -0.055909 0.197833 0.978640
vn 0.004994 0.101628 0.994810
vn 0.093075 0.011941 0.995587
vn 0.128891 -0.043040 0.990724
vn 0.070367 -0.069779 0.995078
vn -0.056884 -0.080674 0.995116
vn -0.170775 -0.065186 0.983151
vn -0.208036 -0.002389 0.978118
vn -0.173174 0.103003 0.979490
vn -0.116214 0.199701 0.972941
vn -0.076170 0.231267 0.969904
vn -0.051224 0.187543 0.980920
vn -0.031475 0.107695 0.993686
vn -0.020808 0.052669 0.998395
vn -0.019108 0.051922 0.998468
vn -0.007698 0.085708 0.996291
vn 0.037774 0.121844 0.991830
vn 0.117912 0.152354 0.981267
vn 0.187041 0.189772 0.963848
vn 0.177755 0.242428 0.953746
vn 0.064023 0.299885 0.951825
vn -0.085773 0.337677 0.937346
vn -0.150859 0.348425 0.925117
vn -0.079089 0.337822 0.937881
vn 0.083824 0.295559 0.951640
vn 0.228753 0.216999 0.948991
vn 0.284196 0.119785 0.951254
vn 0.244307 0.031052 0.969201
vn 0.132456 -0.021484 0.990956
vn -0.007539 -0.030590 0.999504
vn -0.127570 -0.018080 0.991665
vn -0.211462 -0.008455 0.977350
vn -0.268756 -0.008100 0.963174
vn -0.295549 -0.013208 0.955236
vn -0.269534 -0.021013 0.962761
vn -0.177970 -0.029056 0.983607
vn -0.037627 -0.031883 0.998783
vn 0.108818 -0.025066 0.993746
vn 0.211204 -0.010023 0.977391
vn 0.227595 0.008775 0.973716
vn 0.140616 0.024574 0.989759
vn -0.015096 0.022271 0.999638
vn -0.149923 -0.012217 0.988622
vn -0.195621 -0.068521 0.978283
vn -0.146348 -0.109986 0.983100
vn -0.045655 -0.096945 0.994242
vn 0.027010 -0.027152 0.999266
vn 0.007381 0.050980 0.998672
vn -0.093772 0.086241 0.991851
vn -0.190756 0.075857 0.978702
vn -0.196589 0.058195 0.978757
vn -0.086795 0.055948 0.994654
vn 0.084436 0.048146 0.995265
vn 0.214045 0.004183 0.976815
vn 0.240281 -0.069948 0.968180
vn 0.161479 -0.138778 0.977070
vn 0.025253 -0.170616 0.985014
vn -0.078660 -0.162237 0.983612
vn -0.081938 -0.127294 0.988475
vn 0.011286 -0.071596 0.997370
vn 0.128994 -0.010100 0.991594
vn 0.193366 0.021805 0.980884
vn 0.186318 0.001435 0.982488
vn 0.136705 -0.058176 0.988902
vn 0.082181 -0.120255 0.989336
vn 0.042189 -0.159574 0.986284
vn 0.019794 -0.171876 0.984920
vn 0.014349 -0.154888 0.987828
vn 0.022692 -0.103285 0.994393
vn 0.039340 -0.023350 0.998953
vn 0.058715 0.061056 0.996406
vn 0.072895 0.126304 0.989310
vn 0.072882 0.164309 0.983713
vn 0.054799 0.173332 0.983338
vn 0.017645 0.144654 0.989325
vn -0.040176 0.068670 0.996830
vn -0.106335 -0.043414 0.993382
vn -0.146917 -0.153705 0.977134
vn -0.134638 -0.229931 0.963849
vn -0.113284 -0.265023 0.957564
vn -0.146307 0.311587 0.938886
vn -0.154530 0.234028 0.959871
vn -0.108878 0.113296 0.987578
vn 0.008791 0.002363 0.999959
vn 0.083825 -0.065672 0.994314
vn 0.049757 -0.101146 0.993627
vn -0.054076 -0.118022 0.991538
vn -0.127081 -0.102764 0.986555
vn -0.116717 -0.035946 0.992515
vn -0.064486 0.069339 0.995507
vn -0.047621 0.157239 0.986412
vn -0.078870 0.183695 0.979814
vn -0.102965 0.156891 0.982234
vn -0.078414 0.124931 0.989062
vn -0.024446 0.132404 0.990894
vn 0.013704 0.178785 0.983793
vn 0.028097 0.224513 0.974066
vn 0.056961 0.238651 0.969433
vn 0.129628 0.225691 0.965536
vn 0.210024 0.212776 0.954262
vn 0.218360 0.224576 0.949676
vn 0.113002 0.264587 0.957718
vn -0.047931 0.311453 0.949052
vn -0.135734 0.345037 0.928723
vn -0.093499 0.360475 0.928071
vn 0.029923 0.343507 0.938673
vn 0.137402 0.279996 0.950117
vn 0.172906 0.172076 0.969790
vn 0.138630 0.039762 0.989546
vn 0.058148 -0.078259 0.995236
vn -0.039299 -0.151593 0.987662
vn -0.124258 -0.175135 0.976672
vn -0.185540 -0.154558 0.970405
vn -0.232056 -0.097655 0.967788
vn -0.261443 -0.024102 0.964918
vn -0.248442 0.036946 0.967942
vn -0.172874 0.067249 0.982645
vn -0.043120 0.066140 0.996878
vn 0.102183 0.044237 0.993781
vn 0.209587 0.017283 0.977637
vn 0.231206 -0.001170 0.972904
vn 0.141435 -0.008629 0.989910
vn -0.032373 -0.017300 0.999326
vn -0.187074 -0.040307 0.981519
vn -0.231021 -0.069573 0.970458
vn -0.148162 -0.077561 0.985917
vn 0.004284 -0.038724 0.999241
vn 0.102416 0.036994 0.994053
vn 0.063043 0.108654 0.992079
vn -0.079518 0.142722 0.986563
vn -0.200140 0.139767 0.969747
vn -0.204808 0.129583 0.970187
vn -0.094176 0.125540 0.987609
vn 0.056970 0.111914 0.992084
vn 0.160952 0.074805 0.984123
vn 0.183881 0.026894 0.982581
vn 0.131320 -0.002016 0.991338
vn 0.035134 0.008708 0.999345
vn -0.037278 0.052992 0.997899
vn -0.023604 0.108977 0.993764
vn 0.066960 0.155811 0.985515
vn 0.153380 0.173259 0.972860
vn 0.168533 0.145751 0.974861
vn 0.116711 0.069829 0.990708
vn 0.050999 -0.031840 0.998191
vn 0.013777 -0.120162 0.992659
vn 0.005645 -0.174060 0.984719
vn 0.016794 -0.192160 0.981220
vn 0.046531 -0.175330 0.983410
vn 0.088101 -0.123986 0.988365
vn 0.123312 -0.047688 0.991222
vn 0.138597 0.031941 0.989834
vn 0.132374 0.092911 0.986836
vn 0.105575 0.125614 0.986446
vn 0.054169 0.130224 0.990004
vn -0.027073 0.104508 0.994155
vn -0.129184 0.044158 0.990637
vn -0.215374 -0.040385 0.975696
vn -0.242836 -0.122347 0.962321
vn -0.196935 -0.180723 0.963616
vn -0.155155 -0.208042 0.965736
vn -0.230517 0.285742 0.930168
vn -0.258173 0.217543 0.941287
vn -0.228626 0.112473 0.966995
vn -0.086948 0.007782 0.996182
vn 0.025862 -0.072574 0.997028
vn 0.017584 -0.128184 0.991595
vn -0.058660 -0.160137 0.985350
vn -0.089441 -0.153691 0.984063
vn -0.038642 -0.101998 0.994034
vn 0.018811 -0.028924 0.999405
vn -0.001618 0.021898 0.999759
vn -0.077925 0.034354 0.996367
vn -0.112595 0.035182 0.993018
vn -0.057562 0.065673 0.996179
vn 0.034219 0.139107 0.989686
vn 0.075555 0.222517 0.971997
vn 0.054531 0.269635 0.961417
vn 0.039878 0.260725 0.964589
vn 0.094312 0.212121 0.972682
vn 0.190598 0.159897 0.968558
vn 0.230829 0.138297 0.963116
vn 0.154958 0.160353 0.974820
vn 0.003658 0.211979 0.977267
vn -0.098674 0.263543 0.959588
vn -0.085562 0.294537 0.951802
vn -0.005395 0.288167 0.957565
vn 0.051032 0.231970 0.971383
vn 0.043846 0.126590 0.990986
vn -0.003999 -0.008235 0.999958
vn -0.059362 -0.133241 0.989304
vn -0.105056 -0.216131 0.970696
vn -0.129154 -0.245445 0.960769
vn -0.133313 -0.219838 0.966384
vn -0.141742 -0.144537 0.979295
vn -0.167747 -0.043417 0.984874
vn -0.183205 0.043828 0.982097
vn -0.150406 0.089139 0.984597
vn -0.061252 0.085915 0.994418
vn 0.060669 0.041858 0.997280
vn 0.167918 -0.020594 0.985586
vn 0.202474 -0.073636 0.976515
vn 0.124284 -0.104947 0.986681
vn -0.047064 -0.118265 0.991866
vn -0.200337 -0.119759 0.972380
vn -0.229781 -0.108009 0.967230
vn -0.114863 -0.071251 0.990823
vn 0.069792 -0.006753 0.997539
vn 0.172335 0.062503 0.983053
vn 0.113310 0.116880 0.986661
vn -0.059173 0.147729 0.987256
vn -0.199287 0.156438 0.967374
vn -0.210224 0.157333 0.964911
vn -0.106118 0.153765 0.982393
vn 0.033387 0.139344 0.989681
vn 0.131576 0.118619 0.984184
vn 0.166733 0.108450 0.980020
vn 0.143925 0.124869 0.981679
vn 0.079350 0.169307 0.982364
vn 0.020444 0.223094 0.974583
vn 0.021333 0.260819 0.965152
vn 0.076661 0.264593 0.961308
vn 0.117446 0.227502 0.966669
vn 0.088119 0.152973 0.984294
vn 0.008220 0.053762 0.998520
vn -0.053167 -0.044783 0.997581
vn -0.061216 -0.122271 0.990607
vn -0.031523 -0.170961 0.984773
vn 0.018245 -0.185272 0.982518
vn 0.083500 -0.161731 0.983296
vn 0.150352 -0.108062 0.982709
vn 0.193191 -0.043631 0.980191
vn 0.197223 0.010960 0.980297
vn 0.166268 0.039852 0.985275
vn 0.110723 0.035057 0.993233
vn 0.033491 0.001373 0.999438
vn -0.068891 -0.045874 0.996569
vn -0.182920 -0.088475 0.979139
vn -0.266830 -0.111989 0.957215
vn -0.282479 -0.112299 0.952677
vn -0.221230 -0.096664 0.970419
vn -0.170926 -0.080395 0.981998
vn -0.290585 0.159419 0.943475
vn -0.329157 0.128837 0.935445
vn -0.315494 0.076067 0.945874
vn -0.177447 0.004490 0.984120
vn -0.052533 -0.080520 0.995368
vn -0.039114 -0.159268 0.986460
vn -0.079410 -0.207596 0.974986
vn -0.067209 -0.210038 0.975380
vn 0.009491 -0.176013 0.984342
vn 0.059050 -0.139155 0.988509
vn 0.015022 -0.124936 0.992051
vn -0.066359 -0.117333 0.990873
vn -0.072947 -0.080508 0.994081
vn 0.025838 0.005166 0.999653
vn 0.136068 0.118130 0.983632
vn 0.148708 0.208213 0.966713
vn 0.068000 0.239686 0.968466
vn -0.003543 0.204636 0.978832
vn 0.028791 0.129171 0.991204
vn 0.143881 0.053303 0.988158
vn 0.223518 0.012311 0.974622
vn 0.187862 0.020204 0.981988
vn 0.059396 0.068822 0.995859
vn -0.053094 0.127608 0.990403
vn -0.073258 0.162476 0.983989
vn -0.038275 0.154714 0.987218
vn -0.028418 0.102380 0.994339
vn -0.068572 0.019325 0.997459
vn -0.121116 -0.071095 0.990089
vn -0.152480 -0.145948 0.977471
vn -0.155650 -0.190202 0.969328
vn -0.128343 -0.197369 0.971892
vn -0.081852 -0.168348 0.982323
vn -0.055935 -0.112208 0.992109
vn -0.078402 -0.046484 0.995838
vn -0.121150 0.007698 0.992604
vn -0.132896 0.032303 0.990603
vn -0.091420 0.015993 0.995684
vn -0.004466 -0.042106 0.999103
vn 0.095820 -0.122661 0.987812
vn 0.147600 -0.193586 0.969917
vn 0.095764 -0.236765 0.966836
vn -0.047620 -0.246226 0.968042
vn -0.175631 -0.219925 0.959576
vn -0.181117 -0.164786 0.969558
vn -0.045157 -0.088138 0.995084
vn 0.138422 -0.012470 0.990295
vn 0.222390 0.036058 0.974291
vn 0.147658 0.063294 0.987011
vn -0.037188 0.084405 0.995737
vn -0.188473 0.102481 0.976717
vn -0.210013 0.114617 0.970957
vn -0.116006 0.117099 0.986322
vn 0.021288 0.112799 0.993390
vn 0.131338 0.116681 0.984447
vn 0.188337 0.142286 0.971743
vn 0.187148 0.189287 0.963922
vn 0.131542 0.242965 0.961075
vn 0.058021 0.279160 0.958490
vn 0.021689 0.277258 0.960551
vn 0.032148 0.230290 0.972591
vn 0.037385 0.148335 0.988230
vn -0.008610 0.058512 0.998250
vn -0.082216 -0.011960 0.996543
vn -0.124982 -0.057476 0.990493
vn -0.113593 -0.092690 0.989194
vn -0.058842 -0.124143 0.990518
vn 0.025986 -0.136602 0.990285
vn 0.124105 -0.115109 0.985570
vn 0.204175 -0.070019 0.976427
vn 0.238376 -0.027129 0.970794
vn 0.219492 -0.003948 0.975606
vn 0.156303 -0.008997 0.987668
vn 0.067719 -0.047401 0.996578
vn -0.026436 -0.111354 0.993429
vn -0.116361 -0.172553 0.978103
vn -0.193593 -0.195580 0.961390
vn -0.237860 -0.159416 0.958128
vn -0.228188 -0.068883 0.971177
vn -0.165888 0.040606 0.985308
vn -0.123399 0.113777 0.985813
vn -0.296046 -0.046538 0.954039
vn -0.340985 -0.022514 0.939799
vn -0.346671 -0.004799 0.937975
vn -0.241177 -0.024995 0.970159
vn -0.138164 -0.089652 0.986343
vn -0.111975 -0.166211 0.979712
vn -0.110148 -0.211396 0.971174
vn -0.055421 -0.210312 0.976062
vn 0.035057 -0.184643 0.982180
vn 0.070451 -0.171790 0.982611
vn 0.020410 -0.176541 0.984082
vn -0.032811 -0.160356 0.986514
vn 0.010153 -0.089533 0.995932
vn 0.141797 0.027481 0.989514
vn 0.235557 0.136130 0.962279
vn 0.197201 0.192085 0.961361
vn 0.049536 0.177361 0.982898
vn -0.075252 0.097688 0.992368
vn -0.058058 -0.009561 0.998267
vn 0.078410 -0.105983 0.991272
vn 0.199430 -0.160440 0.966689
vn 0.207731 -0.164657 0.964228
vn 0.110456 -0.124124 0.986100
vn -0.006806 -0.061755 0.998068
vn -0.061892 -0.019432 0.997894
vn -0.067622 -0.019786 0.997515
vn -0.084392 -0.051400 0.995106
vn -0.128942 -0.086455 0.987876
vn -0.169204 -0.106270 0.979835
vn -0.180317 -0.107091 0.977761
vn -0.159259 -0.089944 0.983131
vn -0.108739 -0.059411 0.992293
vn -0.047900 -0.027668 0.998469
vn -0.020034 -0.007090 0.999774
vn -0.049407 0.000254 0.998779
vn -0.106644 -0.002429 0.994294
vn -0.142943 -0.018674 0.989555
vn -0.134861 -0.059385 0.989083
vn -0.078485 -0.129780 0.988432
vn 0.012621 -0.215974 0.976318
vn 0.082586 -0.290506 0.953303
vn 0.066913 -0.335002 0.939839
vn -0.029863 -0.338560 0.940471
vn -0.115373 -0.294885 0.948542
vn -0.094219 -0.216048 0.971826
vn 0.041069 -0.127118 0.991037
vn 0.191518 -0.064019 0.979399
vn 0.244177 -0.041084 0.968860
vn 0.160389 -0.035691 0.986408
vn -0.019131 -0.022172 0.999571
vn -0.170208 0.000739 0.985408
vn -0.199911 0.019374 0.979622
vn -0.111756 0.031087 0.993249
vn 0.033479 0.047939 0.998289
vn 0.163718 0.084134 0.982913
vn 0.238333 0.139612 0.961096
vn 0.240346 0.199278 0.950011
vn 0.167845 0.242373 0.955554
vn 0.054971 0.246778 0.967512
vn -0.031701 0.199235 0.979439
vn -0.058355 0.107425 0.992499
vn -0.056578 0.004238 0.998389
vn -0.072241 -0.063687 0.995352
vn -0.107478 -0.074602 0.991405
vn -0.133614 -0.050223 0.989760
vn -0.127971 -0.032047 0.991260
vn -0.075974 -0.038343 0.996372
vn 0.027061 -0.050689 0.998348
vn 0.149296 -0.045889 0.987727
vn 0.234979 -0.027806 0.971603
vn 0.255911 -0.014804 0.966587
vn 0.214858 -0.015423 0.976524
vn 0.124207 -0.030635 0.991783
vn 0.008480 -0.063779 0.997928
vn -0.094305 -0.112911 0.989120
vn -0.156500 -0.156251 0.975240
vn -0.171938 -0.156546 0.972590
vn -0.144208 -0.083205 0.986043
vn -0.088417 0.058223 0.994381
vn -0.040693 0.207224 0.977447
vn -0.024501 0.295457 0.955042
vn -0.242797 -0.240405 0.939816
vn -0.289700 -0.180474 0.939949
vn -0.316105 -0.107666 0.942595
vn -0.256434 -0.074019 0.963723
vn -0.192182 -0.090199 0.977205
vn -0.162908 -0.123796 0.978844
vn -0.125122 -0.133151 0.983166
vn -0.038961 -0.109700 0.993201
vn 0.050040 -0.084268 0.995186
vn 0.067911 -0.087704 0.993829
vn 0.027270 -0.102197 0.994390
vn 0.022455 -0.076953 0.996782
vn 0.116141 0.011039 0.993171
vn 0.247278 0.120862 0.961377
vn 0.291098 0.188597 0.937920
vn 0.186017 0.186033 0.964774
vn -0.030977 0.101322 0.994371
vn -0.189987 -0.036349 0.981113
vn -0.170857 -0.178061 0.969073
vn -0.010304 -0.294968 0.955452
vn 0.152387 -0.358955 0.920831
vn 0.209465 -0.369785 0.905198
vn 0.156472 -0.336950 0.928430
vn 0.050737 -0.271580 0.961078
vn -0.031674 -0.209632 0.977267
vn -0.069611 -0.180350 0.981136
vn -0.094409 -0.170883 0.980758
vn -0.123163 -0.150032 0.980980
vn -0.142088 -0.103671 0.984410
vn -0.137598 -0.038492 0.989740
vn -0.110189 0.031842 0.993400
vn -0.067834 0.091356 0.993505
vn -0.030294 0.124161 0.991800
vn -0.028179 0.125683 0.991670
vn -0.073467 0.105319 0.991721
vn -0.139424 0.072374 0.987584
vn -0.188266 0.024643 0.981809
vn -0.199908 -0.045331 0.978766
vn -0.161895 -0.136067 0.977382
vn -0.074119 -0.232788 0.969699
vn 0.016091 -0.313042 0.949603
vn 0.040824 -0.359692 0.932178
vn -0.003382 -0.362081 0.932141
vn -0.042968 -0.316972 0.947461
vn -0.004063 -0.243639 0.969858
vn 0.109121 -0.177362 0.978077
vn 0.217807 -0.144222 0.965277
vn 0.246945 -0.137473 0.959229
vn 0.165977 -0.131288 0.977351
vn -0.000412 -0.110387 0.993889
vn -0.148784 -0.084257 0.985274
vn -0.182209 -0.067327 0.980952
vn -0.088898 -0.051448 0.994711
vn 0.075503 -0.015293 0.997028
vn 0.224503 0.047160 0.973332
vn 0.300914 0.117999 0.946323
vn 0.285167 0.173805 0.942588
vn 0.175747 0.195908 0.964745
vn 0.010157 0.168463 0.985656
vn -0.122793 0.090622 0.988286
vn -0.163854 -0.015189 0.986368
vn -0.132397 -0.109176 0.985166
vn -0.086823 -0.147162 0.985294
vn -0.068636 -0.114852 0.991009
vn -0.082900 -0.042539 0.995650
vn -0.102020 0.018941 0.994602
vn -0.077538 0.044238 0.996007
vn 0.018244 0.043571 0.998884
vn 0.146397 0.033535 0.988657
vn 0.233557 0.019308 0.972151
vn 0.250156 0.002193 0.968203
vn 0.204950 -0.010828 0.978713
vn 0.109466 -0.013035 0.993905
vn -0.015310 -0.008726 0.999845
vn -0.121996 -0.007941 0.992499
vn -0.163537 -0.005955 0.986519
vn -0.124521 0.023202 0.991946
vn -0.028583 0.102419 0.994331
vn 0.059867 0.215885 0.974582
vn 0.077912 0.317852 0.944934
vn 0.064330 0.374474 0.925003
vn -0.169754 -0.328688 0.929058
vn -0.208151 -0.267545 0.940794
vn -0.242435 -0.181801 0.952981
vn -0.219553 -0.116833 0.968580
vn -0.185780 -0.082570 0.979116
vn -0.155263 -0.055954 0.986287
vn -0.096930 -0.013212 0.995203
vn -0.006021 0.037584 0.999275
vn 0.057686 0.062354 0.996386
vn 0.053461 0.047868 0.997422
vn 0.031759 0.027503 0.999117
vn 0.080266 0.050606 0.995488
vn 0.206854 0.122872 0.970626
vn 0.310220 0.193080 0.930851
vn 0.290844 0.214137 0.932499
vn 0.104022 0.158454 0.981872
vn -0.176625 0.017769 0.984118
vn -0.336261 -0.146784 0.930259
vn -0.299118 -0.296811 0.906880
vn -0.114277 -0.420615 0.900013
vn 0.092512 -0.486861 0.868566
vn 0.204525 -0.495829 0.843993
vn 0.204874 -0.465502 0.861008
vn 0.128305 -0.403072 0.906130
vn 0.034679 -0.328266 0.943949
vn -0.026498 -0.268481 0.962920
vn -0.052532 -0.220116 0.974058
vn -0.060709 -0.158341 0.985516
vn -0.058379 -0.072729 0.995642
vn -0.046985 0.024600 0.998593
vn -0.030932 0.113463 0.993061
vn -0.016186 0.177688 0.983954
vn -0.012890 0.211040 0.977392
vn -0.038046 0.219664 0.974833
vn -0.100033 0.212943 0.971930
vn -0.181768 0.188874 0.965032
vn -0.252944 0.135518 0.957943
vn -0.287592 0.048608 0.956519
vn -0.263033 -0.059379 0.962958
vn -0.172280 -0.168555 0.970520
vn -0.057064 -0.258122 0.964426
vn 0.011799 -0.310274 0.950574
vn 0.018552 -0.316414 0.948440
vn 0.014964 -0.281652 0.959400
vn 0.054616 -0.233820 0.970745
vn 0.138765 -0.205594 0.968749
vn 0.222832 -0.200408 0.954035
vn 0.253114 -0.194780 0.947625
vn 0.188424 -0.171330 0.967027
vn 0.029393 -0.134570 0.990468
vn -0.128479 -0.105849 0.986047
vn -0.167088 -0.095784 0.981278
vn -0.058905 -0.084618 0.994671
vn 0.132397 -0.044950 0.990177
vn 0.293062 0.021086 0.955861
vn 0.357094 0.085727 0.930126
vn 0.312039 0.126068 0.941668
vn 0.158759 0.128381 0.978935
vn -0.054271 0.086359 0.994785
vn -0.213617 0.011750 0.976847
vn -0.252119 -0.074567 0.964819
vn -0.185209 -0.147475 0.971570
vn -0.076268 -0.171686 0.982195
vn -0.001762 -0.131155 0.991360
vn -0.000058 -0.049584 0.998770
vn -0.041901 0.031436 0.998627
vn -0.051417 0.085595 0.995002
vn 0.016510 0.108491 0.993960
vn 0.125731 0.100533 0.986957
vn 0.205214 0.068544 0.976314
vn 0.227577 0.031741 0.973243
vn 0.200472 0.012651 0.979618
vn 0.126511 0.023866 0.991678
vn 0.013585 0.060374 0.998083
vn -0.091751 0.104460 0.990288
vn -0.126646 0.146079 0.981133
vn -0.066334 0.191782 0.979193
vn 0.050238 0.244108 0.968446
vn 0.136795 0.290739 0.946973
vn 0.132808 0.322141 0.937330
vn 0.104166 0.335684 0.936197
vn -0.113662 -0.288011 0.950858
vn -0.139312 -0.244858 0.959498
vn -0.166332 -0.181000 0.969316
vn -0.156483 -0.121500 0.980179
vn -0.131298 -0.069857 0.988879
vn -0.094933 -0.014164 0.995383
vn -0.032862 0.049828 0.998217
vn 0.036406 0.103618 0.993951
vn 0.060095 0.122652 0.990629
vn 0.033070 0.107155 0.993692
vn 0.030134 0.088819 0.995592
vn 0.120072 0.101996 0.987512
vn 0.261140 0.142584 0.954712
vn 0.333735 0.174513 0.926373
vn 0.251931 0.167606 0.953121
vn -0.018687 0.093707 0.995424
vn -0.330385 -0.037681 0.943094
vn -0.467822 -0.166670 0.867965
vn -0.418623 -0.287044 0.861604
vn -0.217394 -0.398924 0.890842
vn 0.040132 -0.464031 0.884909
vn 0.215233 -0.469101 0.856516
vn 0.267226 -0.437232 0.858731
vn 0.220548 -0.381438 0.897699
vn 0.125807 -0.312088 0.941686
vn 0.049202 -0.246171 0.967977
vn 0.021504 -0.185693 0.982373
vn 0.027181 -0.117076 0.992751
vn 0.040904 -0.035767 0.998523
vn 0.048169 0.047372 0.997715
vn 0.044672 0.117770 0.992036
vn 0.032901 0.166879 0.985428
vn 0.013927 0.196373 0.980430
vn -0.024642 0.215717 0.976145
vn -0.100408 0.228818 0.968277
vn -0.208356 0.223137 0.952259
vn -0.313722 0.182142 0.931881
vn -0.375108 0.106934 0.920793
vn -0.363416 0.014519 0.931514
vn -0.270943 -0.078630 0.959378
vn -0.132869 -0.157703 0.978507
vn -0.021697 -0.205887 0.978335
vn 0.028510 -0.215411 0.976107
vn 0.046424 -0.196334 0.979437
vn 0.075726 -0.175958 0.981481
vn 0.138776 -0.174917 0.974754
vn 0.222511 -0.182160 0.957761
vn 0.274643 -0.172414 0.945962
vn 0.230624 -0.139957 0.962925
vn 0.068896 -0.100120 0.992587
vn -0.111725 -0.075405 0.990874
vn -0.160910 -0.072085 0.984333
vn -0.037041 -0.068965 0.996931
vn 0.179720 -0.041670 0.982835
vn 0.345533 0.004802 0.938394
vn 0.394441 0.046761 0.917731
vn 0.322432 0.068255 0.944129
vn 0.133636 0.061359 0.989129
vn -0.108130 0.027618 0.993753
vn -0.277002 -0.020096 0.960659
vn -0.312487 -0.073042 0.947110
vn -0.224224 -0.121876 0.966887
vn -0.067772 -0.141864 0.987563
vn 0.055433 -0.115563 0.991752
vn 0.080129 -0.056021 0.995209
vn 0.033075 0.012834 0.999370
vn -0.000177 0.071896 0.997412
vn 0.033884 0.107510 0.993626
vn 0.107838 0.109335 0.988138
vn 0.168004 0.080735 0.982475
vn 0.196944 0.043822 0.979435
vn 0.196869 0.024362 0.980127
vn 0.155690 0.035432 0.987170
vn 0.065782 0.073668 0.995111
vn -0.034233 0.123722 0.991726
vn -0.074077 0.171060 0.982472
vn -0.021853 0.210467 0.977357
vn 0.079831 0.235354 0.968626
vn 0.146910 0.238714 0.959913
vn 0.129402 0.224993 0.965729
vn 0.096646 0.208854 0.973160
vn -0.084582 -0.233228 0.968737
vn -0.102332 -0.203067 0.973803
vn -0.120714 -0.157349 0.980137
vn -0.109248 -0.110301 0.987876
vn -0.079607 -0.062103 0.994890
vn -0.036836 -0.006132 0.999303
vn 0.021046 0.054508 0.998291
vn 0.067367 0.101114 0.992591
vn 0.060951 0.116075 0.991368
vn 0.018895 0.102937 0.994508
vn 0.027121 0.088147 0.995738
vn 0.138746 0.096048 0.985659
vn 0.283686 0.120693 0.951291
vn 0.335340 0.136847 0.932105
vn 0.211082 0.122087 0.969814
vn -0.109051 0.053080 0.992618
vn -0.421570 -0.050963 0.905362
vn -0.541810 -0.146620 0.827614
vn -0.490455 -0.240906 0.837507
vn -0.285397 -0.337823 0.896897
vn 0.006079 -0.399653 0.916647
vn 0.228312 -0.402545 0.886471
vn 0.315234 -0.370063 0.873888
vn 0.288174 -0.320369 0.902397
vn 0.195974 -0.261020 0.945231
vn 0.111770 -0.201951 0.972997
vn 0.081294 -0.145980 0.985942
vn 0.090886 -0.085752 0.992162
vn 0.106153 -0.019498 0.994159
vn 0.106761 0.044892 0.993271
vn 0.089913 0.097920 0.991124
vn 0.064394 0.135033 0.988746
vn 0.037930 0.160066 0.986377
vn -0.002955 0.181977 0.983298
vn -0.087396 0.201697 0.975541
vn -0.218743 0.203546 0.954317
vn -0.351781 0.171113 0.920310
vn -0.430523 0.109405 0.895925
vn -0.426008 0.035810 0.904010
vn -0.333693 -0.037772 0.941925
vn -0.183479 -0.101773 0.977741
vn -0.046573 -0.142218 0.988739
vn 0.029194 -0.152085 0.987936
vn 0.056338 -0.141483 0.988336
vn 0.076355 -0.133137 0.988152
vn 0.129885 -0.140287 0.981555
vn 0.222328 -0.149170 0.963493
vn 0.294945 -0.138103 0.945482
vn 0.264744 -0.106937 0.958371
vn 0.098185 -0.072045 0.992557
vn -0.101986 -0.052215 0.993415
vn -0.161001 -0.051646 0.985602
vn -0.028335 -0.052232 0.998233
vn 0.203528 -0.034111 0.978475
vn 0.371346 -0.001887 0.928493
vn 0.411056 0.026055 0.911238
vn 0.323741 0.038344 0.945369
vn 0.116812 0.030244 0.992693
vn -0.136224 0.005642 0.990662
vn -0.307774 -0.025612 0.951115
vn -0.343435 -0.060730 0.937211
vn -0.247896 -0.096341 0.963984
vn -0.067522 -0.114288 0.991150
vn 0.084860 -0.098103 0.991552
vn 0.128044 -0.055383 0.990221
vn 0.086093 -0.001346 0.996286
vn 0.043585 0.050593 0.997768
vn 0.054887 0.085920 0.994789
vn 0.100423 0.091988 0.990683
vn 0.142459 0.069942 0.987327
vn 0.173696 0.038798 0.984035
vn 0.192101 0.021301 0.981144
vn 0.173976 0.028832 0.984328
vn 0.101760 0.059361 0.993036
vn 0.007392 0.101499 0.994808
vn -0.038074 0.142113 0.989118
vn 0.001105 0.173183 0.984889
vn 0.083415 0.186613 0.978886
vn 0.131153 0.176980 0.975437
vn 0.105778 0.150832 0.982884
vn 0.073729 0.127287 0.989122

f 1//1 2//2 83//83
f 1//1 83//83 82//82
f 2//2 3//3 84//84
f 2//2 84//84 83//83
f 3//3 4//4 85//85
f 3//3 85//85 84//84
f 4//4 5//5 86//86
f 4//4 86//86 85//85
f 5//5 6//6 87//87
f 5//5 87//87 86//86
f 6//6 7//7 88//88
f 6//6 88//88 87//87
f 7//7 8//8 89//89
f 7//7 89//89 88//88
f 8//8 9//9 90//90
f 8//8 90//90 89//89
f 9//9 10//10 91//91
f 9//9 91//91 90//90
f 10//10 11//11 92//92
f 10//10 92//92 91//91
f 11//11 12//12 93//93
f 11//11 93//93 92//92
f 12//12 13//13 94//94
f 12//12 94//94 93//93
f 13//13 14//14 95//95
f 13//13 95//95 94//94
f 14//14 15//15 96//96
f 14//14 96//96 95//95
f 15//15 16//16 97//97
f 15//15 97//97 96//96
f 16//16 17//17 98//98
f 16//16 98//98 97//97
f 17//17 18//18 99//99
f 17//17 99//99 98//98
f 18//18 19//19 100//100
f 18//18 100//100 99//99
f 19//19 20//20 101//101
f 19//19 101//101 100//100
f 20//20 21//21 102//102
f 20//20 102//102 101//101
f 21//21 22//22 103//103
f 21//21 103//103 102//102
f 22//22 23//23 104//104
f 22//22 104//104 103//103
f 23//23 24//24 105//105
f 23//23 105//105 104//104
f 24//24 25//25 106//106
f 24//24 106//106 105//105
f 25//25 26//26 107//107
f 25//25 107//107 106//106
f 26//26 27//27 108//108
f 26//26 108//108 107//107
f 27//27 28//28 109//109
f 27//27 109//109 108//108
f 28//28 29//29 110//110
f 28//28 110//110 109//109
f 29//29 30//30 111//111
f 29//29 111//111 110//110
f 30//30 31//31 112//112
f 30//30 112//112 111//111
f 31//31 32//32 113//113
f 31//31 113//113 112//112
f 32//32 33//33 114//114
f 32//32 114//114 113//113
f 33//33 34//34 115//115
f 33//33 115//115 114//114
f 34//34 35//35 116//116
f 34//34 116//116 115//115
f 35//35 36//36 117//117
f 35//35 117//117 116//116
f 36//36 37//37 118//118
f 36//36 118//118 117//117
f 37//37 38//38 119//119
f 37//37 119//119 118//118
f 38//38 39//39 120//120
f 38//38 120//120 119//119
f 39//39 40//40 121//121
f 39//39 121//121 120//120
f 40//40 41//41 122//122
f 40//40 122//122 121//121
f 41//41 42//42 123//123
f 41//41 123//123 122//122
f 42//42 43//43 124//124
f 42//42 124//124 123//123
f 43//43 44//44 125//125
f 43//43 125//125 124//124
f 44//44 45//45 126//126
f 44//44 126//126 125//125
f 45//45 46//46 127//127
f 45//45 127//127 126//126
f 46//46 47//47 128//128
f 46//46 128//128 127//127
f 47//47 48//48 129//129
f 47//47 129//129 128//128
f 48//48 49//49 130//130
f 48//48 130//130 129//129
f 49//49 50//50 131//131
f 49//49 131//131 130//130
f 50//50 51//51 132//132
f 50//50 132//132 131//131
f 51//51 52//52 133//133
f 51//51 133//133 132//132
f 52//52 53//53 134//134
f 52//52 134//134 133//133
f 53//53 54//54 135//135
f 53//53 135//135 134//134
f 54//54 55//55 136//136
f 54//54 136//136 135//135
f 55//55 56//56 137//137
f 55//55 137//137 136//136
f 56//56 57//57 138//138
f 56//56 138//138 137//137
f 57//57 58//58 139//139
f 57//57 139//139 138//138
f 58//58 59//59 140//140
f 58//58 140//140 139//139
f 59//59 60//60 141//141
f 59//59 141//141 140//140
f 60//60 61//61 142//142
f 60//60 142//142 141//141
f 61//61 62//62 143//143
f 61//61 143//143 142//142
f 62//62 63//63 144//144
f 62//62 144//144 143//143
f 63//63 64//64 145//145
f 63//63 145//145 144//144
f 64//64 65//65 146//146
f 64//64 146//146 145//145
f 65//65 66//66 147//147
f 65//65 147//147 146//146
f 66//66 67//67 148//148
f 66//66 148//148 147//147
f 67//67 68//68 149//149
f 67//67 149//149 148//148
f 68//68 69//69 150//150
f 68//68 150//150 149//149
f 69//69 70//70 151//151
f 69//69 151//151 150//150
f 70//70 71//71 152//152
f 70//70 152//152 151//151
f 71//71 72//72 153//153
f 71//71 153//153 152//152
f 72//72 73//73 154//154
f 72//72 154//154 153//153
f 73//73 74//74 155//155
f 73//73 155//155 154//154
f 74//74 75//75 156//156
f 74//74 156//156 155//155
f 75//75 76//76 157//157
f 75//75 157//157 156//156
f 76//76 77//77 158//158
f 76//76 158//158 157//157
f 77//77 78//78 159//159
f 77//77 159//159 158//158
f 78//78 79//79 160//160
f 78//78 160//160 159//159
f 79//79 80//80 161//161
f 79//79 161//161 160//160
f 80//80 81//81 162//162
f 80//80 162//162 161//161
f 82//82 83//83 164//164
f 82//82 164//164 163//163
f 83//83 84//84 165//165
f 83//83 165//165 164//164
f 84//84 85//85 166//166
f 84//84 166//166 165//165
f 85//85 86//86 167//167
f 85//85 167//167 166//166
f 86//86 87//87 168//168
f 86//86 168//168 167//167
f 87//87 88//88 169//169
f 87//87 169//169 168//168
f 88//88 89//89 170//170
f 88//88 170//170 169//169
f 89//89 90//90 171//171
f 89//89 171//171 170//170
f 90//90 91//91 172//172
f 90//90 172//172 171//171
f 91//91 92//92 173//173
f 91//91 173//173 172//172
f 92//92 93//93 174//174
f 92//92 174//174 173//173
f 93//93 94//94 175//175
f 93//93 175//175 174//174
f 94//94 95//95 176//176
f 94//94 176//176 175//175
f 95//95 96//96 177//177
f 95//95 177//177 176//176
f 96//96 97//97 178//178
f 96//96 178//178 177//177
f 97//97 98//98 179//179
f 97//97 179//179 178//178
f 98//98 99//99 180//180
f 98//98 180//180 179//179
f 99//99 100//100 181//181
f 99//99 181//181 180//180
f 100//100 101//101 182//182
f 100//100 182//182 181//181
f 101//101 102//102 183//183
f 101//101 183//183 182//182
f 102//102 103//103 184//184
f 102//102 184//184 183//183
f 103//103 104//104 185//185
f 103//103 185//185 184//184
f 104//104 105//105 186//186
f 104//104 186//186 185//185
f 105//105 106//106 187//187
f 105//105 187//187 186//186
f 106//106 107//107 188//188
f 106//106 188//188 187//187
f 107//107 108//108 189//189
f 107//107 189//189 188//188
f 108//108 109//109 190//190
f 108//108 190//190 189//189
f 109//109 110//110 191//191
f 109//109 191//191 190//190
f 110//110 111//111 192//192
f 110//110 192//192 191//191
f 111//111 112//112 193//193
f 111//111 193//193 192//192
f 112//112 113//113 194//194
f 112//112 194//194 193//193
f 113//113 114//114 195//195
f 113//113 195//195 194//194
f 114//114 115//115 196//196
f 114//114 196//196 195//195
f 115//115 116//116 197//197
f 115//115 197//197 196//196
f 116//116 117//117 198//198
f 116//116 198//198 197//197
f 117//117 118//118 199//199
f 117//117 199//199 198//198
f 118//118 119//119 200//200
f 118//118 200//200 199//199
f 119//119 120//120 201//201
f 119//119 201//201 200//200
f 120//120 121//121 202//202
f 120//120 202//202 201//201
f 121//121 122//122 203//203
f 121//121 203//203 202//202
f 122//122 123//123 204//204
f 122//122 204//204 203//203
f 123//123 124//124 205//205
f 123//123 205//205 204//204
f 124//124 125//125 206//206
f 124//124 206//206 205//205
f 125//125 126//126 207//207
f 125//125 207//207 206//206
f 126//126 127//127 208//208
f 126//126 208//208 207//207
f 127//127 128//128 209//209
f 127//127 209//209 208//208
f 128//128 129//129 210//210
f 128//128 210//210 209//209
f 129//129 130//130 211//211
f 129//129 211//211 210//210
f 130//130 131//131 212//212
f 130//130 212//212 211//211
f 131//131 132//132 213//213
f 131//131 213//213 212//212
f 132//132 133//133 214//214
f 132//132 214//214 213//213
f 133//133 134//134 215//215
f 133//133 215//215 214//214
f 134//134 135//135 216//216
f 134//134 216//216 215//215
f 135//135 136//136 217//217
f 135//135 217//217 216//216
f 136//136 137//137 218//218
f 136//136 218//218 217//217
f 137//137 138//138 219//219
f 137//137 219//219 218//218
f 138//138 139//139 220//220
f 138//138 220//220 219//219
f 139//139 140//140 221//221
f 139//139 221//221 220//220
f 140//140 141//141 222//222
f 140//140 222//222 221//221
f 141//141 142//142 223//223
f 141//141 223//223 222//222
f 142//142 143//143 224//224
f 142//142 224//224 223//223
f 143//143 144//144 225//225
f 143//143 225//225 224//224
f 144//144 145//145 226//226
f 144//144 226//226 225//225
f 145//145 146//146 227//227
f 145//145 227//227 226//226
f 146//146 147//147 228//228
f 146//146 228//228 227//227
f 147//147 148//148 229//229
f 147//147 229//229 228//228
f 148//148 149//149 230//230
f 148//148 230//230 229//229
f 149//149 150//150 231//231
f 149//149 231//231 230//230
f 150//150 151//151 232//232
f 150//150 232//232 231//231
f 151//151 152//152 233//233
f 151//151 233//233 232//232
f 152//152 153//153 234//234
f 152//152 234//234 233//233
f 153//153 154//154 235//235
f 153//153 235//235 234//234
f 154//154 155//155 236//236
f 154//154 236//236 235//235
f 155//155 156//156 237//237
f 155//155 237//237 236//236
f 156//156 157//157 238//238
f 156//156 238//238 237//237
f 157//157 158//158 239//239
f 157//157 239//239 238//238
f 158//158 159//159 240//240
f 158//158 240//240 239//239
f 159//159 160//160 241//241
f 159//159 241//241 240//240
f 160//160 161//161 242//242
f 160//160 242//242 241//241
f 161//161 162//162 243//243
f 161//161 243//243 242//242
f 163//163 164//164 245//245
f 163//163 245//245 244//244
f 164//164 165//165 246//246
f 164//164 246//246 245//245
f 165//165 166//166 247//247
f 165//165 247//247 246//246
f 166//166 167//167 248//248
f 166//166 248//248 247//247
f 167//167 168//168 249//249
f 167//167 249//249 248//248
f 168//168 169//169 250//250
f 168//168 250//250 249//249
f 169//169 170//170 251//251
f 169//169 251//251 250//250
f 170//170 171//171 252//252
f 170//170 252//252 251//251
f 171//171 172//172 253//253
f 171//171 253//253 252//252
f 172//172 173//173 254//254
f 172//172 254//254 253//253
f 173//173 174//174 255//255
f 173//173 255//255 254//254
f 174//174 175//175 256//256
f 174//174 256//256 255//255
f 175//175 176//176 257//257
f 175//175 257//257 256//256
f 176//176 177//177 258//258
f 176//176 258//258 257//257
f 177//177 178//178 259//259
f 177//177 259//259 258//258
f 178//178 179//179 260//260
f 178//178 260//260 259//259
f 179//179 180//180 261//261
f 179//179 261//261 260//260
f 180//180 181//181 262//262
f 180//180 262//262 261//261
f 181//181 182//182 263//263
f 181//181 263//263 262//262
f 182//182 183//183 264//264
f 182//182 264//264 263//263
f 183//183 184//184 265//265
f 183//183 265//265 264//264
f 184//184 185//185 266//266
f 184//184 266//266 265//265
f 185//185 186//186 267//267
f 185//185 267//267 266//266
f 186//186 187//187 268//268
f 186//186 268//268 267//267
f 187//187 188//188 269//269
f 187//187 269//269 268//268
f 188//188 189//189 270//270
f 188//188 270//270 269//269
f 189//189 190//190 271//271
f 189//189 271//271 270//270
f 190//190 191//191 272//272
f 190//190 272//272 271//271
f 191//191 192//192 273//273
f 191//191 273//273 272//272
f 192//192 193//193 274//274
f 192//192 274//274 273//273
f 193//193 194//194 275//275
f 193//193 275//275 274//274
f 194//194 195//195 276//276
f 194//194 276//276 275//275
f 195//195 196//196 277//277
f 195//195 277//277 276//276
f 196//196 197//197 278//278
f 196//196 278//278 277//277
f 197//197 198//198 279//279
f 197//197 279//279 278//278
f 198//198 199//199 280//280
f 198//198 280//280 279//279
f 199//199 200//200 281//281
f 199//199 281//281 280//280
f 200//200 201//201 282//282
f 200//200 282//282 281//281
f 201//201 202//202 283//283
f 201//201 283//283 282//282
f 202//202 203//203 284//284
f 202//202 284//284 283//283
f 203//203 204//204 285//285
f 203//203 285//285 284//284
f 204//204 205//205 286//286
f 204//204 286//286 285//285
f 205//205 206//206 287//287
f 205//205 287//287 286//286
f 206//206 207//207 288//288
f 206//206 288//288 287//287
f 207//207 208//208 289//289
f 207//207 289//289 288//288
f 208//208 209//209 290//290
f 208//208 290//290 289//289
f 209//209 210//210 291//291
f 209//209 291//291 290//290
f 210//210 211//211 292//292
f 210//210 292//292 291//291
f 211//211 212//212 293//293
f 211//211 293//293 292//292
f 212//212 213//213 294//294
f 212//212 294//294 293//293
f 213//213 214//214 295//295
f 213//213 295//295 294//294
f 214//214 215//215 296//296
f 214//214 296//296 295//295
f 215//215 216//216 297//297
f 215//215 297//297 296//296
f 216//216 217//217 298//298
f 216//216 298//298 297//297
f 217//217 218//218 299//299
f 217//217 299//299 298//298
f 218//218 219//219 300//300
f 218//218 300//300 299//299
f 219//219 220//220 301//301
f 219//219 301//301 300//300
f 220//220 221//221 302//302
f 220//220 302//302 301//301
f 221//221 222//222 303//303
f 221//221 303//303 302//302
f 222//222 223//223 304//304
f 222//222 304//304 303//303
f 223//223 224//224 305//305
f 223//223 305//305 304//304
f 224//224 225//225 306//306
f 224//224 306//306 305//305
f 225//225 226//226 307//307
f 225//225 307//307 306//306
f 226//226 227//227 308//308
f 226//226 308//308 307//307
f 227//227 228//228 309//309
f 227//227 309//309 308//308
f 228//228 229//229 310//310
f 228//228 310//310 309//309
f 229//229 230//230 311//311
f 229//229 311//311 310//310
f 230//230 231//231 312//312
f 230//230 312//312 311//311
f 231//231 232//232 313//313
f 231//231 313//313 312//312
f 232//232 233//233 314//314
f 232//232 314//314 313//313
f 233//233 234//234 315//315
f 233//233 315//315 314//314
f 234//234 235//235 316//316
f 234//234 316//316 315//315
f 235//235 236//236 317//317
f 235//235 317//317 316//316
f 236//236 237//237 318//318
f 236//236 318//318 317//317
f 237//237 238//238 319//319
f 237//237 319//319 318//318
f 238//238 239//239 320//320
f 238//238 320//320 319//319
f 239//239 240//240 321//321
f 239//239 321//321 320//320
f 240//240 241//241 322//322
f 240//240 322//322 321//321
f 241//241 242//242 323//323
f 241//241 323//323 322//322
f 242//242 243//243 324//324
f 242//242 324//324 323//323
f 244//244 245//245 326//326
f 244//244 326//326 325//325
f 245//245 246//246 327//327
f 245//245 327//327 326//326
f 246//246 247//247 328//328
f 246//246 328//328 327//327
f 247//247 248//248 329//329
f 247//247 329//329 328//328
f 248//248 249//249 330//330
f 248//248 330//330 329//329
f 249//249 250//250 331//331
f 249//249 331//331 330//330
f 250//250 251//251 332//332
f 250//250 332//332 331//331
f 251//251 252//252 333//333
f 251//251 333//333 332//332
f 252//252 253//253 334//334
f 252//252 334//334 333//333
f 253//253 254//254 335//335
f 253//253 335//335 334//334
f 254//254 255//255 336//336
f 254//254 336//336 335//335
f 255//255 256//256 337//337
f 255//255 337//337 336//336
f 256//256 257//257 338//338
f 256//256 338//338 337//337
f 257//257 258//258 339//339
f 257//257 339//339 338//338
f 258//258 259//259 340//340
f 258//258 340//340 339//339
f 259//259 260//260 341//341
f 259//259 341//341 340//340
f 260//260 261//261 342//342
f 260//260 342//342 341//341
f 261//261 262//262 343//343
f 261//261 343//343 342//342
f 262//262 263//263 344//344
f 262//262 344//344 343//343
f 263//263 264//264 345//345
f 263//263 345//345 344//344
f 264//264 265//265 346//346
f 264//264 346//346 345//345
f 265//265 266//266 347//347
f 265//265 347//347 346//346
f 266//266 267//267 348//348
f 266//266 348//348 347//347
f 267//267 268//268 349//349
f 267//267 349//349 348//348
f 268//268 269//269 350//350
f 268//268 350//350 349//349
f 269//269 270//270 351//351
f 269//269 351//351 350//350
f 270//270 271//271 352//352
f 270//270 352//352 351//351
f 271//271 272//272 353//353
f 271//271 353//353 352//352
f 272//272 273//273 354//354
f 272//272 354//354 353//353
f 273//273 274//274 355//355
f 273//273 355//355 354//354
f 274//274 275//275 356//356
f 274//274 356//356 355//355
f 275//275 276//276 357//357
f 275//275 357//357 356//356
f 276//276 277//277 358//358
f 276//276 358//358 357//357
f 277//277 278//278 359//359
f 277//277 359//359 358//358
f 278//278 279//279 360//360
f 278//278 360//360 359//359
f 279//279 280//280 361//361
f 279//279 361//361 360//360
f 280//280 281//281 362//362
f 280//280 362//362 361//361
f 281//281 282//282 363//363
f 281//281 363//363 362//362
f 282//282 283//283 364//364
f 282//282 364//364 363//363
f 283//283 284//284 365//365
f 283//283 365//365 364//364
f 284//284 285//285 366//366
f 284//284 366//366 365//365
f 285//285 286//286 367//367
f 285//285 367//367 366//366
f 286//286 287//287 368//368
f 286//286 368//368 367//367
f 287//287 288//288 369//369
f 287//287 369//369 368//368
f 288//288 289//289 370//370
f 288//288 370//370 369//369
f 289//289 290//290 371//371
f 289//289 371//371 370//370
f 290//290 291//291 372//372
f 290//290 372//372 371//371
f 291//291 292//292 373//373
f 291//291 373//373 372//372
f 292//292 293//293 374//374
f 292//292 374//374 373//373
f 293//293 294//294 375//375
f 293//293 375//375 374//374
f 294//294 295//295 376//376
f 294//294 376//376 375//375
f 295//295 296//296 377//377
f 295//295 377//377 376//376
f 296//296 297//297 378//378
f 296//296 378//378 377//377
f 297//297 298//298 379//379
f 297//297 379//379 378//378
f 298//298 299//299 380//380
f 298//298 380//380 379//379
f 299//299 300//300 381//381
f 299//299 381//381 380//380
f 300//300 301//301 382//382
f 300//300 382//382 381//381
f 301//301 302//302 383//383
f 301//301 383//383 382//382
f 302//302 303//303 384//384
f 302//302 384//384 383//383
f 303//303 304//304 385//385
f 303//303 385//385 384//384
f 304//304 305//305 386//386
f 304//304 386//386 385//385
f 305//305 306//306 387//387
f 305//305 387//387 386//386
f 306//306 307//307 388//388
f 306//306 388//388 387//387
f 307//307 308//308 389//389
f 307//307 389//389 388//388
f 308//308 309//309 390//390
f 308//308 390//390 389//389
f 309//309 310//310 391//391
f 309//309 391//391 390//390
f 310//310 311//311 392//392
f 310//310 392//392 391//391
f 311//311 312//312 393//393
f 311//311 393//393 392//392
f 312//312 313//313 394//394
f 312//312 394//394 393//393
f 313//313 314//314 395//395
f 313//313 395//395 394//394
f 314//314 315//315 396//396
f 314//314 396//396 395//395
f 315//315 316//316 397//397
f 315//315 397//397 396//396
f 316//316 317//317 398//398
f 316//316 398//398 397//397
f 317//317 318//318 399//399
f 317//317 399//399 398//398
f 318//318 319//319 400//400
f 318//318 400//400 399//399
f 319//319 320//320 401//401
f 319//319 401//401 400//400
f 320//320 321//321 402//402
f 320//320 402//402 401//401
f 321//321 322//322 403//403
f 321//321 403//403 402//402
f 322//322 323//323 404//404
f 322//322 404//404 403//403
f 323//323 324//324 405//405
f 323//323 405//405 404//404
f 325//325 326//326 407//407
f 325//325 407//407 406//406
f 326//326 327//327 408//408
f 326//326 408//408 407//407
f 327//327 328//328 409//409
f 327//327 409//409 408//408
f 328//328 329//329 410//410
f 328//328 410//410 409//409
f 329//329 330//330 411//411
f 329//329 411//411 410//410
f 330//330 331//331 412//412
f 330//330 412//412 411//411
f 331//331 332//332 413//413
f 331//331 413//413 412//412
f 332//332 333//333 414//414
f 332//332 414//414 413//413
f 333//333 334//334 415//415
f 333//333 415//415 414//414
f 334//334 335//335 416//416
f 334//334 416//416 415//415
f 335//335 336//336 417//417
f 335//335 417//417 416//416
f 336//336 337//337 418//418
f 336//336 418//418 417//417
f 337//337 338//338 419//419
f 337//337 419//419 418//418
f 338//338 339//339 420//420
f 338//338 420//420 419//419
f 339//339 340//340 421//421
f 339//339 421//421 420//420
f 340//340 341//341 422//422
f 340//340 422//422 421//421
f 341//341 342//342 423//423
f 341//341 423//423 422//422
f 342//342 343//343 424//424
f 342//342 424//424 423//423
f 343//343 344//344 425//425
f 343//343 425//425 424//424
f 344//344 345//345 426//426
f 344//344 426//426 425//425
f 345//345 346//346 427//427
f 345//345 427//427 426//426
f 346//346 347//347 428//428
f 346//346 428//428 427//427
f 347//347 348//348 429//429
f 347//347 429//429 428//428
f 348//348 349//349 430//430
f 348//348 430//430 429//429
f 349//349 350//350 431//431
f 349//349 431//431 430//430
f 350//350 351//351 432//432
f 350//350 432//432 431//431
f 351//351 352//352 433//433
f 351//351 433//433 432//432
f 352//352 353//353 434//434
f 352//352 434//434 433//433
f 353//353 354//354 435//435
f 353//353 435//435 434//434
f 354//354 355//355 436//436
f 354//354 436//436 435//435
f 355//355 356//356 437//437
f 355//355 437//437 436//436
f 356//356 357//357 438//438
f 356//356 438//438 437//437
f 357//357 358//358 439//439
f 357//357 439//439 438//438
f 358//358 359//359 440//440
f 358//358 440//440 439//439
f 359//359 360//360 441//441
f 359//359 441//441 440//440
f 360//360 361//361 442//442
f 360//360 442//442 441//441
f 361//361 362//362 443//443
f 361//361 443//443 442//442
f 362//362 363//363 444//444
f 362//362 444//444 443//443
f 363//363 364//364 445//445
f 363//363 445//445 444//444
f 364//364 365//365 446//446
f 364//364 446//446 445//445
f 365//365 366//366 447//447
f 365//365 447//447 446//446
f 366//366 367//367 448//448
f 366//366 448//448 447//447
f 367//367 368//368 449//449
f 367//367 449//449 448//448
f 368//368 369//369 450//450
f 368//368 450//450 449//449
f 369//369 370//370 451//451
f 369//369 451//451 450//450
f 370//370 371//371 452//452
f 370//370 452//452 451//451
f 371//371 372//372 453//453
f 371//371 453//453 452//452
f 372//372 373//373 454//454
f 372//372 454//454 453//453
f 373//373 374//374 455//455
f 373//373 455//455 454//454
f 374//374 375//375 456//456
f 374//374 456//456 455//455
f 375//375 376//376 457//457
f 375//375 457//457 456//456
f 376//376 377//377 458//458
f 376//376 458//458 457//457
f 377//377 378//378 459//459
f 377//377 459//459 458//458
f 378//378 379//379 460//460
f 378//378 460//460 459//459
f 379//379 380//380 461//461
f 379//379 461//461 460//460
f 380//380 381//381 462//462
f 380//380 462//462 461//461
f 381//381 382//382 463//463
f 381//381 463//463 462//462
f 382//382 383//383 464//464
f 382//382 464//464 463//463
f 383//383 384//384 465//465
f 383//383 465//465 464//464
f 384//384 385//385 466//466
f 384//384 466//466 465//465
f 385//385 386//386 467//467
f 385//385 467//467 466//466
f 386//386 387//387 468//468
f 386//386 468//468 467//467
f 387//387 388//388 469//469
f 387//387 469//469 468//468
f 388//388 389//389 470//470
f 388//388 470//470 469//469
f 389//389 390//390 471//471
f 389//389 471//471 470//470
f 390//390 391//391 472//472
f 390//390 472//472 471//471
f 391//391 392//392 473//473
f 391//391 473//473 472//472
f 392//392 393//393 474//474
f 392//392 474//474 473//473
f 393//393 394//394 475//475
f 393//393 475//475 474//474
f 394//394 395//395 476//476
f 394//394 476//476 475//475
f 395//395 396//396 477//477
f 395//395 477//477 476//476
f 396//396 397//397 478//478
f 396//396 478//478 477//477
f 397//397 398//398 479//479
f 397//397 479//479 478//478
f 398//398 399//399 480//480
f 398//398 480//480 479//479
f 399//399 400//400 481//481
f 399//399 481//481 480//480
f 400//400 401//401 482//482
f 400//400 482//482 481//481
f 401//401 402//402 483//483
f 401//401 483//483 482//482
f 402//402 403//403 484//484
f 402//402 484//484 483//483
f 403//403 404//404 485//485
f 403//403 485//485 484//484
f 404//404 405//405 486//486
f 404//404 486//486 485//485
f 406//406 407//407 488//488
f 406//406 488//488 487//487
f 407//407 408//408 489//489
f 407//407 489//489 488//488
f 408//408 409//409 490//490
f 408//408 490//490 489//489
f 409//409 410//410 491//491
f 409//409 491//491 490//490
f 410//410 411//411 492//492
f 410//410 492//492 491//491
f 411//411 412//412 493//493
f 411//411 493//493 492//492
f 412//412 413//413 494//494
f 412//412 494//494 493//493
f 413//413 414//414 495//495
f 413//413 495//495 494//494
f 414//414 415//415 496//496
f 414//414 496//496 495//495
f 415//415 416//416 497//497
f 415//415 497//497 496//496
f 416//416 417//417 498//498
f 416//416 498//498 497//497
f 417//417 418//418 499//499
f 417//417 499//499 498//498
f 418//418 419//419 500//500
f 418//418 500//500 499//499
f 419//419 420//420 501//501
f 419//419 501//501 500//500
f 420//420 421//421 502//502
f 420//420 502//502 501//501
f 421//421 422//422 503//503
f 421//421 503//503 502//502
f 422//422 423//423 504//504
f 422//422 504//504 503//503
f 423//423 424//424 505//505
f 423//423 505//505 504//504
f 424//424 425//425 506//506
f 424//424 506//506 505//505
f 425//425 426//426 507//507
f 425//425 507//507 506//506
f 426//426 427//427 508//508
f 426//426 508//508 507//507
f 427//427 428//428 509//509
f 427//427 509//509 508//508
f 428//428 429//429 510//510
f 428//428 510//510 509//509
f 429//429 430//430 511//511
f 429//429 511//511 510//510
f 430//430 431//431 512//512
f 430//430 512//512 511//511
f 431//431 432//432 513//513
f 431//431 513//513 512//512
f 432//432 433//433 514//514
f 432//432 514//514 513//513
f 433//433 434//434 515//515
f 433//433 515//515 514//514
f 434//434 435//435 516//516
f 434//434 516//516 515//515
f 435//435 436//436 517//517
f 435//435 517//517 516//516
f 436//436 437//437 518//518
f 436//436 518//518 517//517
f 437//437 438//438 519//519
f 437//437 519//519 518//518
f 438//438 439//439 520//520
f 438//438 520//520 519//519
f 439//439 440//440 521//521
f 439//439 521//521 520//520
f 440//440 441//441 522//522
f 440//440 522//522 521//521
f 441//441 442//442 523//523
f 441//441 523//523 522//522
f 442//442 443//443 524//524
f 442//442 524//524 523//523
f 443//443 444//444 525//525
f 443//443 525//525 524//524
f 444//444 445//445 526//526
f 444//444 526//526 525//525
f 445//445 446//446 527//527
f 445//445 527//527 526//526
f 446//446 447//447 528//528
f 446//446 528//528 527//527
f 447//447 448//448 529//529
f 447//447 529//529 528//528
f 448//448 449//449 530//530
f 448//448 530//530 529//529
f 449//449 450//450 531//531
f 449//449 531//531 530//530
f 450//450 451//451 532//532
f 450//450 532//532 531//531
f 451//451 452//452 533//533
f 451//451 533//533 532//532
f 452//452 453//453 534//534
f 452//452 534//534 533//533
f 453//453 454//454 535//535
f 453//453 535//535 534//534
f 454//454 455//455 536//536
f 454//454 536//536 535//535
f 455//455 456//456 537//537
f 455//455 537//537 536//536
f 456//456 457//457 538//538
f 456//456 538//538 537//537
f 457//457 458//458 539//539
f 457//457 539//539 538//538
f 458//458 459//459 540//540
f 458//458 540//540 539//539
f 459//459 460//460 541//541
f 459//459 541//541 540//540
f 460//460 461//461 542//542
f 460//460 542//542 541//541
f 461//461 462//462 543//543
f 461//461 543//543 542//542
f 462//462 463//463 544//544
f 462//462 544//544 543//543
f 463//463 464//464 545//545
f 463//463 545//545 544//544
f 464//464 465//465 546//546
f 464//464 546//546 545//545
f 465//465 466//466 547//547
f 465//465 547//547 546//546
f 466//466 467//467 548//548
f 466//466 548//548 547//547
f 467//467 468//468 549//549
f 467//467 549//549 548//548
f 468//468 469//469 550//550
f 468//468 550//550 549//549
f 469//469 470//470 551//551
f 469//469 551//551 550//550
f 470//470 471//471 552//552
f 470//470 552//552 551//551
f 471//471 472//472 553//553
f 471//471 553//553 552//552
f 472//472 473//473 554//554
f 472//472 554//554 553//553
f 473//473 474//474 555//555
f 473//473 555//555 554//554
f 474//474 475//475 556//556
f 474//474 556//556 555//555
f 475//475 476//476 557//557
f 475//475 557//557 556//556
f 476//476 477//477 558//558
f 476//476 558//558 557//557
f 477//477 478//478 559//559
f 477//477 559//559 558//558
f 478//478 479//479 560//560
f 478//478 560//560 559//559
f 479//479 480//480 561//561
f 479//479 561//561 560//560
f 480//480 481//481 562//562
f 480//480 562//562 561//561
f 481//481 482//482 563//563
f 481//481 563//563 562//562
f 482//482 483//483 564//564
f 482//482 564//564 563//563
f 483//483 484//484 565//565
f 483//483 565//565 564//564
f 484//484 485//485 566//566
f 484//484 566//566 565//565
f 485//485 486//486 567//567
f 485//485 567//567 566//566
f 487//487 488//488 569//569
f 487//487 569//569 568//568
f 488//488 489//489 570//570
f 488//488 570//570 569//569
f 489//489 490//490 571//571
f 489//489 571//571 570//570
f 490//490 491//491 572//572
f 490//490 572//572 571//571
f 491//491 492//492 573//573
f 491//491 573//573 572//572
f 492//492 493//493 574//574
f 492//492 574//574 573//573
f 493//493 494//494 575//575
f 493//493 575//575 574//574
f 494//494 495//495 576//576
f 494//494 576//576 575//575
f 495//495 496//496 577//577
f 495//495 577//577 576//576
f 496//496 497//497 578//578
f 496//496 578//578 577//577
f 497//497 498//498 579//579
f 497//497 579//579 578//578
f 498//498 499//499 580//580
f 498//498 580//580 579//579
f 499//499 500//500 581//581
f 499//499 581//581 580//580
f 500//500 501//501 582//582
f 500//500 582//582 581//581
f 501//501 502//502 583//583
f 501//501 583//583 582//582
f 502//502 503//503 584//584
f 502//502 584//584 583//583
f 503//503 504//504 585//585
f 503//503 585//585 584//584
f 504//504 505//505 586//586
f 504//504 586//586 585//585
f 505//505 506//506 587//587
f 505//505 587//587 586//586
f 506//506 507//507 588//588
f 506//506 588//588 587//587
f 507//507 508//508 589//589
f 507//507 589//589 588//588
f 508//508 509//509 590//590
f 508//508 590//590 589//589
f 509//509 510//510 591//591
f 509//509 591//591 590//590
f 510//510 511//511 592//592
f 510//510 592//592 591//591
f 511//511 512//512 593//593
f 511//511 593//593 592//592
f 512//512 513//513 594//594
f 512//512 594//594 593//593
f 513//513 514//514 595//595
f 513//513 595//595 594//594
f 514//514 515//515 596//596
f 514//514 596//596 595//595
f 515//515 516//516 597//597
f 515//515 597//597 596//596
f 516//516 517//517 598//598
f 516//516 598//598 597//597
f 517//517 518//518 599//599
f 517//517 599//599 598//598
f 518//518 519//519 600//600
f 518//518 600//600 599//599
f 519//519 520//520 601//601
f 519//519 601//601 600//600
f 520//520 521//521 602//602
f 520//520 602//602 601//601
f 521//521 522//522 603//603
f 521//521 603//603 602//602
f 522//522 523//523 604//604
f 522//522 604//604 603//603
f 523//523 524//524 605//605
f 523//523 605//605 604//604
f 524//524 525//525 606//606
f 524//524 606//606 605//605
f 525//525 526//526 607//607
f 525//525 607//607 606//606
f 526//526 527//527 608//608
f 526//526 608//608 607//607
f 527//527 528//528 609//609
f 527//527 609//609 608//608
f 528//528 529//529 610//610
f 528//528 610//610 609//609
f 529//529 530//530 611//611
f 529//529 611//611 610//610
f 530//530 531//531 612//612
f 530//530 612//612 611//611
f 531//531 532//532 613//613
f 531//531 613//613 612//612
f 532//532 533//533 614//614
f 532//532 614//614 613//613
f 533//533 534//534 615//615
f 533//533 615//615 614//614
f 534//534 535//535 616//616
f 534//534 616//616 615//615
f 535//535 536//536 617//617
f 535//535 617//617 616//616
f 536//536 537//537 618//618
f 536//536 618//618 617//617
f 537//537 538//538 619//619
f 537//537 619//619 618//618
f 538//538 539//539 620//620
f 538//538 620//620 619//619
f 539//539 540//540 621//621
f 539//539 621//621 620//620
f 540//540 541//541 622//622
f 540//540 622//622 621//621
f 541//541 542//542 623//623
f 541//541 623//623 622//622
f 542//542 543//543 624//624
f 542//542 624//624 623//623
f 543//543 544//544 625//625
f 543//543 625//625 624//624
f 544//544 545//545 626//626
f 544//544 626//626 625//625
f 545//545 546//546 627//627
f 545//545 627//627 626//626
f 546//546 547//547 628//628
f 546//546 628//628 627//627
f 547//547 548//548 629//629
f 547//547 629//629 628//628
f 548//548 549//549 630//630
f 548//548 630//630 629//629
f 549//549 550//550 631//631
f 549//549 631//631 630//630
f 550//550 551//551 632//632
f 550//550 632//632 631//631
f 551//551 552//552 633//633
f 551//551 633//633 632//632
f 552//552 553//553 634//634
f 552//552 634//634 633//633
f 553//553 554//554 635//635
f 553//553 635//635 634//634
f 554//554 555//555 636//636
f 554//554 636//636 635//635
f 555//555 556//556 637//637
f 555//555 637//637 636//636
f 556//556 557//557 638//638
f 556//556 638//638 637//637
f 557//557 558//558 639//639
f 557//557 639//639 638//638
f 558//558 559//559 640//640
f 558//558 640//640 639//639
f 559//559 560//560 641//641
f 559//559 641//641 640//640
f 560//560 561//561 642//642
f 560//560 642//642 641//641
f 561//561 562//562 643//643
f 561//561 643//643 642//642
f 562//562 563//563 644//644
f 562//562 644//644 643//643
f 563//563 564//564 645//645
f 563//563 645//645 644//644
f 564//564 565//565 646//646
f 564//564 646//646 645//645
f 565//565 566//566 647//647
f 565//565 647//647 646//646
f 566//566 567//567 648//648
f 566//566 648//648 647//647
f 568//568 569//569 650//650
f 568//568 650//650 649//649
f 569//569 570//570 651//651
f 569//569 651//651 650//650
f 570//570 571//571 652//652
f 570//570 652//652 651//651
f 571//571 572//572 653//653
f 571//571 653//653 652//652
f 572//572 573//573 654//654
f 572//572 654//654 653//653
f 573//573 574//574 655//655
f 573//573 655//655 654//654
f 574//574 575//575 656//656
f 574//574 656//656 655//655
f 575//575 576//576 657//657
f 575//575 657//657 656//656
f 576//576 577//577 658//658
f 576//576 658//658 657//657
f 577//577 578//578 659//659
f 577//577 659//659 658//658
f 578//578 579//579 660//660
f 578//578 660//660 659//659
f 579//579 580//580 661//661
f 579//579 661//661 660//660
f 580//580 581//581 662//662
f 580//580 662//662 661//661
f 581//581 582//582 663//663
f 581//581 663//663 662//662
f 582//582 583//583 664//664
f 582//582 664//664 663//663
f 583//583 584//584 665//665
f 583//583 665//665 664//664
f 584//584 585//585 666//666
f 584//584 666//666 665//665
f 585//585 586//586 667//667
f 585//585 667//667 666//666
f 586//586 587//587 668//668
f 586//586 668//668 667//667
f 587//587 588//588 669//669
f 587//587 669//669 668//668
f 588//588 589//589 670//670
f 588//588 670//670 669//669
f 589//589 590//590 671//671
f 589//589 671//671 670//670
f 590//590 591//591 672//672
f 590//590 672//672 671//671
f 591//591 592//592 673//673
f 591//591 673//673 672//672
f 592//592 593//593 674//674
f 592//592 674//674 673//673
f 593//593 594//594 675//675
f 593//593 675//675 674//674
f 594//594 595//595 676//676
f 594//594 676//676 675//675
f 595//595 596//596 677//677
f 595//595 677//677 676//676
f 596//596 597//597 678//678
f 596//596 678//678 677//677
f 597//597 598//598 679//679
f 597//597 679//679 678//678
f 598//598 599//599 680//680
f 598//598 680//680 679//679
f 599//599 600//600 681//681
f 599//599 681//681 680//680
f 600//600 601//601 682//682
f 600//600 682//682 681//681
f 601//601 602//602 683//683
f 601//601 683//683 682//682
f 602//602 603//603 684//684
f 602//602 684//684 683//683
f 603//603 604//604 685//685
f 603//603 685//685 684//684
f 604//604 605//605 686//686
f 604//604 686//686 685//685
f 605//605 606//606 687//687
f 605//605 687//687 686//686
f 606//606 607//607 688//688
f 606//606 688//688 687//687
f 607//607 608//608 689//689
f 607//607 689//689 688//688
f 608//608 609//609 690//690
f 608//608 690//690 689//689
f 609//609 610//610 691//691
f 609//609 691//691 690//690
f 610//610 611//611 692//692
f 610//610 692//692 691//691
f 611//611 612//612 693//693
f 611//611 693//693 692//692
f 612//612 613//613 694//694
f 612//612 694//694 693//693
f 613//613 614//614 695//695
f 613//613 695//695 694//694
f 614//614 615//615 696//696
f 614//614 696//696 695//695
f 615//615 616//616 697//697
f 615//615 697//697 696//696
f 616//616 617//617 698//698
f 616//616 698//698 697//697
f 617//617 618//618 699//699
f 617//617 699//699 698//698
f 618//618 619//619 700//700
f 618//618 700//700 699//699
f 619//619 620//620 701//701
f 619//619 701//701 700//700
f 620//620 621//621 702//702
f 620//620 702//702 701//701
f 621//621 622//622 703//703
f 621//621 703//703 702//702
f 622//622 623//623 704//704
f 622//622 704//704 703//703
f 623//623 624//624 705//705
f 623//623 705//705 704//704
f 624//624 625//625 706//706
f 624//624 706//706 705//705
f 625//625 626//626 707//707
f 625//625 707//707 706//706
f 626//626 627//627 708//708
f 626//626 708//708 707//707
f 627//627 628//628 709//709
f 627//627 709//709 708//708
f 628//628 629//629 710//710
f 628//628 710//710 709//709
f 629//629 630//630 711//711
f 629//629 711//711 710//710
f 630//630 631//631 712//712
f 630//630 712//712 711//711
f 631//631 632//632 713//713
f 631//631 713//713 712//712
f 632//632 633//633 714//714
f 632//632 714//714 713//713
f 633//633 634//634 715//715
f 633//633 715//715 714//714
f 634//634 635//635 716//716
f 634//634 716//716 715//715
f 635//635 636//636 717//717
f 635//635 717//717 716//716
f 636//636 637//637 718//718
f 636//636 718//718 717//717
f 637//637 638//638 719//719
f 637//637 719//719 718//718
f 638//638 639//639 720//720
f 638//638 720//720 719//719
f 639//639 640//640 721//721
f 639//639 721//721 720//720
f 640//640 641//641 722//722
f 640//640 722//722 721//721
f 641//641 642//642 723//723
f 641//641 723//723 722//722
f 642//642 643//643 724//724
f 642//642 724//724 723//723
f 643//643 644//644 725//725
f 643//643 725//725 724//724
f 644//644 645//645 726//726
f 644//644 726//726 725//725
f 645//645 646//646 727//727
f 645//645 727//727 726//726
f 646//646 647//647 728//728
f 646//646 728//728 727//727
f 647//647 648//648 729//729
f 647//647 729//729 728//728
f 649//649 650//650 731//731
f 649//649 731//731 730//730
f 650//650 651//651 732//732
f 650//650 732//732 731//731
f 651//651 652//652 733//733
f 651//651 733//733 732//732
f 652//652 653//653 734//734
f 652//652 734//734 733//733
f 653//653 654//654 735//735
f 653//653 735//735 734//734
f 654//654 655//655 736//736
f 654//654 736//736 735//735
f 655//655 656//656 737//737
f 655//655 737//737 736//736
f 656//656 657//657 738//738
f 656//656 738//738 737//737
f 657//657 658//658 739//739
f 657//657 739//739 738//738
f 658//658 659//659 740//740
f 658//658 740//740 739//739
f 659//659 660//660 741//741
f 659//659 741//741 740//740
f 660//660 661//661 742//742
f 660//660 742//742 741//741
f 661//661 662//662 743//743
f 661//661 743//743 742//742
f 662//662 663//663 744//744
f 662//662 744//744 743//743
f 663//663 664//664 745//745
f 663//663 745//745 744//744
f 664//664 665//665 746//746
f 664//664 746//746 745//745
f 665//665 666//666 747//747
f 665//665 747//747 746//746
f 666//666 667//667 748//748
f 666//666 748//748 747//747
f 667//667 668//668 749//749
f 667//667 749//749 748//748
f 668//668 669//669 750//750
f 668//668 750//750 749//749
f 669//669 670//670 751//751
f 669//669 751//751 750//750
f 670//670 671//671 752//752
f 670//670 752//752 751//751
f 671//671 672//672 753//753
f 671//671 753//753 752//752
f 672//672 673//673 754//754
f 672//672 754//754 753//753
f 673//673 674//674 755//755
f 673//673 755//755 754//754
f 674//674 675//675 756//756
f 674//674 756//756 755//755
f 675//675 676//676 757//757
f 675//675 757//757 756//756
f 676//676 677//677 758//758
f 676//676 758//758 757//757
f 677//677 678//678 759//759
f 677//677 759//759 758//758
f 678//678 679//679 760//760
f 678//678 760//760 759//759
f 679//679 680//680 761//761
f 679//679 761//761 760//760
f 680//680 681//681 762//762
f 680//680 762//762 761//761
f 681//681 682//682 763//763
f 681//681 763//763 762//762
f 682//682 683//683 764//764
f 682//682 764//764 763//763
f 683//683 684//684 765//765
f 683//683 765//765 764//764
f 684//684 685//685 766//766
f 684//684 766//766 765//765
f 685//685 686//686 767//767
f 685//685 767//767 766//766
f 686//686 687//687 768//768
f 686//686 768//768 767//767
f 687//687 688//688 769//769
f 687//687 769//769 768//768
f 688//688 689//689 770//770
f 688//688 770//770 769//769
f 689//689 690//690 771//771
f 689//689 771//771 770//770
f 690//690 691//691 772//772
f 690//690 772//772 771//771
f 691//691 692//692 773//773
f 691//691 773//773 772//772
f 692//692 693//693 774//774
f 692//692 774//774 773//773
f 693//693 694//694 775//775
f 693//693 775//775 774//774
f 694//694 695//695 776//776
f 694//694 776//776 775//775
f 695//695 696//696 777//777
f 695//695 777//777 776//776
f 696//696 697//697 778//778
f 696//696 778//778 777//777
f 697//697 698//698 779//779
f 697//697 779//779 778//778
f 698//698 699//699 780//780
f 698//698 780//780 779//779
f 699//699 700//700 781//781
f 699//699 781//781 780//780
f 700//700 701//701 782//782
f 700//700 782//782 781//781
f 701//701 702//702 783//783
f 701//701 783//783 782//782
f 702//702 703//703 784//784
f 702//702 784//784 783//783
f 703//703 704//704 785//785
f 703//703 785//785 784//784
f 704//704 705//705 786//786
f 704//704 786//786 785//785
f 705//705 706//706 787//787
f 705//705 787//787 786//786
f 706//706 707//707 788//788
f 706//706 788//788 787//787
f 707//707 708//708 789//789
f 707//707 789//789 788//788
f 708//708 709//709 790//790
f 708//708 790//790 789//789
f 709//709 710//710 791//791
f 709//709 791//791 790//790
f 710//710 711//711 792//792
f 710//710 792//792 791//791
f 711//711 712//712 793//793
f 711//711 793//793 792//792
f 712//712 713//713 794//794
f 712//712 794//794 793//793
f 713//713 714//714 795//795
f 713//713 795//795 794//794
f 714//714 715//715 796//796
f 714//714 796//796 795//795
f 715//715 716//716 797//797
f 715//715 797//797 796//796
f 716//716 717//717 798//798
f 716//716 798//798 797//797
f 717//717 718//718 799//799
f 717//717 799//799 798//798
f 718//718 719//719 800//800
f 718//718 800//800 799//799
f 719//719 720//720 801//801
f 719//719 801//801 800//800
f 720//720 721//721 802//802
f 720//720 802//802 801//801
f 721//721 722//722 803//803
f 721//721 803//803 802//802
f 722//722 723//723 804//804
f 722//722 804//804 803//803
f 723//723 724//724 805//805
f 723//723 805//805 804//804
f 724//724 725//725 806//806
f 724//724 806//806 805//805
f 725//725 726//726 807//807
f 725//725 807//807 806//806
f 726//726 727//727 808//808
f 726//726 808//808 807//807
f 727//727 728//728 809//809
f 727//727 809//809 808//808
f 728//728 729//729 810//810
f 728//728 810//810 809//809
f 730//730 731//731 812//812
f 730//730 812//812 811//811
f 731//731 732//732 813//813
f 731//731 813//813 812//812
f 732//732 733//733 814//814
f 732//732 814//814 813//813
f 733//733 734//734 815//815
f 733//733 815//815 814//814
f 734//734 735//735 816//816
f 734//734 816//816 815//815
f 735//735 736//736 817//817
f 735//735 817//817 816//816
f 736//736 737//737 818//818
f 736//736 818//818 817//817
f 737//737 738//738 819//819
f 737//737 819//819 818//818
f 738//738 739//739 820//820
f 738//738 820//820 819//819
f 739//739 740//740 821//821
f 739//739 821//821 820//820
f 740//740 741//741 822//822
f 740//740 822//822 821//821
f 741//741 742//742 823//823
f 741//741 823//823 822//822
f 742//742 743//743 824//824
f 742//742 824//824 823//823
f 743//743 744//744 825//825
f 743//743 825//825 824//824
f 744//744 745//745 826//826
f 744//744 826//826 825//825
f 745//745 746//746 827//827
f 745//745 827//827 826//826
f 746//746 747//747 828//828
f 746//746 828//828 827//827
f 747//747 748//748 829//829
f 747//747 829//829 828//828
f 748//748 749//749 830//830
f 748//748 830//830 829//829
f 749//749 750//750 831//831
f 749//749 831//831 830//830
f 750//750 751//751 832//832
f 750//750 832//832 831//831
f 751//751 752//752 833//833
f 751//751 833//833 832//832
f 752//752 753//753 834//834
f 752//752 834//834 833//833
f 753//753 754//754 835//835
f 753//753 835//835 834//834
f 754//754 755//755 836//836
f 754//754 836//836 835//835
f 755//755 756//756 837//837
f 755//755 837//837 836//836
f 756//756 757//757 838//838
f 756//756 838//838 837//837
f 757//757 758//758 839//839
f 757//757 839//839 838//838
f 758//758 759//759 840//840
f 758//758 840//840 839//839
f 759//759 760//760 841//841
f 759//759 841//841 840//840
f 760//760 761//761 842//842
f 760//760 842//842 841//841
f 761//761 762//762 843//843
f 761//761 843//843 842//842
f 762//762 763//763 844//844
f 762//762 844//844 843//843
f 763//763 764//764 845//845
f 763//763 845//845 844//844
f 764//764 765//765 846//846
f 764//764 846//846 845//845
f 765//765 766//766 847//847
f 765//765 847//847 846//846
f 766//766 767//767 848//848
f 766//766 848//848 847//847
f 767//767 768//768 849//849
f 767//767 849//849 848//848
f 768//768 769//769 850//850
f 768//768 850//850 849//849
f 769//769 770//770 851//851
f 769//769 851//851 850//850
f 770//770 771//771 852//852
f 770//770 852//852 851//851
f 771//771 772//772 853//853
f 771//771 853//853 852//852
f 772//772 773//773 854//854
f 772//772 854//854 853//853
f 773//773 774//774 855//855
f 773//773 855//855 854//854
f 774//774 775//775 856//856
f 774//774 856//856 855//855
f 775//775 776//776 857//857
f 775//775 857//857 856//856
f 776//776 777//777 858//858
f 776//776 858//858 857//857
f 777//777 778//778 859//859
f 777//777 859//859 858//858
f 778//778 779//779 860//860
f 778//778 860//860 859//859
f 779//779 780//780 861//861
f 779//779 861//861 860//860
f 780//780 781//781 862//862
f 780//780 862//862 861//861
f 781//781 782//782 863//863
f 781//781 863//863 862//862
f 782//782 783//783 864//864
f 782//782 864//864 863//863
f 783//783 784//784 865//865
f 783//783 865//865 864//864
f 784//784 785//785 866//866
f 784//784 866//866 865//865
f 785//785 786//786 867//867
f 785//785 867//867 866//866
f 786//786 787//787 868//868
f 786//786 868//868 867//867
f 787//787 788//788 869//869
f 787//787 869//869 868//868
f 788//788 789//789 870//870
f 788//788 870//870 869//869
f 789//789 790//790 871//871
f 789//789 871//871 870//870
f 790//790 791//791 872//872
f 790//790 872//872 871//871
f 791//791 792//792 873//873
f 791//791 873//873 872//872
f 792//792 793//793 874//874
f 792//792 874//874 873//873
f 793//793 794//794 875//875
f 793//793 875//875 874//874
f 794//794 795//795 876//876
f 794//794 876//876 875//875
f 795//795 796//796 877//877
f 795//795 877//877 876//876
f 796//796 797//797 878//878
f 796//796 878//878 877//877
f 797//797 798//798 879//879
f 797//797 879//879 878//878
f 798//798 799//799 880//880
f 798//798 880//880 879//879
f 799//799 800//800 881//881
f 799//799 881//881 880//880
f 800//800 801//801 882//882
f 800//800 882//882 881//881
f 801//801 802//802 883//883
f 801//801 883//883 882//882
f 802//802 803//803 884//884
f 802//802 884//884 883//883
f 803//803 804//804 885//885
f 803//803 885//885 884//884
f 804//804 805//805 886//886
f 804//804 886//886 885//885
f 805//805 806//806 887//887
f 805//805 887//887 886//886
f 806//806 807//807 888//888
f 806//806 888//888 887//887
f 807//807 808//808 889//889
f 807//807 889//889 888//888
f 808//808 809//809 890//890
f 808//808 890//890 889//889
f 809//809 810//810 891//891
f 809//809 891//891 890//890
f 811//811 812//812 893//893
f 811//811 893//893 892//892
f 812//812 813//813 894//894
f 812//812 894//894 893//893
f 813//813 814//814 895//895
f 813//813 895//895 894//894
f 814//814 815//815 896//896
f 814//814 896//896 895//895
f 815//815 816//816 897//897
f 815//815 897//897 896//896
f 816//816 817//817 898//898
f 816//816 898//898 897//897
f 817//817 818//818 899//899
f 817//817 899//899 898//898
f 818//818 819//819 900//900
f 818//818 900//900 899//899
f 819//819 820//820 901//901
f 819//819 901//901 900//900
f 820//820 821//821 902//902
f 820//820 902//902 901//901
f 821//821 822//822 903//903
f 821//821 903//903 902//902
f 822//822 823//823 904//904
f 822//822 904//904 903//903
f 823//823 824//824 905//905
f 823//823 905//905 904//904
f 824//824 825//825 906//906
f 824//824 906//906 905//905
f 825//825 826//826 907//907
f 825//825 907//907 906//906
f 826//826 827//827 908//908
f 826//826 908//908 907//907
f 827//827 828//828 909//909
f 827//827 909//909 908//908
f 828//828 829//829 910//910
f 828//828 910//910 909//909
f 829//829 830//830 911//911
f 829//829 911//911 910//910
f 830//830 831//831 912//912
f 830//830 912//912 911//911
f 831//831 832//832 913//913
f 831//831 913//913 912//912
f 832//832 833//833 914//914
f 832//832 914//914 913//913
f 833//833 834//834 915//915
f 833//833 915//915 914//914
f 834//834 835//835 916//916
f 834//834 916//916 915//915
f 835//835 836//836 917//917
f 835//835 917//917 916//916
f 836//836 837//837 918//918
f 836//836 918//918 917//917
f 837//837 838//838 919//919
f 837//837 919//919 918//918
f 838//838 839//839 920//920
f 838//838 920//920 919//919
f 839//839 840//840 921//921
f 839//839 921//921 920//920
f 840//840 841//841 922//922
f 840//840 922//922 921//921
f 841//841 842//842 923//923
f 841//841 923//923 922//922
f 842//842 843//843 924//924
f 842//842 924//924 923//923
f 843//843 844//844 925//925
f 843//843 925//925 924//924
f 844//844 845//845 926//926
f 844//844 926//926 925//925
f 845//845 846//846 927//927
f 845//845 927//927 926//926
f 846//846 847//847 928//928
f 846//846 928//928 927//927
f 847//847 848//848 929//929
f 847//847 929//929 928//928
f 848//848 849//849 930//930
f 848//848 930//930 929//929
f 849//849 850//850 931//931
f 849//849 931//931 930//930
f 850//850 851//851 932//932
f 850//850 932//932 931//931
f 851//851 852//852 933//933
f 851//851 933//933 932//932
f 852//852 853//853 934//934
f 852//852 934//934 933//933
f 853//853 854//854 935//935
f 853//853 935//935 934//934
f 854//854 855//855 936//936
f 854//854 936//936 935//935
f 855//855 856//856 937//937
f 855//855 937//937 936//936
f 856//856 857//857 938//938
f 856//856 938//938 937//937
f 857//857 858//858 939//939
f 857//857 939//939 938//938
f 858//858 859//859 940//940
f 858//858 940//940 939//939
f 859//859 860//860 941//941
f 859//859 941//941 940//940
f 860//860 861//861 942//942
f 860//860 942//942 941//941
f 861//861 862//862 943//943
f 861//861 943//943 942//942
f 862//862 863//863 944//944
f 862//862 944//944 943//943
f 863//863 864//864 945//945
f 863//863 945//945 944//944
f 864//864 865//865 946//946
f 864//864 946//946 945//945
f 865//865 866//866 947//947
f 865//865 947//947 946//946
f 866//866 867//867 948//948
f 866//866 948//948 947//947
f 867//867 868//868 949//949
f 867//867 949//949 948//948
f 868//868 869//869 950//950
f 868//868 950//950 949//949
f 869//869 870//870 951//951
f 869//869 951//951 950//950
f 870//870 871//871 952//952
f 870//870 952//952 951//951
f 871//871 872//872 953//953
f 871//871 953//953 952//952
f 872//872 873//873 954//954
f 872//872 954//954 953//953
f 873//873 874//874 955//955
f 873//873 955//955 954//954
f 874//874 875//875 956//956
f 874//874 956//956 955//955
f 875//875 876//876 957//957
f 875//875 957//957 956//956
f 876//876 877//877 958//958
f 876//876 958//958 957//957
f 877//877 878//878 959//959
f 877//877 959//959 958//958
f 878//878 879//879 960//960
f 878//878 960//960 959//959
f 879//879 880//880 961//961
f 879//879 961//961 960//960
f 880//880 881//881 962//962
f 880//880 962//962 961//961
f 881//881 882//882 963//963
f 881//881 963//963 962//962
f 882//882 883//883 964//964
f 882//882 964//964 963//963
f 883//883 884//884 965//965
f 883//883 965//965 964//964
f 884//884 885//885 966//966
f 884//884 966//966 965//965
f 885//885 886//886 967//967
f 885//885 967//967 966//966
f 886//886 887//887 968//968
f 886//886 968//968 967//967
f 887//887 888//888 969//969
f 887//887 969//969 968//968
f 888//888 889//889 970//970
f 888//888 970//970 969//969
f 889//889 890//890 971//971
f 889//889 971//971 970//970
f 890//890 891//891 972//972
f 890//890 972//972 971//971
f 892//892 893//893 974//974
f 892//892 974//974 973//973
f 893//893 894//894 975//975
f 893//893 975//975 974//974
f 894//894 895//895 976//976
f 894//894 976//976 975//975
f 895//895 896//896 977//977
f 895//895 977//977 976//976
f 896//896 897//897 978//978
f 896//896 978//978 977//977
f 897//897 898//898 979//979
f 897//897 979//979 978//978
f 898//898 899//899 980//980
f 898//898 980//980 979//979
f 899//899 900//900 981//981
f 899//899 981//981 980//980
f 900//900 901//901 982//982
f 900//900 982//982 981//981
f 901//901 902//902 983//983
f 901//901 983//983 982//982
f 902//902 903//903 984//984
f 902//902 984//984 983//983
f 903//903 904//904 985//985
f 903//903 985//985 984//984
f 904//904 905//905 986//986
f 904//904 986//986 985//985
f 905//905 906//906 987//987
f 905//905 987//987 986//986
f 906//906 907//907 988//988
f 906//906 988//988 987//987
f 907//907 908//908 989//989
f 907//907 989//989 988//988
f 908//908 909//909 990//990
f 908//908 990//990 989//989
f 909//909 910//910 991//991
f 909//909 991//991 990//990
f 910//910 911//911 992//992
f 910//910 992//992 991//991
f 911//911 912//912 993//993
f 911//911 993//993 992//992
f 912//912 913//913 994//994
f 912//912 994//994 993//993
f 913//913 914//914 995//995
f 913//913 995//995 994//994
f 914//914 915//915 996//996
f 914//914 996//996 995//995
f 915//915 916//916 997//997
f 915//915 997//997 996//996
f 916//916 917//917 998//998
f 916//916 998//998 997//997
f 917//917 918//918 999//999
f 917//917 999//999 998//998
f 918//918 919//919 1000//1000
f 918//918 1000//1000 999//999
f 919//919 920//920 1001//1001
f 919//919 1001//1001 1000//1000
f 920//920 921//921 1002//1002
f 920//920 1002//1002 1001//1001
f 921//921 922//922 1003//1003
f 921//921 1003//1003 1002//1002
f 922//922 923//923 1004//1004
f 922//922 1004//1004 1003//1003
f 923//923 924//924 1005//1005
f 923//923 1005//1005 1004//1004
f 924//924 925//925 1006//1006
f 924//924 1006//1006 1005//1005
f 925//925 926//926 1007//1007
f 925//925 1007//1007 1006//1006
f 926//926 927//927 1008//1008
f 926//926 1008//1008 1007//1007
f 927//927 928//928 1009//1009
f 927//927 1009//1009 1008//1008
f 928//928 929//929 1010//1010
f 928//928 1010//1010 1009//1009
f 929//929 930//930 1011//1011
f 929//929 1011//1011 1010//1010
f 930//930 931//931 1012//1012
f 930//930 1012//1012 1011//1011
f 931//931 932//932 1013//1013
f 931//931 1013//1013 1012//1012
f 932//932 933//933 1014//1014
f 932//932 1014//1014 1013//1013
f 933//933 934//934 1015//1015
f 933//933 1015//1015 1014//1014
f 934//934 935//935 1016//1016
f 934//934 1016//1016 1015//1015
f 935//935 936//936 1017//1017
f 935//935 1017//1017 1016//1016
f 936//936 937//937 1018//1018
f 936//936 1018//1018 1017//1017
f 937//937 938//938 1019//1019
f 937//937 1019//1019 1018//1018
f 938//938 939//939 1020//1020
f 938//938 1020//1020 1019//1019
f 939//939 940//940 1021//1021
f 939//939 1021//1021 1020//1020
f 940//940 941//941 1022//1022
f 940//940 1022//1022 1021//1021
f 941//941 942//942 1023//1023
f 941//941 1023//1023 1022//1022
f 942//942 943//943 1024//1024
f 942//942 1024//1024 1023//1023
f 943//943 944//944 1025//1025
f 943//943 1025//1025 1024//1024
f 944//944 945//945 1026//1026
f 944//944 1026//1026 1025//1025
f 945//945 946//946 1027//1027
f 945//945 1027//1027 1026//1026
f 946//946 947//947 1028//1028
f 946//946 1028//1028 1027//1027
f 947//947 948//948 1029//1029
f 947//947 1029//1029 1028//1028
f 948//948 949//949 1030//1030
f 948//948 1030//1030 1029//1029
f 949//949 950//950 1031//1031
f 949//949 1031//1031 1030//1030
f 950//950 951//951 1032//1032
f 950//950 1032//1032 1031//1031
f 951//951 952//952 1033//1033
f 951//951 1033//1033 1032//1032
f 952//952 953//953 1034//1034
f 952//952 1034//1034 1033//1033
f 953//953 954//954 1035//1035
f 953//953 1035//1035 1034//1034
f 954//954 955//955 1036//1036
f 954//954 1036//1036 1035//1035
f 955//955 956//956 1037//1037
f 955//955 1037//1037 1036//1036
f 956//956 957//957 1038//1038
f 956//956 1038//1038 1037//1037
f 957//957 958//958 1039//1039
f 957//957 1039//1039 1038//1038
f 958//958 959//959 1040//1040
f 958//958 1040//1040 1039//1039
f 959//959 960//960 1041//1041
f 959//959 1041//1041 1040//1040
f 960//960 961//961 1042//1042
f 960//960 1042//1042 1041//1041
f 961//961 962//962 1043//1043
f 961//961 1043//1043 1042//1042
f 962//962 963//963 1044//1044
f 962//962 1044//1044 1043//1043
f 963//963 964//964 1045//1045
f 963//963 1045//1045 1044//1044
f 964//964 965//965 1046//1046
f 964//964 1046//1046 1045//1045
f 965//965 966//966 1047//1047
f 965//965 1047//1047 1046//1046
f 966//966 967//967 1048//1048
f 966//966 1048//1048 1047//1047
f 967//967 968//968 1049//1049
f 967//967 1049//1049 1048//1048
f 968//968 969//969 1050//1050
f 968//968 1050//1050 1049//1049
f 969//969 970//970 1051//1051
f 969//969 1051//1051 1050//1050
f 970//970 971//971 1052//1052
f 970//970 1052//1052 1051//1051
f 971//971 972//972 1053//1053
f 971//971 1053//1053 1052//1052
f 973//973 974//974 1055//1055
f 973//973 1055//1055 1054//1054
f 974//974 975//975 1056//1056
f 974//974 1056//1056 1055//1055
f 975//975 976//976 1057//1057
f 975//975 1057//1057 1056//1056
f 976//976 977//977 1058//1058
f 976//976 1058//1058 1057//1057
f 977//977 978//978 1059//1059
f 977//977 1059//1059 1058//1058
f 978//978 979//979 1060//1060
f 978//978 1060//1060 1059//1059
f 979//979 980//980 1061//1061
f 979//979 1061//1061 1060//1060
f 980//980 981//981 1062//1062
f 980//980 1062//1062 1061//1061
f 981//981 982//982 1063//1063
f 981//981 1063//1063 1062//1062
f 982//982 983//983 1064//1064
f 982//982 1064//1064 1063//1063
f 983//983 984//984 1065//1065
f 983//983 1065//1065 1064//1064
f 984//984 985//985 1066//1066
f 984//984 1066//1066 1065//1065
f 985//985 986//986 1067//1067
f 985//985 1067//1067 1066//1066
f 986//986 987//987 1068//1068
f 986//986 1068//1068 1067//1067
f 987//987 988//988 1069//1069
f 987//987 1069//1069 1068//1068
f 988//988 989//989 1070//1070
f 988//988 1070//1070 1069//1069
f 989//989 990//990 1071//1071
f 989//989 1071//1071 1070//1070
f 990//990 991//991 1072//1072
f 990//990 1072//1072 1071//1071
f 991//991 992//992 1073//1073
f 991//991 1073//1073 1072//1072
f 992//992 993//993 1074//1074
f 992//992 1074//1074 1073//1073
f 993//993 994//994 1075//1075
f 993//993 1075//1075 1074//1074
f 994//994 995//995 1076//1076
f 994//994 1076//1076 1075//1075
f 995//995 996//996 1077//1077
f 995//995 1077//1077 1076//1076
f 996//996 997//997 1078//1078
f 996//996 1078//1078 1077//1077
f 997//997 998//998 1079//1079
f 997//997 1079//1079 1078//1078
f 998//998 999//999 1080//1080
f 998//998 1080//1080 1079//1079
f 999//999 1000//1000 1081//1081
f 999//999 1081//1081 1080//1080
f 1000//1000 1001//1001 1082//1082
f 1000//1000 1082//1082 1081//1081
f 1001//1001 1002//1002 1083//1083
f 1001//1001 1083//1083 1082//1082
f 1002//1002 1003//1003 1084//1084
f 1002//1002 1084//1084 1083//1083
f 1003//1003 1004//1004 1085//1085
f 1003//1003 1085//1085 1084//1084
f 1004//1004 1005//1005 1086//1086
f 1004//1004 1086//1086 1085//1085
f 1005//1005 1006//1006 1087//1087
f 1005//1005 1087//1087 1086//1086
f 1006//1006 1007//1007 1088//1088
f 1006//1006 1088//1088 1087//1087
f 1007//1007 1008//1008 1089//1089
f 1007//1007 1089//1089 1088//1088
f 1008//1008 1009//1009 1090//1090
f 1008//1008 1090//1090 1089//1089
f 1009//1009 1010//1010 1091//1091
f 1009//1009 1091//1091 1090//1090
f 1010//1010 1011//1011 1092//1092
f 1010//1010 1092//1092 1091//1091
f 1011//1011 1012//1012 1093//1093
f 1011//1011 1093//1093 1092//1092
f 1012//1012 1013//1013 1094//1094
f 1012//1012 1094//1094 1093//1093
f 1013//1013 1014//1014 1095//1095
f 1013//1013 1095//1095 1094//1094
f 1014//1014 1015//1015 1096//1096
f 1014//1014 1096//1096 1095//1095
f 1015//1015 1016//1016 1097//1097
f 1015//1015 1097//1097 1096//1096
f 1016//1016 1017//1017 1098//1098
f 1016//1016 1098//1098 1097//1097
f 1017//1017 1018//1018 1099//1099
f 1017//1017 1099//1099 1098//1098
f 1018//1018 1019//1019 1100//1100
f 1018//1018 1100//1100 1099//1099
f 1019//1019 1020//1020 1101//1101
f 1019//1019 1101//1101 1100//1100
f 1020//1020 1021//1021 1102//1102
f 1020//1020 1102//1102 1101//1101
f 1021//1021 1022//1022 1103//1103
f 1021//1021 1103//1103 1102//1102
f 1022//1022 1023//1023 1104//1104
f 1022//1022 1104//1104 1103//1103
f 1023//1023 1024//1024 1105//1105
f 1023//1023 1105//1105 1104//1104
f 1024//1024 1025//1025 1106//1106
f 1024//1024 1106//1106 1105//1105
f 1025//1025 1026//1026 1107//1107
f 1025//1025 1107//1107 1106//1106
f 1026//1026 1027//1027 1108//1108
f 1026//1026 1108//1108 1107//1107
f 1027//1027 1028//1028 1109//1109
f 1027//1027 1109//1109 1108//1108
f 1028//1028 1029//1029 1110//1110
f 1028//1028 1110//1110 1109//1109
f 1029//1029 1030//1030 1111//1111
f 1029//1029 1111//1111 1110//1110
f 1030//1030 1031//1031 1112//1112
f 1030//1030 1112//1112 1111//1111
f 1031//1031 1032//1032 1113//1113
f 1031//1031 1113//1113 1112//1112
f 1032//1032 1033//1033 1114//1114
f 1032//1032 1114//1114 1113//1113
f 1033//1033 1034//1034 1115//1115
f 1033//1033 1115//1115 1114//1114
f 1034//1034 1035//1035 1116//1116
f 1034//1034 1116//1116 1115//1115
f 1035//1035 1036//1036 1117//1117
f 1035//1035 1117//1117 1116//1116
f 1036//1036 1037//1037 1118//1118
f 1036//1036 1118//1118 1117//1117
f 1037//1037 1038//1038 1119//1119
f 1037//1037 1119//1119 1118//1118
f 1038//1038 1039//1039 1120//1120
f 1038//1038 1120//1120 1119//1119
f 1039//1039 1040//1040 1121//1121
f 1039//1039 1121//1121 1120//1120
f 1040//1040 1041//1041 1122//1122
f 1040//1040 1122//1122 1121//1121
f 1041//1041 1042//1042 1123//1123
f 1041//1041 1123//1123 1122//1122
f 1042//1042 1043//1043 1124//1124
f 1042//1042 1124//1124 1123//1123
f 1043//1043 1044//1044 1125//1125
f 1043//1043 1125//1125 1124//1124
f 1044//1044 1045//1045 1126//1126
f 1044//1044 1126//1126 1125//1125
f 1045//1045 1046//1046 1127//1127
f 1045//1045 1127//1127 1126//1126
f 1046//1046 1047//1047 1128//1128
f 1046//1046 1128//1128 1127//1127
f 1047//1047 1048//1048 1129//1129
f 1047//1047 1129//1129 1128//1128
f 1048//1048 1049//1049 1130//1130
f 1048//1048 1130//1130 1129//1129
f 1049//1049 1050//1050 1131//1131
f 1049//1049 1131//1131 1130//1130
f 1050//1050 1051//1051 1132//1132
f 1050//1050 1132//1132 1131//1131
f 1051//1051 1052//1052 1133//1133
f 1051//1051 1133//1133 1132//1132
f 1052//1052 1053//1053 1134//1134
f 1052//1052 1134//1134 1133//1133
f 1054//1054 1055//1055 1136//1136
f 1054//1054 1136//1136 1135//1135
f 1055//1055 1056//1056 1137//1137
f 1055//1055 1137//1137 1136//1136
f 1056//1056 1057//1057 1138//1138
f 1056//1056 1138//1138 1137//1137
f 1057//1057 1058//1058 1139//1139
f 1057//1057 1139//1139 1138//1138
f 1058//1058 1059//1059 1140//1140
f 1058//1058 1140//1140 1139//1139
f 1059//1059 1060//1060 1141//1141
f 1059//1059 1141//1141 1140//1140
f 1060//1060 1061//1061 1142//1142
f 1060//1060 1142//1142 1141//1141
f 1061//1061 1062//1062 1143//1143
f 1061//1061 1143//1143 1142//1142
f 1062//1062 1063//1063 1144//1144
f 1062//1062 1144//1144 1143//1143
f 1063//1063 1064//1064 1145//1145
f 1063//1063 1145//1145 1144//1144
f 1064//1064 1065//1065 1146//1146
f 1064//1064 1146//1146 1145//1145
f 1065//1065 1066//1066 1147//1147
f 1065//1065 1147//1147 1146//1146
f 1066//1066 1067//1067 1148//1148
f 1066//1066 1148//1148 1147//1147
f 1067//1067 1068//1068 1149//1149
f 1067//1067 1149//1149 1148//1148
f 1068//1068 1069//1069 1150//1150
f 1068//1068 1150//1150 1149//1149
f 1069//1069 1070//1070 1151//1151
f 1069//1069 1151//1151 1150//1150
f 1070//1070 1071//1071 1152//1152
f 1070//1070 1152//1152 1151//1151
f 1071//1071 1072//1072 1153//1153
f 1071//1071 1153//1153 1152//1152
f 1072//1072 1073//1073 1154//1154
f 1072//1072 1154//1154 1153//1153
f 1073//1073 1074//1074 1155//1155
f 1073//1073 1155//1155 1154//1154
f 1074//1074 1075//1075 1156//1156
f 1074//1074 1156//1156 1155//1155
f 1075//1075 1076//1076 1157//1157
f 1075//1075 1157//1157 1156//1156
f 1076//1076 1077//1077 1158//1158
f 1076//1076 1158//1158 1157//1157
f 1077//1077 1078//1078 1159//1159
f 1077//1077 1159//1159 1158//1158
f 1078//1078 1079//1079 1160//1160
f 1078//1078 1160//1160 1159//1159
f 1079//1079 1080//1080 1161//1161
f 1079//1079 1161//1161 1160//1160
f 1080//1080 1081//1081 1162//1162
f 1080//1080 1162//1162 1161//1161
f 1081//1081 1082//1082 1163//1163
f 1081//1081 1163//1163 1162//1162
f 1082//1082 1083//1083 1164//1164
f 1082//1082 1164//1164 1163//1163
f 1083//1083 1084//1084 1165//1165
f 1083//1083 1165//1165 1164//1164
f 1084//1084 1085//1085 1166//1166
f 1084//1084 1166//1166 1165//1165
f 1085//1085 1086//1086 1167//1167
f 1085//1085 1167//1167 1166//1166
f 1086//1086 1087//1087 1168//1168
f 1086//1086 1168//1168 1167//1167
f 1087//1087 1088//1088 1169//1169
f 1087//1087 1169//1169 1168//1168
f 1088//1088 1089//1089 1170//1170
f 1088//1088 1170//1170 1169//1169
f 1089//1089 1090//1090 1171//1171
f 1089//1089 1171//1171 1170//1170
f 1090//1090 1091//1091 1172//1172
f 1090//1090 1172//1172 1171//1171
f 1091//1091 1092//1092 1173//1173
f 1091//1091 1173//1173 1172//1172
f 1092//1092 1093//1093 1174//1174
f 1092//1092 1174//1174 1173//1173
f 1093//1093 1094//1094 1175//1175
f 1093//1093 1175//1175 1174//1174
f 1094//1094 1095//1095 1176//1176
f 1094//1094 1176//1176 1175//1175
f 1095//1095 1096//1096 1177//1177
f 1095//1095 1177//1177 1176//1176
f 1096//1096 1097//1097 1178//1178
f 1096//1096 1178//1178 1177//1177
f 1097//1097 1098//1098 1179//1179
f 1097//1097 1179//1179 1178//1178
f 1098//1098 1099//1099 1180//1180
f 1098//1098 1180//1180 1179//1179
f 1099//1099 1100//1100 1181//1181
f 1099//1099 1181//1181 1180//1180
f 1100//1100 1101//1101 1182//1182
f 1100//1100 1182//1182 1181//1181
f 1101//1101 1102//1102 1183//1183
f 1101//1101 1183//1183 1182//1182
f 1102//1102 1103//1103 1184//1184
f 1102//1102 1184//1184 1183//1183
f 1103//1103 1104//1104 1185//1185
f 1103//1103 1185//1185 1184//1184
f 1104//1104 1105//1105 1186//1186
f 1104//1104 1186//1186 1185//1185
f 1105//1105 1106//1106 1187//1187
f 1105//1105 1187//1187 1186//1186
f 1106//1106 1107//1107 1188//1188
f 1106//1106 1188//1188 1187//1187
f 1107//1107 1108//1108 1189//1189
f 1107//1107 1189//1189 1188//1188
f 1108//1108 1109//1109 1190//1190
f 1108//1108 1190//1190 1189//1189
f 1109//1109 1110//1110 1191//1191
f 1109//1109 1191//1191 1190//1190
f 1110//1110 1111//1111 1192//1192
f 1110//1110 1192//1192 1191//1191
f 1111//1111 1112//1112 1193//1193
f 1111//1111 1193//1193 1192//1192
f 1112//1112 1113//1113 1194//1194
f 1112//1112 1194//1194 1193//1193
f 1113//1113 1114//1114 1195//1195
f 1113//1113 1195//1195 1194//1194
f 1114//1114 1115//1115 1196//1196
f 1114//1114 1196//1196 1195//1195
f 1115//1115 1116//1116 1197//1197
f 1115//1115 1197//1197 1196//1196
f 1116//1116 1117//1117 1198//1198
f 1116//1116 1198//1198 1197//1197
f 1117//1117 1118//1118 1199//1199
f 1117//1117 1199//1199 1198//1198
f 1118//1118 1119//1119 1200//1200
f 1118//1118 1200//1200 1199//1199
f 1119//1119 1120//1120 1201//1201
f 1119//1119 1201//1201 1200//1200
f 1120//1120 1121//1121 1202//1202
f 1120//1120 1202//1202 1201//1201
f 1121//1121 1122//1122 1203//1203
f 1121//1121 1203//1203 1202//1202
f 1122//1122 1123//1123 1204//1204
f 1122//1122 1204//1204 1203//1203
f 1123//1123 1124//1124 1205//1205
f 1123//1123 1205//1205 1204//1204
f 1124//1124 1125//1125 1206//1206
f 1124//1124 1206//1206 1205//1205
f 1125//1125 1126//1126 1207//1207
f 1125//1125 1207//1207 1206//1206
f 1126//1126 1127//1127 1208//1208
f 1126//1126 1208//1208 1207//1207
f 1127//1127 1128//1128 1209//1209
f 1127//1127 1209//1209 1208//1208
f 1128//1128 1129//1129 1210//1210
f 1128//1128 1210//1210 1209//1209
f 1129//1129 1130//1130 1211//1211
f 1129//1129 1211//1211 1210//1210
f 1130//1130 1131//1131 1212//1212
f 1130//1130 1212//1212 1211//1211
f 1131//1131 1132//1132 1213//1213
f 1131//1131 1213//1213 1212//1212
f 1132//1132 1133//1133 1214//1214
f 1132//1132 1214//1214 1213//1213
f 1133//1133 1134//1134 1215//1215
f 1133//1133 1215//1215 1214//1214
f 1135//1135 1136//1136 1217//1217
f 1135//1135 1217//1217 1216//1216
f 1136//1136 1137//1137 1218//1218
f 1136//1136 1218//1218 1217//1217
f 1137//1137 1138//1138 1219//1219
f 1137//1137 1219//1219 1218//1218
f 1138//1138 1139//1139 1220//1220
f 1138//1138 1220//1220 1219//1219
f 1139//1139 1140//1140 1221//1221
f 1139//1139 1221//1221 1220//1220
f 1140//1140 1141//1141 1222//1222
f 1140//1140 1222//1222 1221//1221
f 1141//1141 1142//1142 1223//1223
f 1141//1141 1223//1223 1222//1222
f 1142//1142 1143//1143 1224//1224
f 1142//1142 1224//1224 1223//1223
f 1143//1143 1144//1144 1225//1225
f 1143//1143 1225//1225 1224//1224
f 1144//1144 1145//1145 1226//1226
f 1144//1144 1226//1226 1225//1225
f 1145//1145 1146//1146 1227//1227
f 1145//1145 1227//1227 1226//1226
f 1146//1146 1147//1147 1228//1228
f 1146//1146 1228//1228 1227//1227
f 1147//1147 1148//1148 1229//1229
f 1147//1147 1229//1229 1228//1228
f 1148//1148 1149//1149 1230//1230
f 1148//1148 1230//1230 1229//1229
f 1149//1149 1150//1150 1231//1231
f 1149//1149 1231//1231 1230//1230
f 1150//1150 1151//1151 1232//1232
f 1150//1150 1232//1232 1231//1231
f 1151//1151 1152//1152 1233//1233
f 1151//1151 1233//1233 1232//1232
f 1152//1152 1153//1153 1234//1234
f 1152//1152 1234//1234 1233//1233
f 1153//1153 1154//1154 1235//1235
f 1153//1153 1235//1235 1234//1234
f 1154//1154 1155//1155 1236//1236
f 1154//1154 1236//1236 1235//1235
f 1155//1155 1156//1156 1237//1237
f 1155//1155 1237//1237 1236//1236
f 1156//1156 1157//1157 1238//1238
f 1156//1156 1238//1238 1237//1237
f 1157//1157 1158//1158 1239//1239
f 1157//1157 1239//1239 1238//1238
f 1158//1158 1159//1159 1240//1240
f 1158//1158 1240//1240 1239//1239
f 1159//1159 1160//1160 1241//1241
f 1159//1159 1241//1241 1240//1240
f 1160//1160 1161//1161 1242//1242
f 1160//1160 1242//1242 1241//1241
f 1161//1161 1162//1162 1243//1243
f 1161//1161 1243//1243 1242//1242
f 1162//1162 1163//1163 1244//1244
f 1162//1162 1244//1244 1243//1243
f 1163//1163 1164//1164 1245//1245
f 1163//1163 1245//1245 1244//1244
f 1164//1164 1165//1165 1246//1246
f 1164//1164 1246//1246 1245//1245
f 1165//1165 1166//1166 1247//1247
f 1165//1165 1247//1247 1246//1246
f 1166//1166 1167//1167 1248//1248
f 1166//1166 1248//1248 1247//1247
f 1167//1167 1168//1168 1249//1249
f 1167//1167 1249//1249 1248//1248
f 1168//1168 1169//1169 1250//1250
f 1168//1168 1250//1250 1249//1249
f 1169//1169 1170//1170 1251//1251
f 1169//1169 1251//1251 1250//1250
f 1170//1170 1171//1171 1252//1252
f 1170//1170 1252//1252 1251//1251
f 1171//1171 1172//1172 1253//1253
f 1171//1171 1253//1253 1252//1252
f 1172//1172 1173//1173 1254//1254
f 1172//1172 1254//1254 1253//1253
f 1173//1173 1174//1174 1255//1255
f 1173//1173 1255//1255 1254//1254
f 1174//1174 1175//1175 1256//1256
f 1174//1174 1256//1256 1255//1255
f 1175//1175 1176//1176 1257//1257
f 1175//1175 1257//1257 1256//1256
f 1176//1176 1177//1177 1258//1258
f 1176//1176 1258//1258 1257//1257
f 1177//1177 1178//1178 1259//1259
f 1177//1177 1259//1259 1258//1258
f 1178//1178 1179//1179 1260//1260
f 1178//1178 1260//1260 1259//1259
f 1179//1179 1180//1180 1261//1261
f 1179//1179 1261//1261 1260//1260
f 1180//1180 1181//1181 1262//1262
f 1180//1180 1262//1262 1261//1261
f 1181//1181 1182//1182 1263//1263
f 1181//1181 1263//1263 1262//1262
f 1182//1182 1183//1183 1264//1264
f 1182//1182 1264//1264 1263//1263
f 1183//1183 1184//1184 1265//1265
f 1183//1183 1265//1265 1264//1264
f 1184//1184 1185//1185 1266//1266
f 1184//1184 1266//1266 1265//1265
f 1185//1185 1186//1186 1267//1267
f 1185//1185 1267//1267 1266//1266
f 1186//1186 1187//1187 1268//1268
f 1186//1186 1268//1268 1267//1267
f 1187//1187 1188//1188 1269//1269
f 1187//1187 1269//1269 1268//1268
f 1188//1188 1189//1189 1270//1270
f 1188//1188 1270//1270 1269//1269
f 1189//1189 1190//1190 1271//1271
f 1189//1189 1271//1271 1270//1270
f 1190//1190 1191//1191 1272//1272
f 1190//1190 1272//1272 1271//1271
f 1191//1191 1192//1192 1273//1273
f 1191//1191 1273//1273 1272//1272
f 1192//1192 1193//1193 1274//1274
f 1192//1192 1274//1274 1273//1273
f 1193//1193 1194//1194 1275//1275
f 1193//1193 1275//1275 1274//1274
f 1194//1194 1195//1195 1276//1276
f 1194//1194 1276//1276 1275//1275
f 1195//1195 1196//1196 1277//1277
f 1195//1195 1277//1277 1276//1276
f 1196//1196 1197//1197 1278//1278
f 1196//1196 1278//1278 1277//1277
f 1197//1197 1198//1198 1279//1279
f 1197//1197 1279//1279 1278//1278
f 1198//1198 1199//1199 1280//1280
f 1198//1198 1280//1280 1279//1279
f 1199//1199 1200//1200 1281//1281
f 1199//1199 1281//1281 1280//1280
f 1200//1200 1201//1201 1282//1282
f 1200//1200 1282//1282 1281//1281
f 1201//1201 1202//1202 1283//1283
f 1201//1201 1283//1283 1282//1282
f 1202//1202 1203//1203 1284//1284
f 1202//1202 1284//1284 1283//1283
f 1203//1203 1204//1204 1285//1285
f 1203//1203 1285//1285 1284//1284
f 1204//1204 1205//1205 1286//1286
f 1204//1204 1286//1286 1285//1285
f 1205//1205 1206//1206 1287//1287
f 1205//1205 1287//1287 1286//1286
f 1206//1206 1207//1207 1288//1288
f 1206//1206 1288//1288 1287//1287
f 1207//1207 1208//1208 1289//1289
f 1207//1207 1289//1289 1288//1288
f 1208//1208 1209//1209 1290//1290
f 1208//1208 1290//1290 1289//1289
f 1209//1209 1210//1210 1291//1291
f 1209//1209 1291//1291 1290//1290
f 1210//1210 1211//1211 1292//1292
f 1210//1210 1292//1292 1291//1291
f 1211//1211 1212//1212 1293//1293
f 1211//1211 1293//1293 1292//1292
f 1212//1212 1213//1213 1294//1294
f 1212//1212 1294//1294 1293//1293
f 1213//1213 1214//1214 1295//1295
f 1213//1213 1295//1295 1294//1294
f 1214//1214 1215//1215 1296//1296
f 1214//1214 1296//1296 1295//1295
f 1216//1216 1217//1217 1298//1298
f 1216//1216 1298//1298 1297//1297
f 1217//1217 1218//1218 1299//1299
f 1217//1217 1299//1299 1298//1298
f 1218//1218 1219//1219 1300//1300
f 1218//1218 1300//1300 1299//1299
f 1219//1219 1220//1220 1301//1301
f 1219//1219 1301//1301 1300//1300
f 1220//1220 1221//1221 1302//1302
f 1220//1220 1302//1302 1301//1301
f 1221//1221 1222//1222 1303//1303
f 1221//1221 1303//1303 1302//1302
f 1222//1222 1223//1223 1304//1304
f 1222//1222 1304//1304 1303//1303
f 1223//1223 1224//1224 1305//1305
f 1223//1223 1305//1305 1304//1304
f 1224//1224 1225//1225 1306//1306
f 1224//1224 1306//1306 1305//1305
f 1225//1225 1226//1226 1307//1307
f 1225//1225 1307//1307 1306//1306
f 1226//1226 1227//1227 1308//1308
f 1226//1226 1308//1308 1307//1307
f 1227//1227 1228//1228 1309//1309
f 1227//1227 1309//1309 1308//1308
f 1228//1228 1229//1229 1310//1310
f 1228//1228 1310//1310 1309//1309
f 1229//1229 1230//1230 1311//1311
f 1229//1229 1311//1311 1310//1310
f 1230//1230 1231//1231 1312//1312
f 1230//1230 1312//1312 1311//1311
f 1231//1231 1232//1232 1313//1313
f 1231//1231 1313//1313 1312//1312
f 1232//1232 1233//1233 1314//1314
f 1232//1232 1314//1314 1313//1313
f 1233//1233 1234//1234 1315//1315
f 1233//1233 1315//1315 1314//1314
f 1234//1234 1235//1235 1316//1316
f 1234//1234 1316//1316 1315//1315
f 1235//1235 1236//1236 1317//1317
f 1235//1235 1317//1317 1316//1316
f 1236//1236 1237//1237 1318//1318
f 1236//1236 1318//1318 1317//1317
f 1237//1237 1238//1238 1319//1319
f 1237//1237 1319//1319 1318//1318
f 1238//1238 1239//1239 1320//1320
f 1238//1238 1320//1320 1319//1319
f 1239//1239 1240//1240 1321//1321
f 1239//1239 1321//1321 1320//1320
f 1240//1240 1241//1241 1322//1322
f 1240//1240 1322//1322 1321//1321
f 1241//1241 1242//1242 1323//1323
f 1241//1241 1323//1323 1322//1322
f 1242//1242 1243//1243 1324//1324
f 1242//1242 1324//1324 1323//1323
f 1243//1243 1244//1244 1325//1325
f 1243//1243 1325//1325 1324//1324
f 1244//1244 1245//1245 1326//1326
f 1244//1244 1326//1326 1325//1325
f 1245//1245 1246//1246 1327//1327
f 1245//1245 1327//1327 1326//1326
f 1246//1246 1247//1247 1328//1328
f 1246//1246 1328//1328 1327//1327
f 1247//1247 1248//1248 1329//1329
f 1247//1247 1329//1329 1328//1328
f 1248//1248 1249//1249 1330//1330
f 1248//1248 1330//1330 1329//1329
f 1249//1249 1250//1250 1331//1331
f 1249//1249 1331//1331 1330//1330
f 1250//1250 1251//1251 1332//1332
f 1250//1250 1332//1332 1331//1331
f 1251//1251 1252//1252 1333//1333
f 1251//1251 1333//1333 1332//1332
f 1252//1252 1253//1253 1334//1334
f 1252//1252 1334//1334 1333//1333
f 1253//1253 1254//1254 1335//1335
f 1253//1253 1335//1335 1334//1334
f 1254//1254 1255//1255 1336//1336
f 1254//1254 1336//1336 1335//1335
f 1255//1255 1256//1256 1337//1337
f 1255//1255 1337//1337 1336//1336
f 1256//1256 1257//1257 1338//1338
f 1256//1256 1338//1338 1337//1337
f 1257//1257 1258//1258 1339//1339
f 1257//1257 1339//1339 1338//1338
f 1258//1258 1259//1259 1340//1340
f 1258//1258 1340//1340 1339//1339
f 1259//1259 1260//1260 1341//1341
f 1259//1259 1341//1341 1340//1340
f 1260//1260 1261//1261 1342//1342
f 1260//1260 1342//1342 1341//1341
f 1261//1261 1262//1262 1343//1343
f 1261//1261 1343//1343 1342//1342
f 1262//1262 1263//1263 1344//1344
f 1262//1262 1344//1344 1343//1343
f 1263//1263 1264//1264 1345//1345
f 1263//1263 1345//1345 1344//1344
f 1264//1264 1265//1265 1346//1346
f 1264//1264 1346//1346 1345//1345
f 1265//1265 1266//1266 1347//1347
f 1265//1265 1347//1347 1346//1346
f 1266//1266 1267//1267 1348//1348
f 1266//1266 1348//1348 1347//1347
f 1267//1267 1268//1268 1349//1349
f 1267//1267 1349//1349 1348//1348
f 1268//1268 1269//1269 1350//1350
f 1268//1268 1350//1350 1349//1349
f 1269//1269 1270//1270 1351//1351
f 1269//1269 1351//1351 1350//1350
f 1270//1270 1271//1271 1352//1352
f 1270//1270 1352//1352 1351//1351
f 1271//1271 1272//1272 1353//1353
f 1271//1271 1353//1353 1352//1352
f 1272//1272 1273//1273 1354//1354
f 1272//1272 1354//1354 1353//1353
f 1273//1273 1274//1274 1355//1355
f 1273//1273 1355//1355 1354//1354
f 1274//1274 1275//1275 1356//1356
f 1274//1274 1356//1356 1355//1355
f 1275//1275 1276//1276 1357//1357
f 1275//1275 1357//1357 1356//1356
f 1276//1276 1277//1277 1358//1358
f 1276//1276 1358//1358 1357//1357
f 1277//1277 1278//1278 1359//1359
f 1277//1277 1359//1359 1358//1358
f 1278//1278 1279//1279 1360//1360
f 1278//1278 1360//1360 1359//1359
f 1279//1279 1280//1280 1361//1361
f 1279//1279 1361//1361 1360//1360
f 1280//1280 1281//1281 1362//1362
f 1280//1280 1362//1362 1361//1361
f 1281//1281 1282//1282 1363//1363
f 1281//1281 1363//1363 1362//1362
f 1282//1282 1283//1283 1364//1364
f 1282//1282 1364//1364 1363//1363
f 1283//1283 1284//1284 1365//1365
f 1283//1283 1365//1365 1364//1364
f 1284//1284 1285//1285 1366//1366
f 1284//1284 1366//1366 1365//1365
f 1285//1285 1286//1286 1367//1367
f 1285//1285 1367//1367 1366//1366
f 1286//1286 1287//1287 1368//1368
f 1286//1286 1368//1368 1367//1367
f 1287//1287 1288//1288 1369//1369
f 1287//1287 1369//1369 1368//1368
f 1288//1288 1289//1289 1370//1370
f 1288//1288 1370//1370 1369//1369
f 1289//1289 1290//1290 1371//1371
f 1289//1289 1371//1371 1370//1370
f 1290//1290 1291//1291 1372//1372
f 1290//1290 1372//1372 1371//1371
f 1291//1291 1292//1292 1373//1373
f 1291//1291 1373//1373 1372//1372
f 1292//1292 1293//1293 1374//1374
f 1292//1292 1374//1374 1373//1373
f 1293//1293 1294//1294 1375//1375
f 1293//1293 1375//1375 1374//1374
f 1294//1294 1295//1295 1376//1376
f 1294//1294 1376//1376 1375//1375
f 1295//1295 1296//1296 1377//1377
f 1295//1295 1377//1377 1376//1376
f 1297//1297 1298//1298 1379//1379
f 1297//1297 1379//1379 1378//1378
f 1298//1298 1299//1299 1380//1380
f 1298//1298 1380//1380 1379//1379
f 1299//1299 1300//1300 1381//1381
f 1299//1299 1381//1381 1380//1380
f 1300//1300 1301//1301 1382//1382
f 1300//1300 1382//1382 1381//1381
f 1301//1301 1302//1302 1383//1383
f 1301//1301 1383//1383 1382//1382
f 1302//1302 1303//1303 1384//1384
f 1302//1302 1384//1384 1383//1383
f 1303//1303 1304//1304 1385//1385
f 1303//1303 1385//1385 1384//1384
f 1304//1304 1305//1305 1386//1386
f 1304//1304 1386//1386 1385//1385
f 1305//1305 1306//1306 1387//1387
f 1305//1305 1387//1387 1386//1386
f 1306//1306 1307//1307 1388//1388
f 1306//1306 1388//1388 1387//1387
f 1307//1307 1308//1308 1389//1389
f 1307//1307 1389//1389 1388//1388
f 1308//1308 1309//1309 1390//1390
f 1308//1308 1390//1390 1389//1389
f 1309//1309 1310//1310 1391//1391
f 1309//1309 1391//1391 1390//1390
f 1310//1310 1311//1311 1392//1392
f 1310//1310 1392//1392 1391//1391
f 1311//1311 1312//1312 1393//1393
f 1311//1311 1393//1393 1392//1392
f 1312//1312 1313//1313 1394//1394
f 1312//1312 1394//1394 1393//1393
f 1313//1313 1314//1314 1395//1395
f 1313//1313 1395//1395 1394//1394
f 1314//1314 1315//1315 1396//1396
f 1314//1314 1396//1396 1395//1395
f 1315//1315 1316//1316 1397//1397
f 1315//1315 1397//1397 1396//1396
f 1316//1316 1317//1317 1398//1398
f 1316//1316 1398//1398 1397//1397
f 1317//1317 1318//1318 1399//1399
f 1317//1317 1399//1399 1398//1398
f 1318//1318 1319//1319 1400//1400
f 1318//1318 1400//1400 1399//1399
f 1319//1319 1320//1320 1401//1401
f 1319//1319 1401//1401 1400//1400
f 1320//1320 1321//1321 1402//1402
f 1320//1320 1402//1402 1401//1401
f 1321//1321 1322//1322 1403//1403
f 1321//1321 1403//1403 1402//1402
f 1322//1322 1323//1323 1404//1404
f 1322//1322 1404//1404 1403//1403
f 1323//1323 1324//1324 1405//1405
f 1323//1323 1405//1405 1404//1404
f 1324//1324 1325//1325 1406//1406
f 1324//1324 1406//1406 1405//1405
f 1325//1325 1326//1326 1407//1407
f 1325//1325 1407//1407 1406//1406
f 1326//1326 1327//1327 1408//1408
f 1326//1326 1408//1408 1407//1407
f 1327//1327 1328//1328 1409//1409
f 1327//1327 1409//1409 1408//1408
f 1328//1328 1329//1329 1410//1410
f 1328//1328 1410//1410 1409//1409
f 1329//1329 1330//1330 1411//1411
f 1329//1329 1411//1411 1410//1410
f 1330//1330 1331//1331 1412//1412
f 1330//1330 1412//1412 1411//1411
f 1331//1331 1332//1332 1413//1413
f 1331//1331 1413//1413 1412//1412
f 1332//1332 1333//1333 1414//1414
f 1332//1332 1414//1414 1413//1413
f 1333//1333 1334//1334 1415//1415
f 1333//1333 1415//1415 1414//1414
f 1334//1334 1335//1335 1416//1416
f 1334//1334 1416//1416 1415//1415
f 1335//1335 1336//1336 1417//1417
f 1335//1335 1417//1417 1416//1416
f 1336//1336 1337//1337 1418//1418
f 1336//1336 1418//1418 1417//1417
f 1337//1337 1338//1338 1419//1419
f 1337//1337 1419//1419 1418//1418
f 1338//1338 1339//1339 1420//1420
f 1338//1338 1420//1420 1419//1419
f 1339//1339 1340//1340 1421//1421
f 1339//1339 1421//1421 1420//1420
f 1340//1340 1341//1341 1422//1422
f 1340//1340 1422//1422 1421//1421
f 1341//1341 1342//1342 1423//1423
f 1341//1341 1423//1423 1422//1422
f 1342//1342 1343//1343 1424//1424
f 1342//1342 1424//1424 1423//1423
f 1343//1343 1344//1344 1425//1425
f 1343//1343 1425//1425 1424//1424
f 1344//1344 1345//1345 1426//1426
f 1344//1344 1426//1426 1425//1425
f 1345//1345 1346//1346 1427//1427
f 1345//1345 1427//1427 1426//1426
f 1346//1346 1347//1347 1428//1428
f 1346//1346 1428//1428 1427//1427
f 1347//1347 1348//1348 1429//1429
f 1347//1347 1429//1429 1428//1428
f 1348//1348 1349//1349 1430//1430
f 1348//1348 1430//1430 1429//1429
f 1349//1349 1350//1350 1431//1431
f 1349//1349 1431//1431 1430//1430
f 1350//1350 1351//1351 1432//1432
f 1350//1350 1432//1432 1431//1431
f 1351//1351 1352//1352 1433//1433
f 1351//1351 1433//1433 1432//1432
f 1352//1352 1353//1353 1434//1434
f 1352//1352 1434//1434 1433//1433
f 1353//1353 1354//1354 1435//1435
f 1353//1353 1435//1435 1434//1434
f 1354//1354 1355//1355 1436//1436
f 1354//1354 1436//1436 1435//1435
f 1355//1355 1356//1356 1437//1437
f 1355//1355 1437//1437 1436//1436
f 1356//1356 1357//1357 1438//1438
f 1356//1356 1438//1438 1437//1437
f 1357//1357 1358//1358 1439//1439
f 1357//1357 1439//1439 1438//1438
f 1358//1358 1359//1359 1440//1440
f 1358//1358 1440//1440 1439//1439
f 1359//1359 1360//1360 1441//1441
f 1359//1359 1441//1441 1440//1440
f 1360//1360 1361//1361 1442//1442
f 1360//1360 1442//1442 1441//1441
f 1361//1361 1362//1362 1443//1443
f 1361//1361 1443//1443 1442//1442
f 1362//1362 1363//1363 1444//1444
f 1362//1362 1444//1444 1443//1443
f 1363//1363 1364//1364 1445//1445
f 1363//1363 1445//1445 1444//1444
f 1364//1364 1365//1365 1446//1446
f 1364//1364 1446//1446 1445//1445
f 1365//1365 1366//1366 1447//1447
f 1365//1365 1447//1447 1446//1446
f 1366//1366 1367//1367 1448//1448
f 1366//1366 1448//1448 1447//1447
f 1367//1367 1368//1368 1449//1449
f 1367//1367 1449//1449 1448//1448
f 1368//1368 1369//1369 1450//1450
f 1368//1368 1450//1450 1449//1449
f 1369//1369 1370//1370 1451//1451
f 1369//1369 1451//1451 1450//1450
f 1370//1370 1371//1371 1452//1452
f 1370//1370 1452//1452 1451//1451
f 1371//1371 1372//1372 1453//1453
f 1371//1371 1453//1453 1452//1452
f 1372//1372 1373//1373 1454//1454
f 1372//1372 1454//1454 1453//1453
f 1373//1373 1374//1374 1455//1455
f 1373//1373 1455//1455 1454//1454
f 1374//1374 1375//1375 1456//1456
f 1374//1374 1456//1456 1455//1455
f 1375//1375 1376//1376 1457//1457
f 1375//1375 1457//1457 1456//1456
f 1376//1376 1377//1377 1458//1458
f 1376//1376 1458//1458 1457//1457
f 1378//1378 1379//1379 1460//1460
f 1378//1378 1460//1460 1459//1459
f 1379//1379 1380//1380 1461//1461
f 1379//1379 1461//1461 1460//1460
f 1380//1380 1381//1381 1462//1462
f 1380//1380 1462//1462 1461//1461
f 1381//1381 1382//1382 1463//1463
f 1381//1381 1463//1463 1462//1462
f 1382//1382 1383//1383 1464//1464
f 1382//1382 1464//1464 1463//1463
f 1383//1383 1384//1384 1465//1465
f 1383//1383 1465//1465 1464//1464
f 1384//1384 1385//1385 1466//1466
f 1384//1384 1466//1466 1465//1465
f 1385//1385 1386//1386 1467//1467
f 1385//1385 1467//1467 1466//1466
f 1386//1386 1387//1387 1468//1468
f 1386//1386 1468//1468 1467//1467
f 1387//1387 1388//1388 1469//1469
f 1387//1387 1469//1469 1468//1468
f 1388//1388 1389//1389 1470//1470
f 1388//1388 1470//1470 1469//1469
f 1389//1389 1390//1390 1471//1471
f 1389//1389 1471//1471 1470//1470
f 1390//1390 1391//1391 1472//1472
f 1390//1390 1472//1472 1471//1471
f 1391//1391 1392//1392 1473//1473
f 1391//1391 1473//1473 1472//1472
f 1392//1392 1393//1393 1474//1474
f 1392//1392 1474//1474 1473//1473
f 1393//1393 1394//1394 1475//1475
f 1393//1393 1475//1475 1474//1474
f 1394//1394 1395//1395 1476//1476
f 1394//1394 1476//1476 1475//1475
f 1395//1395 1396//1396 1477//1477
f 1395//1395 1477//1477 1476//1476
f 1396//1396 1397//1397 1478//1478
f 1396//1396 1478//1478 1477//1477
f 1397//1397 1398//1398 1479//1479
f 1397//1397 1479//1479 1478//1478
f 1398//1398 1399//1399 1480//1480
f 1398//1398 1480//1480 1479//1479
f 1399//1399 1400//1400 1481//1481
f 1399//1399 1481//1481 1480//1480
f 1400//1400 1401//1401 1482//1482
f 1400//1400 1482//1482 1481//1481
f 1401//1401 1402//1402 1483//1483
f 1401//1401 1483//1483 1482//1482
f 1402//1402 1403//1403 1484//1484
f 1402//1402 1484//1484 1483//1483
f 1403//1403 1404//1404 1485//1485
f 1403//1403 1485//1485 1484//1484
f 1404//1404 1405//1405 1486//1486
f 1404//1404 1486//1486 1485//1485
f 1405//1405 1406//1406 1487//1487
f 1405//1405 1487//1487 1486//1486
f 1406//1406 1407//1407 1488//1488
f 1406//1406 1488//1488 1487//1487
f 1407//1407 1408//1408 1489//1489
f 1407//1407 1489//1489 1488//1488
f 1408//1408 1409//1409 1490//1490
f 1408//1408 1490//1490 1489//1489
f 1409//1409 1410//1410 1491//1491
f 1409//1409 1491//1491 1490//1490
f 1410//1410 1411//1411 1492//1492
f 1410//1410 1492//1492 1491//1491
f 1411//1411 1412//1412 1493//1493
f 1411//1411 1493//1493 1492//1492
f 1412//1412 1413//1413 1494//1494
f 1412//1412 1494//1494 1493//1493
f 1413//1413 1414//1414 1495//1495
f 1413//1413 1495//1495 1494//1494
f 1414//1414 1415//1415 1496//1496
f 1414//1414 1496//1496 1495//1495
f 1415//1415 1416//1416 1497//1497
f 1415//1415 1497//1497 1496//1496
f 1416//1416 1417//1417 1498//1498
f 1416//1416 1498//1498 1497//1497
f 1417//1417 1418//1418 1499//1499
f 1417//1417 1499//1499 1498//1498
f 1418//1418 1419//1419 1500//1500
f 1418//1418 1500//1500 1499//1499
f 1419//1419 1420//1420 1501//1501
f 1419//1419 1501//1501 1500//1500
f 1420//1420 1421//1421 1502//1502
f 1420//1420 1502//1502 1501//1501
f 1421//1421 1422//1422 1503//1503
f 1421//1421 1503//1503 1502//1502
f 1422//1422 1423//1423 1504//1504
f 1422//1422 1504//1504 1503//1503
f 1423//1423 1424//1424 1505//1505
f 1423//1423 1505//1505 1504//1504
f 1424//1424 1425//1425 1506//1506
f 1424//1424 1506//1506 1505//1505
f 1425//1425 1426//1426 1507//1507
f 1425//1425 1507//1507 1506//1506
f 1426//1426 1427//1427 1508//1508
f 1426//1426 1508//1508 1507//1507
f 1427//1427 1428//1428 1509//1509
f 1427//1427 1509//1509 1508//1508
f 1428//1428 1429//1429 1510//1510
f 1428//1428 1510//1510 1509//1509
f 1429//1429 1430//1430 1511//1511
f 1429//1429 1511//1511 1510//1510
f 1430//1430 1431//1431 1512//1512
f 1430//1430 1512//1512 1511//1511
f 1431//1431 1432//1432 1513//1513
f 1431//1431 1513//1513 1512//1512
f 1432//1432 1433//1433 1514//1514
f 1432//1432 1514//1514 1513//1513
f 1433//1433 1434//1434 1515//1515
f 1433//1433 1515//1515 1514//1514
f 1434//1434 1435//1435 1516//1516
f 1434//1434 1516//1516 1515//1515
f 1435//1435 1436//1436 1517//1517
f 1435//1435 1517//1517 1516//1516
f 1436//1436 1437//1437 1518//1518
f 1436//1436 1518//1518 1517//1517
f 1437//1437 1438//1438 1519//1519
f 1437//1437 1519//1519 1518//1518
f 1438//1438 1439//1439 1520//1520
f 1438//1438 1520//1520 1519//1519
f 1439//1439 1440//1440 1521//1521
f 1439//1439 1521//1521 1520//1520
f 1440//1440 1441//1441 1522//1522
f 1440//1440 1522//1522 1521//1521
f 1441//1441 1442//1442 1523//1523
f 1441//1441 1523//1523 1522//1522
f 1442//1442 1443//1443 1524//1524
f 1442//1442 1524//1524 1523//1523
f 1443//1443 1444//1444 1525//1525
f 1443//1443 1525//1525 1524//1524
f 1444//1444 1445//1445 1526//1526
f 1444//1444 1526//1526 1525//1525
f 1445//1445 1446//1446 1527//1527
f 1445//1445 1527//1527 1526//1526
f 1446//1446 1447//1447 1528//1528
f 1446//1446 1528//1528 1527//1527
f 1447//1447 1448//1448 1529//1529
f 1447//1447 1529//1529 1528//1528
f 1448//1448 1449//1449 1530//1530
f 1448//1448 1530//1530 1529//1529
f 1449//1449 1450//1450 1531//1531
f 1449//1449 1531//1531 1530//1530
f 1450//1450 1451//1451 1532//1532
f 1450//1450 1532//1532 1531//1531
f 1451//1451 1452//1452 1533//1533
f 1451//1451 1533//1533 1532//1532
f 1452//1452 1453//1453 1534//1534
f 1452//1452 1534//1534 1533//1533
f 1453//1453 1454//1454 1535//1535
f 1453//1453 1535//1535 1534//1534
f 1454//1454 1455//1455 1536//1536
f 1454//1454 1536//1536 1535//1535
f 1455//1455 1456//1456 1537//1537
f 1455//1455 1537//1537 1536//1536
f 1456//1456 1457//1457 1538//1538
f 1456//1456 1538//1538 1537//1537
f 1457//1457 1458//1458 1539//1539
f 1457//1457 1539//1539 1538//1538
f 1459//1459 1460//1460 1541//1541
f 1459//1459 1541//1541 1540//1540
f 1460//1460 1461//1461 1542//1542
f 1460//1460 1542//1542 1541//1541
f 1461//1461 1462//1462 1543//1543
f 1461//1461 1543//1543 1542//1542
f 1462//1462 1463//1463 1544//1544
f 1462//1462 1544//1544 1543//1543
f 1463//1463 1464//1464 1545//1545
f 1463//1463 1545//1545 1544//1544
f 1464//1464 1465//1465 1546//1546
f 1464//1464 1546//1546 1545//1545
f 1465//1465 1466//1466 1547//1547
f 1465//1465 1547//1547 1546//1546
f 1466//1466 1467//1467 1548//1548
f 1466//1466 1548//1548 1547//1547
f 1467//1467 1468//1468 1549//1549
f 1467//1467 1549//1549 1548//1548
f 1468//1468 1469//1469 1550//1550
f 1468//1468 1550//1550 1549//1549
f 1469//1469 1470//1470 1551//1551
f 1469//1469 1551//1551 1550//1550
f 1470//1470 1471//1471 1552//1552
f 1470//1470 1552//1552 1551//1551
f 1471//1471 1472//1472 1553//1553
f 1471//1471 1553//1553 1552//1552
f 1472//1472 1473//1473 1554//1554
f 1472//1472 1554//1554 1553//1553
f 1473//1473 1474//1474 1555//1555
f 1473//1473 1555//1555 1554//1554
f 1474//1474 1475//1475 1556//1556
f 1474//1474 1556//1556 1555//1555
f 1475//1475 1476//1476 1557//1557
f 1475//1475 1557//1557 1556//1556
f 1476//1476 1477//1477 1558//1558
f 1476//1476 1558//1558 1557//1557
f 1477//1477 1478//1478 1559//1559
f 1477//1477 1559//1559 1558//1558
f 1478//1478 1479//1479 1560//1560
f 1478//1478 1560//1560 1559//1559
f 1479//1479 1480//1480 1561//1561
f 1479//1479 1561//1561 1560//1560
f 1480//1480 1481//1481 1562//1562
f 1480//1480 1562//1562 1561//1561
f 1481//1481 1482//1482 1563//1563
f 1481//1481 1563//1563 1562//1562
f 1482//1482 1483//1483 1564//1564
f 1482//1482 1564//1564 1563//1563
f 1483//1483 1484//1484 1565//1565
f 1483//1483 1565//1565 1564//1564
f 1484//1484 1485//1485 1566//1566
f 1484//1484 1566//1566 1565//1565
f 1485//1485 1486//1486 1567//1567
f 1485//1485 1567//1567 1566//1566
f 1486//1486 1487//1487 1568//1568
f 1486//1486 1568//1568 1567//1567
f 1487//1487 1488//1488 1569//1569
f 1487//1487 1569//1569 1568//1568
f 1488//1488 1489//1489 1570//1570
f 1488//1488 1570//1570 1569//1569
f 1489//1489 1490//1490 1571//1571
f 1489//1489 1571//1571 1570//1570
f 1490//1490 1491//1491 1572//1572
f 1490//1490 1572//1572 1571//1571
f 1491//1491 1492//1492 1573//1573
f 1491//1491 1573//1573 1572//1572
f 1492//1492 1493//1493 1574//1574
f 1492//1492 1574//1574 1573//1573
f 1493//1493 1494//1494 1575//1575
f 1493//1493 1575//1575 1574//1574
f 1494//1494 1495//1495 1576//1576
f 1494//1494 1576//1576 1575//1575
f 1495//1495 1496//1496 1577//1577
f 1495//1495 1577//1577 1576//1576
f 1496//1496 1497//1497 1578//1578
f 1496//1496 1578//1578 1577//1577
f 1497//1497 1498//1498 1579//1579
f 1497//1497 1579//1579 1578//1578
f 1498//1498 1499//1499 1580//1580
f 1498//1498 1580//1580 1579//1579
f 1499//1499 1500//1500 1581//1581
f 1499//1499 1581//1581 1580//1580
f 1500//1500 1501//1501 1582//1582
f 1500//1500 1582//1582 1581//1581
f 1501//1501 1502//1502 1583//1583
f 1501//1501 1583//1583 1582//1582
f 1502//1502 1503//1503 1584//1584
f 1502//1502 1584//1584 1583//1583
f 1503//1503 1504//1504 1585//1585
f 1503//1503 1585//1585 1584//1584
f 1504//1504 1505//1505 1586//1586
f 1504//1504 1586//1586 1585//1585
f 1505//1505 1506//1506 1587//1587
f 1505//1505 1587//1587 1586//1586
f 1506//1506 1507//1507 1588//1588
f 1506//1506 1588//1588 1587//1587
f 1507//1507 1508//1508 1589//1589
f 1507//1507 1589//1589 1588//1588
f 1508//1508 1509//1509 1590//1590
f 1508//1508 1590//1590 1589//1589
f 1509//1509 1510//1510 1591//1591
f 1509//1509 1591//1591 1590//1590
f 1510//1510 1511//1511 1592//1592
f 1510//1510 1592//1592 1591//1591
f 1511//1511 1512//1512 1593//1593
f 1511//1511 1593//1593 1592//1592
f 1512//1512 1513//1513 1594//1594
f 1512//1512 1594//1594 1593//1593
f 1513//1513 1514//1514 1595//1595
f 1513//1513 1595//1595 1594//1594
f 1514//1514 1515//1515 1596//1596
f 1514//1514 1596//1596 1595//1595
f 1515//1515 1516//1516 1597//1597
f 1515//1515 1597//1597 1596//1596
f 1516//1516 1517//1517 1598//1598
f 1516//1516 1598//1598 1597//1597
f 1517//1517 1518//1518 1599//1599
f 1517//1517 1599//1599 1598//1598
f 1518//1518 1519//1519 1600//1600
f 1518//1518 1600//1600 1599//1599
f 1519//1519 1520//1520 1601//1601
f 1519//1519 1601//1601 1600//1600
f 1520//1520 1521//1521 1602//1602
f 1520//1520 1602//1602 1601//1601
f 1521//1521 1522//1522 1603//1603
f 1521//1521 1603//1603 1602//1602
f 1522//1522 1523//1523 1604//1604
f 1522//1522 1604//1604 1603//1603
f 1523//1523 1524//1524 1605//1605
f 1523//1523 1605//1605 1604//1604
f 1524//1524 1525//1525 1606//1606
f 1524//1524 1606//1606 1605//1605
f 1525//1525 1526//1526 1607//1607
f 1525//1525 1607//1607 1606//1606
f 1526//1526 1527//1527 1608//1608
f 1526//1526 1608//1608 1607//1607
f 1527//1527 1528//1528 1609//1609
f 1527//1527 1609//1609 1608//1608
f 1528//1528 1529//1529 1610//1610
f 1528//1528 1610//1610 1609//1609
f 1529//1529 1530//1530 1611//1611
f 1529//1529 1611//1611 1610//1610
f 1530//1530 1531//1531 1612//1612
f 1530//1530 1612//1612 1611//1611
f 1531//1531 1532//1532 1613//1613
f 1531//1531 1613//1613 1612//1612
f 1532//1532 1533//1533 1614//1614
f 1532//1532 1614//1614 1613//1613
f 1533//1533 1534//1534 1615//1615
f 1533//1533 1615//1615 1614//1614
f 1534//1534 1535//1535 1616//1616
f 1534//1534 1616//1616 1615//1615
f 1535//1535 1536//1536 1617//1617
f 1535//1535 1617//1617 1616//1616
f 1536//1536 1537//1537 1618//1618
f 1536//1536 1618//1618 1617//1617
f 1537//1537 1538//1538 1619//1619
f 1537//1537 1619//1619 1618//1618
f 1538//1538 1539//1539 1620//1620
f 1538//1538 1620//1620 1619//1619
f 1540//1540 1541//1541 1622//1622
f 1540//1540 1622//1622 1621//1621
f 1541//1541 1542//1542 1623//1623
f 1541//1541 1623//1623 1622//1622
f 1542//1542 1543//1543 1624//1624
f 1542//1542 1624//1624 1623//1623
f 1543//1543 1544//1544 1625//1625
f 1543//1543 1625//1625 1624//1624
f 1544//1544 1545//1545 1626//1626
f 1544//1544 1626//1626 1625//1625
f 1545//1545 1546//1546 1627//1627
f 1545//1545 1627//1627 1626//1626
f 1546//1546 1547//1547 1628//1628
f 1546//1546 1628//1628 1627//1627
f 1547//1547 1548//1548 1629//1629
f 1547//1547 1629//1629 1628//1628
f 1548//1548 1549//1549 1630//1630
f 1548//1548 1630//1630 1629//1629
f 1549//1549 1550//1550 1631//1631
f 1549//1549 1631//1631 1630//1630
f 1550//1550 1551//1551 1632//1632
f 1550//1550 1632//1632 1631//1631
f 1551//1551 1552//1552 1633//1633
f 1551//1551 1633//1633 1632//1632
f 1552//1552 1553//1553 1634//1634
f 1552//1552 1634//1634 1633//1633
f 1553//1553 1554//1554 1635//1635
f 1553//1553 1635//1635 1634//1634
f 1554//1554 1555//1555 1636//1636
f 1554//1554 1636//1636 1635//1635
f 1555//1555 1556//1556 1637//1637
f 1555//1555 1637//1637 1636//1636
f 1556//1556 1557//1557 1638//1638
f 1556//1556 1638//1638 1637//1637
f 1557//1557 1558//1558 1639//1639
f 1557//1557 1639//1639 1638//1638
f 1558//1558 1559//1559 1640//1640
f 1558//1558 1640//1640 1639//1639
f 1559//1559 1560//1560 1641//1641
f 1559//1559 1641//1641 1640//1640
f 1560//1560 1561//1561 1642//1642
f 1560//1560 1642//1642 1641//1641
f 1561//1561 1562//1562 1643//1643
f 1561//1561 1643//1643 1642//1642
f 1562//1562 1563//1563 1644//1644
f 1562//1562 1644//1644 1643//1643
f 1563//1563 1564//1564 1645//1645
f 1563//1563 1645//1645 1644//1644
f 1564//1564 1565//1565 1646//1646
f 1564//1564 1646//1646 1645//1645
f 1565//1565 1566//1566 1647//1647
f 1565//1565 1647//1647 1646//1646
f 1566//1566 1567//1567 1648//1648
f 1566//1566 1648//1648 1647//1647
f 1567//1567 1568//1568 1649//1649
f 1567//1567 1649//1649 1648//1648
f 1568//1568 1569//1569 1650//1650
f 1568//1568 1650//1650 1649//1649
f 1569//1569 1570//1570 1651//1651
f 1569//1569 1651//1651 1650//1650
f 1570//1570 1571//1571 1652//1652
f 1570//1570 1652//1652 1651//1651
f 1571//1571 1572//1572 1653//1653
f 1571//1571 1653//1653 1652//1652
f 1572//1572 1573//1573 1654//1654
f 1572//1572 1654//1654 1653//1653
f 1573//1573 1574//1574 1655//1655
f 1573//1573 1655//1655 1654//1654
f 1574//1574 1575//1575 1656//1656
f 1574//1574 1656//1656 1655//1655
f 1575//1575 1576//1576 1657//1657
f 1575//1575 1657//1657 1656//1656
f 1576//1576 1577//1577 1658//1658
f 1576//1576 1658//1658 1657//1657
f 1577//1577 1578//1578 1659//1659
f 1577//1577 1659//1659 1658//1658
f 1578//1578 1579//1579 1660//1660
f 1578//1578 1660//1660 1659//1659
f 1579//1579 1580//1580 1661//1661
f 1579//1579 1661//1661 1660//1660
f 1580//1580 1581//1581 1662//1662
f 1580//1580 1662//1662 1661//1661
f 1581//1581 1582//1582 1663//1663
f 1581//1581 1663//1663 1662//1662
f 1582//1582 1583//1583 1664//1664
f 1582//1582 1664//1664 1663//1663
f 1583//1583 1584//1584 1665//1665
f 1583//1583 1665//1665 1664//1664
f 1584//1584 1585//1585 1666//1666
f 1584//1584 1666//1666 1665//1665
f 1585//1585 1586//1586 1667//1667
f 1585//1585 1667//1667 1666//1666
f 1586//1586 1587//1587 1668//1668
f 1586//1586 1668//1668 1667//1667
f 1587//1587 1588//1588 1669//1669
f 1587//1587 1669//1669 1668//1668
f 1588//1588 1589//1589 1670//1670
f 1588//1588 1670//1670 1669//1669
f 1589//1589 1590//1590 1671//1671
f 1589//1589 1671//1671 1670//1670
f 1590//1590 1591//1591 1672//1672
f 1590//1590 1672//1672 1671//1671
f 1591//1591 1592//1592 1673//1673
f 1591//1591 1673//1673 1672//1672
f 1592//1592 1593//1593 1674//1674
f 1592//1592 1674//1674 1673//1673
f 1593//1593 1594//1594 1675//1675
f 1593//1593 1675//1675 1674//1674
f 1594//1594 1595//1595 1676//1676
f 1594//1594 1676//1676 1675//1675
f 1595//1595 1596//1596 1677//1677
f 1595//1595 1677//1677 1676//1676
f 1596//1596 1597//1597 1678//1678
f 1596//1596 1678//1678 1677//1677
f 1597//1597 1598//1598 1679//1679
f 1597//1597 1679//1679 1678//1678
f 1598//1598 1599//1599 1680//1680
f 1598//1598 1680//1680 1679//1679
f 1599//1599 1600//1600 1681//1681
f 1599//1599 1681//1681 1680//1680
f 1600//1600 1601//1601 1682//1682
f 1600//1600 1682//1682 1681//1681
f 1601//1601 1602//1602 1683//1683
f 1601//1601 1683//1683 1682//1682
f 1602//1602 1603//1603 1684//1684
f 1602//1602 1684//1684 1683//1683
f 1603//1603 1604//1604 1685//1685
f 1603//1603 1685//1685 1684//1684
f 1604//1604 1605//1605 1686//1686
f 1604//1604 1686//1686 1685//1685
f 1605//1605 1606//1606 1687//1687
f 1605//1605 1687//1687 1686//1686
f 1606//1606 1607//1607 1688//1688
f 1606//1606 1688//1688 1687//1687
f 1607//1607 1608//1608 1689//1689
f 1607//1607 1689//1689 1688//1688
f 1608//1608 1609//1609 1690//1690
f 1608//1608 1690//1690 1689//1689
f 1609//1609 1610//1610 1691//1691
f 1609//1609 1691//1691 1690//1690
f 1610//1610 1611//1611 1692//1692
f 1610//1610 1692//1692 1691//1691
f 1611//1611 1612//1612 1693//1693
f 1611//1611 1693//1693 1692//1692
f 1612//1612 1613//1613 1694//1694
f 1612//1612 1694//1694 1693//1693
f 1613//1613 1614//1614 1695//1695
f 1613//1613 1695//1695 1694//1694
f 1614//1614 1615//1615 1696//1696
f 1614//1614 1696//1696 1695//1695
f 1615//1615 1616//1616 1697//1697
f 1615//1615 1697//1697 1696//1696
f 1616//1616 1617//1617 1698//1698
f 1616//1616 1698//1698 1697//1697
f 1617//1617 1618//1618 1699//1699
f 1617//1617 1699//1699 1698//1698
f 1618//1618 1619//1619 1700//1700
f 1618//1618 1700//1700 1699//1699
f 1619//1619 1620//1620 1701//1701
f 1619//1619 1701//1701 1700//1700
f 1621//1621 1622//1622 1703//1703
f 1621//1621 1703//1703 1702//1702
f 1622//1622 1623//1623 1704//1704
f 1622//1622 1704//1704 1703//1703
f 1623//1623 1624//1624 1705//1705
f 1623//1623 1705//1705 1704//1704
f 1624//1624 1625//1625 1706//1706
f 1624//1624 1706//1706 1705//1705
f 1625//1625 1626//1626 1707//1707
f 1625//1625 1707//1707 1706//1706
f 1626//1626 1627//1627 1708//1708
f 1626//1626 1708//1708 1707//1707
f 1627//1627 1628//1628 1709//1709
f 1627//1627 1709//1709 1708//1708
f 1628//1628 1629//1629 1710//1710
f 1628//1628 1710//1710 1709//1709
f 1629//1629 1630//1630 1711//1711
f 1629//1629 1711//1711 1710//1710
f 1630//1630 1631//1631 1712//1712
f 1630//1630 1712//1712 1711//1711
f 1631//1631 1632//1632 1713//1713
f 1631//1631 1713//1713 1712//1712
f 1632//1632 1633//1633 1714//1714
f 1632//1632 1714//1714 1713//1713
f 1633//1633 1634//1634 1715//1715
f 1633//1633 1715//1715 1714//1714
f 1634//1634 1635//1635 1716//1716
f 1634//1634 1716//1716 1715//1715
f 1635//1635 1636//1636 1717//1717
f 1635//1635 1717//1717 1716//1716
f 1636//1636 1637//1637 1718//1718
f 1636//1636 1718//1718 1717//1717
f 1637//1637 1638//1638 1719//1719
f 1637//1637 1719//1719 1718//1718
f 1638//1638 1639//1639 1720//1720
f 1638//1638 1720//1720 1719//1719
f 1639//1639 1640//1640 1721//1721
f 1639//1639 1721//1721 1720//1720
f 1640//1640 1641//1641 1722//1722
f 1640//1640 1722//1722 1721//1721
f 1641//1641 1642//1642 1723//1723
f 1641//1641 1723//1723 1722//1722
f 1642//1642 1643//1643 1724//1724
f 1642//1642 1724//1724 1723//1723
f 1643//1643 1644//1644 1725//1725
f 1643//1643 1725//1725 1724//1724
f 1644//1644 1645//1645 1726//1726
f 1644//1644 1726//1726 1725//1725
f 1645//1645 1646//1646 1727//1727
f 1645//1645 1727//1727 1726//1726
f 1646//1646 1647//1647 1728//1728
f 1646//1646 1728//1728 1727//1727
f 1647//1647 1648//1648 1729//1729
f 1647//1647 1729//1729 1728//1728
f 1648//1648 1649//1649 1730//1730
f 1648//1648 1730//1730 1729//1729
f 1649//1649 1650//1650 1731//1731
f 1649//1649 1731//1731 1730//1730
f 1650//1650 1651//1651 1732//1732
f 1650//1650 1732//1732 1731//1731
f 1651//1651 1652//1652 1733//1733
f 1651//1651 1733//1733 1732//1732
f 1652//1652 1653//1653 1734//1734
f 1652//1652 1734//1734 1733//1733
f 1653//1653 1654//1654 1735//1735
f 1653//1653 1735//1735 1734//1734
f 1654//1654 1655//1655 1736//1736
f 1654//1654 1736//1736 1735//1735
f 1655//1655 1656//1656 1737//1737
f 1655//1655 1737//1737 1736//1736
f 1656//1656 1657//1657 1738//1738
f 1656//1656 1738//1738 1737//1737
f 1657//1657 1658//1658 1739//1739
f 1657//1657 1739//1739 1738//1738
f 1658//1658 1659//1659 1740//1740
f 1658//1658 1740//1740 1739//1739
f 1659//1659 1660//1660 1741//1741
f 1659//1659 1741//1741 1740//1740
f 1660//1660 1661//1661 1742//1742
f 1660//1660 1742//1742 1741//1741
f 1661//1661 1662//1662 1743//1743
f 1661//1661 1743//1743 1742//1742
f 1662//1662 1663//1663 1744//1744
f 1662//1662 1744//1744 1743//1743
f 1663//1663 1664//1664 1745//1745
f 1663//1663 1745//1745 1744//1744
f 1664//1664 1665//1665 1746//1746
f 1664//1664 1746//1746 1745//1745
f 1665//1665 1666//1666 1747//1747
f 1665//1665 1747//1747 1746//1746
f 1666//1666 1667//1667 1748//1748
f 1666//1666 1748//1748 1747//1747
f 1667//1667 1668//1668 1749//1749
f 1667//1667 1749//1749 1748//1748
f 1668//1668 1669//1669 1750//1750
f 1668//1668 1750//1750 1749//1749
f 1669//1669 1670//1670 1751//1751
f 1669//1669 1751//1751 1750//1750
f 1670//1670 1671//1671 1752//1752
f 1670//1670 1752//1752 1751//1751
f 1671//1671 1672//1672 1753//1753
f 1671//1671 1753//1753 1752//1752
f 1672//1672 1673//1673 1754//1754
f 1672//1672 1754//1754 1753//1753
f 1673//1673 1674//1674 1755//1755
f 1673//1673 1755//1755 1754//1754
f 1674//1674 1675//1675 1756//1756
f 1674//1674 1756//1756 1755//1755
f 1675//1675 1676//1676 1757//1757
f 1675//1675 1757//1757 1756//1756
f 1676//1676 1677//1677 1758//1758
f 1676//1676 1758//1758 1757//1757
f 1677//1677 1678//1678 1759//1759
f 1677//1677 1759//1759 1758//1758
f 1678//1678 1679//1679 1760//1760
f 1678//1678 1760//1760 1759//1759
f 1679//1679 1680//1680 1761//1761
f 1679//1679 1761//1761 1760//1760
f 1680//1680 1681//1681 1762//1762
f 1680//1680 1762//1762 1761//1761
f 1681//1681 1682//1682 1763//1763
f 1681//1681 1763//1763 1762//1762
f 1682//1682 1683//1683 1764//1764
f 1682//1682 1764//1764 1763//1763
f 1683//1683 1684//1684 1765//1765
f 1683//1683 1765//1765 1764//1764
f 1684//1684 1685//1685 1766//1766
f 1684//1684 1766//1766 1765//1765
f 1685//1685 1686//1686 1767//1767
f 1685//1685 1767//1767 1766//1766
f 1686//1686 1687//1687 1768//1768
f 1686//1686 1768//1768 1767//1767
f 1687//1687 1688//1688 1769//1769
f 1687//1687 1769//1769 1768//1768
f 1688//1688 1689//1689 1770//1770
f 1688//1688 1770//1770 1769//1769
f 1689//1689 1690//1690 1771//1771
f 1689//1689 1771//1771 1770//1770
f 1690//1690 1691//1691 1772//1772
f 1690//1690 1772//1772 1771//1771
f 1691//1691 1692//1692 1773//1773
f 1691//1691 1773//1773 1772//1772
f 1692//1692 1693//1693 1774//1774
f 1692//1692 1774//1774 1773//1773
f 1693//1693 1694//1694 1775//1775
f 1693//1693 1775//1775 1774//1774
f 1694//1694 1695//1695 1776//1776
f 1694//1694 1776//1776 1775//1775
f 1695//1695 1696//1696 1777//1777
f 1695//1695 1777//1777 1776//1776
f 1696//1696 1697//1697 1778//1778
f 1696//1696 1778//1778 1777//1777
f 1697//1697 1698//1698 1779//1779
f 1697//1697 1779//1779 1778//1778
f 1698//1698 1699//1699 1780//1780
f 1698//1698 1780//1780 1779//1779
f 1699//1699 1700//1700 1781//1781
f 1699//1699 1781//1781 1780//1780
f 1700//1700 1701//1701 1782//1782
f 1700//1700 1782//1782 1781//1781
f 1702//1702 1703//1703 1784//1784
f 1702//1702 1784//1784 1783//1783
f 1703//1703 1704//1704 1785//1785
f 1703//1703 1785//1785 1784//1784
f 1704//1704 1705//1705 1786//1786
f 1704//1704 1786//1786 1785//1785
f 1705//1705 1706//1706 1787//1787
f 1705//1705 1787//1787 1786//1786
f 1706//1706 1707//1707 1788//1788
f 1706//1706 1788//1788 1787//1787
f 1707//1707 1708//1708 1789//1789
f 1707//1707 1789//1789 1788//1788
f 1708//1708 1709//1709 1790//1790
f 1708//1708 1790//1790 1789//1789
f 1709//1709 1710//1710 1791//1791
f 1709//1709 1791//1791 1790//1790
f 1710//1710 1711//1711 1792//1792
f 1710//1710 1792//1792 1791//1791
f 1711//1711 1712//1712 1793//1793
f 1711//1711 1793//1793 1792//1792
f 1712//1712 1713//1713 1794//1794
f 1712//1712 1794//1794 1793//1793
f 1713//1713 1714//1714 1795//1795
f 1713//1713 1795//1795 1794//1794
f 1714//1714 1715//1715 1796//1796
f 1714//1714 1796//1796 1795//1795
f 1715//1715 1716//1716 1797//1797
f 1715//1715 1797//1797 1796//1796
f 1716//1716 1717//1717 1798//1798
f 1716//1716 1798//1798 1797//1797
f 1717//1717 1718//1718 1799//1799
f 1717//1717 1799//1799 1798//1798
f 1718//1718 1719//1719 1800//1800
f 1718//1718 1800//1800 1799//1799
f 1719//1719 1720//1720 1801//1801
f 1719//1719 1801//1801 1800//1800
f 1720//1720 1721//1721 1802//1802
f 1720//1720 1802//1802 1801//1801
f 1721//1721 1722//1722 1803//1803
f 1721//1721 1803//1803 1802//1802
f 1722//1722 1723//1723 1804//1804
f 1722//1722 1804//1804 1803//1803
f 1723//1723 1724//1724 1805//1805
f 1723//1723 1805//1805 1804//1804
f 1724//1724 1725//1725 1806//1806
f 1724//1724 1806//1806 1805//1805
f 1725//1725 1726//1726 1807//1807
f 1725//1725 1807//1807 1806//1806
f 1726//1726 1727//1727 1808//1808
f 1726//1726 1808//1808 1807//1807
f 1727//1727 1728//1728 1809//1809
f 1727//1727 1809//1809 1808//1808
f 1728//1728 1729//1729 1810//1810
f 1728//1728 1810//1810 1809//1809
f 1729//1729 1730//1730 1811//1811
f 1729//1729 1811//1811 1810//1810
f 1730//1730 1731//1731 1812//1812
f 1730//1730 1812//1812 1811//1811
f 1731//1731 1732//1732 1813//1813
f 1731//1731 1813//1813 1812//1812
f 1732//1732 1733//1733 1814//1814
f 1732//1732 1814//1814 1813//1813
f 1733//1733 1734//1734 1815//1815
f 1733//1733 1815//1815 1814//1814
f 1734//1734 1735//1735 1816//1816
f 1734//1734 1816//1816 1815//1815
f 1735//1735 1736//1736 1817//1817
f 1735//1735 1817//1817 1816//1816
f 1736//1736 1737//1737 1818//1818
f 1736//1736 1818//1818 1817//1817
f 1737//1737 1738//1738 1819//1819
f 1737//1737 1819//1819 1818//1818
f 1738//1738 1739//1739 1820//1820
f 1738//1738 1820//1820 1819//1819
f 1739//1739 1740//1740 1821//1821
f 1739//1739 1821//1821 1820//1820
f 1740//1740 1741//1741 1822//1822
f 1740//1740 1822//1822 1821//1821
f 1741//1741 1742//1742 1823//1823
f 1741//1741 1823//1823 1822//1822
f 1742//1742 1743//1743 1824//1824
f 1742//1742 1824//1824 1823//1823
f 1743//1743 1744//1744 1825//1825
f 1743//1743 1825//1825 1824//1824
f 1744//1744 1745//1745 1826//1826
f 1744//1744 1826//1826 1825//1825
f 1745//1745 1746//1746 1827//1827
f 1745//1745 1827//1827 1826//1826
f 1746//1746 1747//1747 1828//1828
f 1746//1746 1828//1828 1827//1827
f 1747//1747 1748//1748 1829//1829
f 1747//1747 1829//1829 1828//1828
f 1748//1748 1749//1749 1830//1830
f 1748//1748 1830//1830 1829//1829
f 1749//1749 1750//1750 1831//1831
f 1749//1749 1831//1831 1830//1830
f 1750//1750 1751//1751 1832//1832
f 1750//1750 1832//1832 1831//1831
f 1751//1751 1752//1752 1833//1833
f 1751//1751 1833//1833 1832//1832
f 1752//1752 1753//1753 1834//1834
f 1752//1752 1834//1834 1833//1833
f 1753//1753 1754//1754 1835//1835
f 1753//1753 1835//1835 1834//1834
f 1754//1754 1755//1755 1836//1836
f 1754//1754 1836//1836 1835//1835
f 1755//1755 1756//1756 1837//1837
f 1755//1755 1837//1837 1836//1836
f 1756//1756 1757//1757 1838//1838
f 1756//1756 1838//1838 1837//1837
f 1757//1757 1758//1758 1839//1839
f 1757//1757 1839//1839 1838//1838
f 1758//1758 1759//1759 1840//1840
f 1758//1758 1840//1840 1839//1839
f 1759//1759 1760//1760 1841//1841
f 1759//1759 1841//1841 1840//1840
f 1760//1760 1761//1761 1842//1842
f 1760//1760 1842//1842 1841//1841
f 1761//1761 1762//1762 1843//1843
f 1761//1761 1843//1843 1842//1842
f 1762//1762 1763//1763 1844//1844
f 1762//1762 1844//1844 1843//1843
f 1763//1763 1764//1764 1845//1845
f 1763//1763 1845//1845 1844//1844
f 1764//1764 1765//1765 1846//1846
f 1764//1764 1846//1846 1845//1845
f 1765//1765 1766//1766 1847//1847
f 1765//1765 1847//1847 1846//1846
f 1766//1766 1767//1767 1848//1848
f 1766//1766 1848//1848 1847//1847
f 1767//1767 1768//1768 1849//1849
f 1767//1767 1849//1849 1848//1848
f 1768//1768 1769//1769 1850//1850
f 1768//1768 1850//1850 1849//1849
f 1769//1769 1770//1770 1851//1851
f 1769//1769 1851//1851 1850//1850
f 1770//1770 1771//1771 1852//1852
f 1770//1770 1852//1852 1851//1851
f 1771//1771 1772//1772 1853//1853
f 1771//1771 1853//1853 1852//1852
f 1772//1772 1773//1773 1854//1854
f 1772//1772 1854//1854 1853//1853
f 1773//1773 1774//1774 1855//1855
f 1773//1773 1855//1855 1854//1854
f 1774//1774 1775//1775 1856//1856
f 1774//1774 1856//1856 1855//1855
f 1775//1775 1776//1776 1857//1857
f 1775//1775 1857//1857 1856//1856
f 1776//1776 1777//1777 1858//1858
f 1776//1776 1858//1858 1857//1857
f 1777//1777 1778//1778 1859//1859
f 1777//1777 1859//1859 1858//1858
f 1778//1778 1779//1779 1860//1860
f 1778//1778 1860//1860 1859//1859
f 1779//1779 1780//1780 1861//1861
f 1779//1779 1861//1861 1860//1860
f 1780//1780 1781//1781 1862//1862
f 1780//1780 1862//1862 1861//1861
f 1781//1781 1782//1782 1863//1863
f 1781//1781 1863//1863 1862//1862
f 1783//1783 1784//1784 1865//1865
f 1783//1783 1865//1865 1864//1864
f 1784//1784 1785//1785 1866//1866
f 1784//1784 1866//1866 1865//1865
f 1785//1785 1786//1786 1867//1867
f 1785//1785 1867//1867 1866//1866
f 1786//1786 1787//1787 1868//1868
f 1786//1786 1868//1868 1867//1867
f 1787//1787 1788//1788 1869//1869
f 1787//1787 1869//1869 1868//1868
f 1788//1788 1789//1789 1870//1870
f 1788//1788 1870//1870 1869//1869
f 1789//1789 1790//1790 1871//1871
f 1789//1789 1871//1871 1870//1870
f 1790//1790 1791//1791 1872//1872
f 1790//1790 1872//1872 1871//1871
f 1791//1791 1792//1792 1873//1873
f 1791//1791 1873//1873 1872//1872
f 1792//1792 1793//1793 1874//1874
f 1792//1792 1874//1874 1873//1873
f 1793//1793 1794//1794 1875//1875
f 1793//1793 1875//1875 1874//1874
f 1794//1794 1795//1795 1876//1876
f 1794//1794 1876//1876 1875//1875
f 1795//1795 1796//1796 1877//1877
f 1795//1795 1877//1877 1876//1876
f 1796//1796 1797//1797 1878//1878
f 1796//1796 1878//1878 1877//1877
f 1797//1797 1798//1798 1879//1879
f 1797//1797 1879//1879 1878//1878
f 1798//1798 1799//1799 1880//1880
f 1798//1798 1880//1880 1879//1879
f 1799//1799 1800//1800 1881//1881
f 1799//1799 1881//1881 1880//1880
f 1800//1800 1801//1801 1882//1882
f 1800//1800 1882//1882 1881//1881
f 1801//1801 1802//1802 1883//1883
f 1801//1801 1883//1883 1882//1882
f 1802//1802 1803//1803 1884//1884
f 1802//1802 1884//1884 1883//1883
f 1803//1803 1804//1804 1885//1885
f 1803//1803 1885//1885 1884//1884
f 1804//1804 1805//1805 1886//1886
f 1804//1804 1886//1886 1885//1885
f 1805//1805 1806//1806 1887//1887
f 1805//1805 1887//1887 1886//1886
f 1806//1806 1807//1807 1888//1888
f 1806//1806 1888//1888 1887//1887
f 1807//1807 1808//1808 1889//1889
f 1807//1807 1889//1889 1888//1888
f 1808//1808 1809//1809 1890//1890
f 1808//1808 1890//1890 1889//1889
f 1809//1809 1810//1810 1891//1891
f 1809//1809 1891//1891 1890//1890
f 1810//1810 1811//1811 1892//1892
f 1810//1810 1892//1892 1891//1891
f 1811//1811 1812//1812 1893//1893
f 1811//1811 1893//1893 1892//1892
f 1812//1812 1813//1813 1894//1894
f 1812//1812 1894//1894 1893//1893
f 1813//1813 1814//1814 1895//1895
f 1813//1813 1895//1895 1894//1894
f 1814//1814 1815//1815 1896//1896
f 1814//1814 1896//1896 1895//1895
f 1815//1815 1816//1816 1897//1897
f 1815//1815 1897//1897 1896//1896
f 1816//1816 1817//1817 1898//1898
f 1816//1816 1898//1898 1897//1897
f 1817//1817 1818//1818 1899//1899
f 1817//1817 1899//1899 1898//1898
f 1818//1818 1819//1819 1900//1900
f 1818//1818 1900//1900 1899//1899
f 1819//1819 1820//1820 1901//1901
f 1819//1819 1901//1901 1900//1900
f 1820//1820 1821//1821 1902//1902
f 1820//1820 1902//1902 1901//1901
f 1821//1821 1822//1822 1903//1903
f 1821//1821 1903//1903 1902//1902
f 1822//1822 1823//1823 1904//1904
f 1822//1822 1904//1904 1903//1903
f 1823//1823 1824//1824 1905//1905
f 1823//1823 1905//1905 1904//1904
f 1824//1824 1825//1825 1906//1906
f 1824//1824 1906//1906 1905//1905
f 1825//1825 1826//1826 1907//1907
f 1825//1825 1907//1907 1906//1906
f 1826//1826 1827//1827 1908//1908
f 1826//1826 1908//1908 1907//1907
f 1827//1827 1828//1828 1909//1909
f 1827//1827 1909//1909 1908//1908
f 1828//1828 1829//1829 1910//1910
f 1828//1828 1910//1910 1909//1909
f 1829//1829 1830//1830 1911//1911
f 1829//1829 1911//1911 1910//1910
f 1830//1830 1831//1831 1912//1912
f 1830//1830 1912//1912 1911//1911
f 1831//1831 1832//1832 1913//1913
f 1831//1831 1913//1913 1912//1912
f 1832//1832 1833//1833 1914//1914
f 1832//1832 1914//1914 1913//1913
f 1833//1833 1834//1834 1915//1915
f 1833//1833 1915//1915 1914//1914
f 1834//1834 1835//1835 1916//1916
f 1834//1834 1916//1916 1915//1915
f 1835//1835 1836//1836 1917//1917
f 1835//1835 1917//1917 1916//1916
f 1836//1836 1837//1837 1918//1918
f 1836//1836 1918//1918 1917//1917
f 1837//1837 1838//1838 1919//1919
f 1837//1837 1919//1919 1918//1918
f 1838//1838 1839//1839 1920//1920
f 1838//1838 1920//1920 1919//1919
f 1839//1839 1840//1840 1921//1921
f 1839//1839 1921//1921 1920//1920
f 1840//1840 1841//1841 1922//1922
f 1840//1840 1922//1922 1921//1921
f 1841//1841 1842//1842 1923//1923
f 1841//1841 1923//1923 1922//1922
f 1842//1842 1843//1843 1924//1924
f 1842//1842 1924//1924 1923//1923
f 1843//1843 1844//1844 1925//1925
f 1843//1843 1925//1925 1924//1924
f 1844//1844 1845//1845 1926//1926
f 1844//1844 1926//1926 1925//1925
f 1845//1845 1846//1846 1927//1927
f 1845//1845 1927//1927 1926//1926
f 1846//1846 1847//1847 1928//1928
f 1846//1846 1928//1928 1927//1927
f 1847//1847 1848//1848 1929//1929
f 1847//1847 1929//1929 1928//1928
f 1848//1848 1849//1849 1930//1930
f 1848//1848 1930//1930 1929//1929
f 1849//1849 1850//1850 1931//1931
f 1849//1849 1931//1931 1930//1930
f 1850//1850 1851//1851 1932//1932
f 1850//1850 1932//1932 1931//1931
f 1851//1851 1852//1852 1933//1933
f 1851//1851 1933//1933 1932//1932
f 1852//1852 1853//1853 1934//1934
f 1852//1852 1934//1934 1933//1933
f 1853//1853 1854//1854 1935//1935
f 1853//1853 1935//1935 1934//1934
f 1854//1854 1855//1855 1936//1936
f 1854//1854 1936//1936 1935//1935
f 1855//1855 1856//1856 1937//1937
f 1855//1855 1937//1937 1936//1936
f 1856//1856 1857//1857 1938//1938
f 1856//1856 1938//1938 1937//1937
f 1857//1857 1858//1858 1939//1939
f 1857//1857 1939//1939 1938//1938
f 1858//1858 1859//1859 1940//1940
f 1858//1858 1940//1940 1939//1939
f 1859//1859 1860//1860 1941//1941
f 1859//1859 1941//1941 1940//1940
f 1860//1860 1861//1861 1942//1942
f 1860//1860 1942//1942 1941//1941
f 1861//1861 1862//1862 1943//1943
f 1861//1861 1943//1943 1942//1942
f 1862//1862 1863//1863 1944//1944
f 1862//1862 1944//1944 1943//1943
f 1864//1864 1865//1865 1946//1946
f 1864//1864 1946//1946 1945//1945
f 1865//1865 1866//1866 1947//1947
f 1865//1865 1947//1947 1946//1946
f 1866//1866 1867//1867 1948//1948
f 1866//1866 1948//1948 1947//1947
f 1867//1867 1868//1868 1949//1949
f 1867//1867 1949//1949 1948//1948
f 1868//1868 1869//1869 1950//1950
f 1868//1868 1950//1950 1949//1949
f 1869//1869 1870//1870 1951//1951
f 1869//1869 1951//1951 1950//1950
f 1870//1870 1871//1871 1952//1952
f 1870//1870 1952//1952 1951//1951
f 1871//1871 1872//1872 1953//1953
f 1871//1871 1953//1953 1952//1952
f 1872//1872 1873//1873 1954//1954
f 1872//1872 1954//1954 1953//1953
f 1873//1873 1874//1874 1955//1955
f 1873//1873 1955//1955 1954//1954
f 1874//1874 1875//1875 1956//1956
f 1874//1874 1956//1956 1955//1955
f 1875//1875 1876//1876 1957//1957
f 1875//1875 1957//1957 1956//1956
f 1876//1876 1877//1877 1958//1958
f 1876//1876 1958//1958 1957//1957
f 1877//1877 1878//1878 1959//1959
f 1877//1877 1959//1959 1958//1958
f 1878//1878 1879//1879 1960//1960
f 1878//1878 1960//1960 1959//1959
f 1879//1879 1880//1880 1961//1961
f 1879//1879 1961//1961 1960//1960
f 1880//1880 1881//1881 1962//1962
f 1880//1880 1962//1962 1961//1961
f 1881//1881 1882//1882 1963//1963
f 1881//1881 1963//1963 1962//1962
f 1882//1882 1883//1883 1964//1964
f 1882//1882 1964//1964 1963//1963
f 1883//1883 1884//1884 1965//1965
f 1883//1883 1965//1965 1964//1964
f 1884//1884 1885//1885 1966//1966
f 1884//1884 1966//1966 1965//1965
f 1885//1885 1886//1886 1967//1967
f 1885//1885 1967//1967 1966//1966
f 1886//1886 1887//1887 1968//1968
f 1886//1886 1968//1968 1967//1967
f 1887//1887 1888//1888 1969//1969
f 1887//1887 1969//1969 1968//1968
f 1888//1888 1889//1889 1970//1970
f 1888//1888 1970//1970 1969//1969
f 1889//1889 1890//1890 1971//1971
f 1889//1889 1971//1971 1970//1970
f 1890//1890 1891//1891 1972//1972
f 1890//1890 1972//1972 1971//1971
f 1891//1891 1892//1892 1973//1973
f 1891//1891 1973//1973 1972//1972
f 1892//1892 1893//1893 1974//1974
f 1892//1892 1974//1974 1973//1973
f 1893//1893 1894//1894 1975//1975
f 1893//1893 1975//1975 1974//1974
f 1894//1894 1895//1895 1976//1976
f 1894//1894 1976//1976 1975//1975
f 1895//1895 1896//1896 1977//1977
f 1895//1895 1977//1977 1976//1976
f 1896//1896 1897//1897 1978//1978
f 1896//1896 1978//1978 1977//1977
f 1897//1897 1898//1898 1979//1979
f 1897//1897 1979//1979 1978//1978
f 1898//1898 1899//1899 1980//1980
f 1898//1898 1980//1980 1979//1979
f 1899//1899 1900//1900 1981//1981
f 1899//1899 1981//1981 1980//1980
f 1900//1900 1901//1901 1982//1982
f 1900//1900 1982//1982 1981//1981
f 1901//1901 1902//1902 1983//1983
f 1901//1901 1983//1983 1982//1982
f 1902//1902 1903//1903 1984//1984
f 1902//1902 1984//1984 1983//1983
f 1903//1903 1904//1904 1985//1985
f 1903//1903 1985//1985 1984//1984
f 1904//1904 1905//1905 1986//1986
f 1904//1904 1986//1986 1985//1985
f 1905//1905 1906//1906 1987//1987
f 1905//1905 1987//1987 1986//1986
f 1906//1906 1907//1907 1988//1988
f 1906//1906 1988//1988 1987//1987
f 1907//1907 1908//1908 1989//1989
f 1907//1907 1989//1989 1988//1988
f 1908//1908 1909//1909 1990//1990
f 1908//1908 1990//1990 1989//1989
f 1909//1909 1910//1910 1991//1991
f 1909//1909 1991//1991 1990//1990
f 1910//1910 1911//1911 1992//1992
f 1910//1910 1992//1992 1991//1991
f 1911//1911 1912//1912 1993//1993
f 1911//1911 1993//1993 1992//1992
f 1912//1912 1913//1913 1994//1994
f 1912//1912 1994//1994 1993//1993
f 1913//1913 1914//1914 1995//1995
f 1913//1913 1995//1995 1994//1994
f 1914//1914 1915//1915 1996//1996
f 1914//1914 1996//1996 1995//1995
f 1915//1915 1916//1916 1997//1997
f 1915//1915 1997//1997 1996//1996
f 1916//1916 1917//1917 1998//1998
f 1916//1916 1998//1998 1997//1997
f 1917//1917 1918//1918 1999//1999
f 1917//1917 1999//1999 1998//1998
f 1918//1918 1919//1919 2000//2000
f 1918//1918 2000//2000 1999//1999
f 1919//1919 1920//1920 2001//2001
f 1919//1919 2001//2001 2000//2000
f 1920//1920 1921//1921 2002//2002
f 1920//1920 2002//2002 2001//2001
f 1921//1921 1922//1922 2003//2003
f 1921//1921 2003//2003 2002//2002
f 1922//1922 1923//1923 2004//2004
f 1922//1922 2004//2004 2003//2003
f 1923//1923 1924//1924 2005//2005
f 1923//1923 2005//2005 2004//2004
f 1924//1924 1925//1925 2006//2006
f 1924//1924 2006//2006 2005//2005
f 1925//1925 1926//1926 2007//2007
f 1925//1925 2007//2007 2006//2006
f 1926//1926 1927//1927 2008//2008
f 1926//1926 2008//2008 2007//2007
f 1927//1927 1928//1928 2009//2009
f 1927//1927 2009//2009 2008//2008
f 1928//1928 1929//1929 2010//2010
f 1928//1928 2010//2010 2009//2009
f 1929//1929 1930//1930 2011//2011
f 1929//1929 2011//2011 2010//2010
f 1930//1930 1931//1931 2012//2012
f 1930//1930 2012//2012 2011//2011
f 1931//1931 1932//1932 2013//2013
f 1931//1931 2013//2013 2012//2012
f 1932//1932 1933//1933 2014//2014
f 1932//1932 2014//2014 2013//2013
f 1933//1933 1934//1934 2015//2015
f 1933//1933 2015//2015 2014//2014
f 1934//1934 1935//1935 2016//2016
f 1934//1934 2016//2016 2015//2015
f 1935//1935 1936//1936 2017//2017
f 1935//1935 2017//2017 2016//2016
f 1936//1936 1937//1937 2018//2018
f 1936//1936 2018//2018 2017//2017
f 1937//1937 1938//1938 2019//2019
f 1937//1937 2019//2019 2018//2018
f 1938//1938 1939//1939 2020//2020
f 1938//1938 2020//2020 2019//2019
f 1939//1939 1940//1940 2021//2021
f 1939//1939 2021//2021 2020//2020
f 1940//1940 1941//1941 2022//2022
f 1940//1940 2022//2022 2021//2021
f 1941//1941 1942//1942 2023//2023
f 1941//1941 2023//2023 2022//2022
f 1942//1942 1943//1943 2024//2024
f 1942//1942 2024//2024 2023//2023
f 1943//1943 1944//1944 2025//2025
f 1943//1943 2025//2025 2024//2024
f 1945//1945 1946//1946 2027//2027
f 1945//1945 2027//2027 2026//2026
f 1946//1946 1947//1947 2028//2028
f 1946//1946 2028//2028 2027//2027
f 1947//1947 1948//1948 2029//2029
f 1947//1947 2029//2029 2028//2028
f 1948//1948 1949//1949 2030//2030
f 1948//1948 2030//2030 2029//2029
f 1949//1949 1950//1950 2031//2031
f 1949//1949 2031//2031 2030//2030
f 1950//1950 1951//1951 2032//2032
f 1950//1950 2032//2032 2031//2031
f 1951//1951 1952//1952 2033//2033
f 1951//1951 2033//2033 2032//2032
f 1952//1952 1953//1953 2034//2034
f 1952//1952 2034//2034 2033//2033
f 1953//1953 1954//1954 2035//2035
f 1953//1953 2035//2035 2034//2034
f 1954//1954 1955//1955 2036//2036
f 1954//1954 2036//2036 2035//2035
f 1955//1955 1956//1956 2037//2037
f 1955//1955 2037//2037 2036//2036
f 1956//1956 1957//1957 2038//2038
f 1956//1956 2038//2038 2037//2037
f 1957//1957 1958//1958 2039//2039
f 1957//1957 2039//2039 2038//2038
f 1958//1958 1959//1959 2040//2040
f 1958//1958 2040//2040 2039//2039
f 1959//1959 1960//1960 2041//2041
f 1959//1959 2041//2041 2040//2040
f 1960//1960 1961//1961 2042//2042
f 1960//1960 2042//2042 2041//2041
f 1961//1961 1962//1962 2043//2043
f 1961//1961 2043//2043 2042//2042
f 1962//1962 1963//1963 2044//2044
f 1962//1962 2044//2044 2043//2043
f 1963//1963 1964//1964 2045//2045
f 1963//1963 2045//2045 2044//2044
f 1964//1964 1965//1965 2046//2046
f 1964//1964 2046//2046 2045//2045
f 1965//1965 1966//1966 2047//2047
f 1965//1965 2047//2047 2046//2046
f 1966//1966 1967//1967 2048//2048
f 1966//1966 2048//2048 2047//2047
f 1967//1967 1968//1968 2049//2049
f 1967//1967 2049//2049 2048//2048
f 1968//1968 1969//1969 2050//2050
f 1968//1968 2050//2050 2049//2049
f 1969//1969 1970//1970 2051//2051
f 1969//1969 2051//2051 2050//2050
f 1970//1970 1971//1971 2052//2052
f 1970//1970 2052//2052 2051//2051
f 1971//1971 1972//1972 2053//2053
f 1971//1971 2053//2053 2052//2052
f 1972//1972 1973//1973 2054//2054
f 1972//1972 2054//2054 2053//2053
f 1973//1973 1974//1974 2055//2055
f 1973//1973 2055//2055 2054//2054
f 1974//1974 1975//1975 2056//2056
f 1974//1974 2056//2056 2055//2055
f 1975//1975 1976//1976 2057//2057
f 1975//1975 2057//2057 2056//2056
f 1976//1976 1977//1977 2058//2058
f 1976//1976 2058//2058 2057//2057
f 1977//1977 1978//1978 2059//2059
f 1977//1977 2059//2059 2058//2058
f 1978//1978 1979//1979 2060//2060
f 1978//1978 2060//2060 2059//2059
f 1979//1979 1980//1980 2061//2061
f 1979//1979 2061//2061 2060//2060
f 1980//1980 1981//1981 2062//2062
f 1980//1980 2062//2062 2061//2061
f 1981//1981 1982//1982 2063//2063
f 1981//1981 2063//2063 2062//2062
f 1982//1982 1983//1983 2064//2064
f 1982//1982 2064//2064 2063//2063
f 1983//1983 1984//1984 2065//2065
f 1983//1983 2065//2065 2064//2064
f 1984//1984 1985//1985 2066//2066
f 1984//1984 2066//2066 2065//2065
f 1985//1985 1986//1986 2067//2067
f 1985//1985 2067//2067 2066//2066
f 1986//1986 1987//1987 2068//2068
f 1986//1986 2068//2068 2067//2067
f 1987//1987 1988//1988 2069//2069
f 1987//1987 2069//2069 2068//2068
f 1988//1988 1989//1989 2070//2070
f 1988//1988 2070//2070 2069//2069
f 1989//1989 1990//1990 2071//2071
f 1989//1989 2071//2071 2070//2070
f 1990//1990 1991//1991 2072//2072
f 1990//1990 2072//2072 2071//2071
f 1991//1991 1992//1992 2073//2073
f 1991//1991 2073//2073 2072//2072
f 1992//1992 1993//1993 2074//2074
f 1992//1992 2074//2074 2073//2073
f 1993//1993 1994//1994 2075//2075
f 1993//1993 2075//2075 2074//2074
f 1994//1994 1995//1995 2076//2076
f 1994//1994 2076//2076 2075//2075
f 1995//1995 1996//1996 2077//2077
f 1995//1995 2077//2077 2076//2076
f 1996//1996 1997//1997 2078//2078
f 1996//1996 2078//2078 2077//2077
f 1997//1997 1998//1998 2079//2079
f 1997//1997 2079//2079 2078//2078
f 1998//1998 1999//1999 2080//2080
f 1998//1998 2080//2080 2079//2079
f 1999//1999 2000//2000 2081//2081
f 1999//1999 2081//2081 2080//2080
f 2000//2000 2001//2001 2082//2082
f 2000//2000 2082//2082 2081//2081
f 2001//2001 2002//2002 2083//2083
f 2001//2001 2083//2083 2082//2082
f 2002//2002 2003//2003 2084//2084
f 2002//2002 2084//2084 2083//2083
f 2003//2003 2004//2004 2085//2085
f 2003//2003 2085//2085 2084//2084
f 2004//2004 2005//2005 2086//2086
f 2004//2004 2086//2086 2085//2085
f 2005//2005 2006//2006 2087//2087
f 2005//2005 2087//2087 2086//2086
f 2006//2006 2007//2007 2088//2088
f 2006//2006 2088//2088 2087//2087
f 2007//2007 2008//2008 2089//2089
f 2007//2007 2089//2089 2088//2088
f 2008//2008 2009//2009 2090//2090
f 2008//2008 2090//2090 2089//2089
f 2009//2009 2010//2010 2091//2091
f 2009//2009 2091//2091 2090//2090
f 2010//2010 2011//2011 2092//2092
f 2010//2010 2092//2092 2091//2091
f 2011//2011 2012//2012 2093//2093
f 2011//2011 2093//2093 2092//2092
f 2012//2012 2013//2013 2094//2094
f 2012//2012 2094//2094 2093//2093
f 2013//2013 2014//2014 2095//2095
f 2013//2013 2095//2095 2094//2094
f 2014//2014 2015//2015 2096//2096
f 2014//2014 2096//2096 2095//2095
f 2015//2015 2016//2016 2097//2097
f 2015//2015 2097//2097 2096//2096
f 2016//2016 2017//2017 2098//2098
f 2016//2016 2098//2098 2097//2097
f 2017//2017 2018//2018 2099//2099
f 2017//2017 2099//2099 2098//2098
f 2018//2018 2019//2019 2100//2100
f 2018//2018 2100//2100 2099//2099
f 2019//2019 2020//2020 2101//2101
f 2019//2019 2101//2101 2100//2100
f 2020//2020 2021//2021 2102//2102
f 2020//2020 2102//2102 2101//2101
f 2021//2021 2022//2022 2103//2103
f 2021//2021 2103//2103 2102//2102
f 2022//2022 2023//2023 2104//2104
f 2022//2022 2104//2104 2103//2103
f 2023//2023 2024//2024 2105//2105
f 2023//2023 2105//2105 2104//2104
f 2024//2024 2025//2025 2106//2106
f 2024//2024 2106//2106 2105//2105
f 2026//2026 2027//2027 2108//2108
f 2026//2026 2108//2108 2107//2107
f 2027//2027 2028//2028 2109//2109
f 2027//2027 2109//2109 2108//2108
f 2028//2028 2029//2029 2110//2110
f 2028//2028 2110//2110 2109//2109
f 2029//2029 2030//2030 2111//2111
f 2029//2029 2111//2111 2110//2110
f 2030//2030 2031//2031 2112//2112
f 2030//2030 2112//2112 2111//2111
f 2031//2031 2032//2032 2113//2113
f 2031//2031 2113//2113 2112//2112
f 2032//2032 2033//2033 2114//2114
f 2032//2032 2114//2114 2113//2113
f 2033//2033 2034//2034 2115//2115
f 2033//2033 2115//2115 2114//2114
f 2034//2034 2035//2035 2116//2116
f 2034//2034 2116//2116 2115//2115
f 2035//2035 2036//2036 2117//2117
f 2035//2035 2117//2117 2116//2116
f 2036//2036 2037//2037 2118//2118
f 2036//2036 2118//2118 2117//2117
f 2037//2037 2038//2038 2119//2119
f 2037//2037 2119//2119 2118//2118
f 2038//2038 2039//2039 2120//2120
f 2038//2038 2120//2120 2119//2119
f 2039//2039 2040//2040 2121//2121
f 2039//2039 2121//2121 2120//2120
f 2040//2040 2041//2041 2122//2122
f 2040//2040 2122//2122 2121//2121
f 2041//2041 2042//2042 2123//2123
f 2041//2041 2123//2123 2122//2122
f 2042//2042 2043//2043 2124//2124
f 2042//2042 2124//2124 2123//2123
f 2043//2043 2044//2044 2125//2125
f 2043//2043 2125//2125 2124//2124
f 2044//2044 2045//2045 2126//2126
f 2044//2044 2126//2126 2125//2125
f 2045//2045 2046//2046 2127//2127
f 2045//2045 2127//2127 2126//2126
f 2046//2046 2047//2047 2128//2128
f 2046//2046 2128//2128 2127//2127
f 2047//2047 2048//2048 2129//2129
f 2047//2047 2129//2129 2128//2128
f 2048//2048 2049//2049 2130//2130
f 2048//2048 2130//2130 2129//2129
f 2049//2049 2050//2050 2131//2131
f 2049//2049 2131//2131 2130//2130
f 2050//2050 2051//2051 2132//2132
f 2050//2050 2132//2132 2131//2131
f 2051//2051 2052//2052 2133//2133
f 2051//2051 2133//2133 2132//2132
f 2052//2052 2053//2053 2134//2134
f 2052//2052 2134//2134 2133//2133
f 2053//2053 2054//2054 2135//2135
f 2053//2053 2135//2135 2134//2134
f 2054//2054 2055//2055 2136//2136
f 2054//2054 2136//2136 2135//2135
f 2055//2055 2056//2056 2137//2137
f 2055//2055 2137//2137 2136//2136
f 2056//2056 2057//2057 2138//2138
f 2056//2056 2138//2138 2137//2137
f 2057//2057 2058//2058 2139//2139
f 2057//2057 2139//2139 2138//2138
f 2058//2058 2059//2059 2140//2140
f 2058//2058 2140//2140 2139//2139
f 2059//2059 2060//2060 2141//2141
f 2059//2059 2141//2141 2140//2140
f 2060//2060 2061//2061 2142//2142
f 2060//2060 2142//2142 2141//2141
f 2061//2061 2062//2062 2143//2143
f 2061//2061 2143//2143 2142//2142
f 2062//2062 2063//2063 2144//2144
f 2062//2062 2144//2144 2143//2143
f 2063//2063 2064//2064 2145//2145
f 2063//2063 2145//2145 2144//2144
f 2064//2064 2065//2065 2146//2146
f 2064//2064 2146//2146 2145//2145
f 2065//2065 2066//2066 2147//2147
f 2065//2065 2147//2147 2146//2146
f 2066//2066 2067//2067 2148//2148
f 2066//2066 2148//2148 2147//2147
f 2067//2067 2068//2068 2149//2149
f 2067//2067 2149//2149 2148//2148
f 2068//2068 2069//2069 2150//2150
f 2068//2068 2150//2150 2149//2149
f 2069//2069 2070//2070 2151//2151
f 2069//2069 2151//2151 2150//2150
f 2070//2070 2071//2071 2152//2152
f 2070//2070 2152//2152 2151//2151
f 2071//2071 2072//2072 2153//2153
f 2071//2071 2153//2153 2152//2152
f 2072//2072 2073//2073 2154//2154
f 2072//2072 2154//2154 2153//2153
f 2073//2073 2074//2074 2155//2155
f 2073//2073 2155//2155 2154//2154
f 2074//2074 2075//2075 2156//2156
f 2074//2074 2156//2156 2155//2155
f 2075//2075 2076//2076 2157//2157
f 2075//2075 2157//2157 2156//2156
f 2076//2076 2077//2077 2158//2158
f 2076//2076 2158//2158 2157//2157
f 2077//2077 2078//2078 2159//2159
f 2077//2077 2159//2159 2158//2158
f 2078//2078 2079//2079 2160//2160
f 2078//2078 2160//2160 2159//2159
f 2079//2079 2080//2080 2161//2161
f 2079//2079 2161//2161 2160//2160
f 2080//2080 2081//2081 2162//2162
f 2080//2080 2162//2162 2161//2161
f 2081//2081 2082//2082 2163//2163
f 2081//2081 2163//2163 2162//2162
f 2082//2082 2083//2083 2164//2164
f 2082//2082 2164//2164 2163//2163
f 2083//2083 2084//2084 2165//2165
f 2083//2083 2165//2165 2164//2164
f 2084//2084 2085//2085 2166//2166
f 2084//2084 2166//2166 2165//2165
f 2085//2085 2086//2086 2167//2167
f 2085//2085 2167//2167 2166//2166
f 2086//2086 2087//2087 2168//2168
f 2086//2086 2168//2168 2167//2167
f 2087//2087 2088//2088 2169//2169
f 2087//2087 2169//2169 2168//2168
f 2088//2088 2089//2089 2170//2170
f 2088//2088 2170//2170 2169//2169
f 2089//2089 2090//2090 2171//2171
f 2089//2089 2171//2171 2170//2170
f 2090//2090 2091//2091 2172//2172
f 2090//2090 2172//2172 2171//2171
f 2091//2091 2092//2092 2173//2173
f 2091//2091 2173//2173 2172//2172
f 2092//2092 2093//2093 2174//2174
f 2092//2092 2174//2174 2173//2173
f 2093//2093 2094//2094 2175//2175
f 2093//2093 2175//2175 2174//2174
f 2094//2094 2095//2095 2176//2176
f 2094//2094 2176//2176 2175//2175
f 2095//2095 2096//2096 2177//2177
f 2095//2095 2177//2177 2176//2176
f 2096//2096 2097//2097 2178//2178
f 2096//2096 2178//2178 2177//2177
f 2097//2097 2098//2098 2179//2179
f 2097//2097 2179//2179 2178//2178
f 2098//2098 2099//2099 2180//2180
f 2098//2098 2180//2180 2179//2179
f 2099//2099 2100//2100 2181//2181
f 2099//2099 2181//2181 2180//2180
f 2100//2100 2101//2101 2182//2182
f 2100//2100 2182//2182 2181//2181
f 2101//2101 2102//2102 2183//2183
f 2101//2101 2183//2183 2182//2182
f 2102//2102 2103//2103 2184//2184
f 2102//2102 2184//2184 2183//2183
f 2103//2103 2104//2104 2185//2185
f 2103//2103 2185//2185 2184//2184
f 2104//2104 2105//2105 2186//2186
f 2104//2104 2186//2186 2185//2185
f 2105//2105 2106//2106 2187//2187
f 2105//2105 2187//2187 2186//2186
f 2107//2107 2108//2108 2189//2189
f 2107//2107 2189//2189 2188//2188
f 2108//2108 2109//2109 2190//2190
f 2108//2108 2190//2190 2189//2189
f 2109//2109 2110//2110 2191//2191
f 2109//2109 2191//2191 2190//2190
f 2110//2110 2111//2111 2192//2192
f 2110//2110 2192//2192 2191//2191
f 2111//2111 2112//2112 2193//2193
f 2111//2111 2193//2193 2192//2192
f 2112//2112 2113//2113 2194//2194
f 2112//2112 2194//2194 2193//2193
f 2113//2113 2114//2114 2195//2195
f 2113//2113 2195//2195 2194//2194
f 2114//2114 2115//2115 2196//2196
f 2114//2114 2196//2196 2195//2195
f 2115//2115 2116//2116 2197//2197
f 2115//2115 2197//2197 2196//2196
f 2116//2116 2117//2117 2198//2198
f 2116//2116 2198//2198 2197//2197
f 2117//2117 2118//2118 2199//2199
f 2117//2117 2199//2199 2198//2198
f 2118//2118 2119//2119 2200//2200
f 2118//2118 2200//2200 2199//2199
f 2119//2119 2120//2120 2201//2201
f 2119//2119 2201//2201 2200//2200
f 2120//2120 2121//2121 2202//2202
f 2120//2120 2202//2202 2201//2201
f 2121//2121 2122//2122 2203//2203
f 2121//2121 2203//2203 2202//2202
f 2122//2122 2123//2123 2204//2204
f 2122//2122 2204//2204 2203//2203
f 2123//2123 2124//2124 2205//2205
f 2123//2123 2205//2205 2204//2204
f 2124//2124 2125//2125 2206//2206
f 2124//2124 2206//2206 2205//2205
f 2125//2125 2126//2126 2207//2207
f 2125//2125 2207//2207 2206//2206
f 2126//2126 2127//2127 2208//2208
f 2126//2126 2208//2208 2207//2207
f 2127//2127 2128//2128 2209//2209
f 2127//2127 2209//2209 2208//2208
f 2128//2128 2129//2129 2210//2210
f 2128//2128 2210//2210 2209//2209
f 2129//2129 2130//2130 2211//2211
f 2129//2129 2211//2211 2210//2210
f 2130//2130 2131//2131 2212//2212
f 2130//2130 2212//2212 2211//2211
f 2131//2131 2132//2132 2213//2213
f 2131//2131 2213//2213 2212//2212
f 2132//2132 2133//2133 2214//2214
f 2132//2132 2214//2214 2213//2213
f 2133//2133 2134//2134 2215//2215
f 2133//2133 2215//2215 2214//2214
f 2134//2134 2135//2135 2216//2216
f 2134//2134 2216//2216 2215//2215
f 2135//2135 2136//2136 2217//2217
f 2135//2135 2217//2217 2216//2216
f 2136//2136 2137//2137 2218//2218
f 2136//2136 2218//2218 2217//2217
f 2137//2137 2138//2138 2219//2219
f 2137//2137 2219//2219 2218//2218
f 2138//2138 2139//2139 2220//2220
f 2138//2138 2220//2220 2219//2219
f 2139//2139 2140//2140 2221//2221
f 2139//2139 2221//2221 2220//2220
f 2140//2140 2141//2141 2222//2222
f 2140//2140 2222//2222 2221//2221
f 2141//2141 2142//2142 2223//2223
f 2141//2141 2223//2223 2222//2222
f 2142//2142 2143//2143 2224//2224
f 2142//2142 2224//2224 2223//2223
f 2143//2143 2144//2144 2225//2225
f 2143//2143 2225//2225 2224//2224
f 2144//2144 2145//2145 2226//2226
f 2144//2144 2226//2226 2225//2225
f 2145//2145 2146//2146 2227//2227
f 2145//2145 2227//2227 2226//2226
f 2146//2146 2147//2147 2228//2228
f 2146//2146 2228//2228 2227//2227
f 2147//2147 2148//2148 2229//2229
f 2147//2147 2229//2229 2228//2228
f 2148//2148 2149//2149 2230//2230
f 2148//2148 2230//2230 2229//2229
f 2149//2149 2150//2150 2231//2231
f 2149//2149 2231//2231 2230//2230
f 2150//2150 2151//2151 2232//2232
f 2150//2150 2232//2232 2231//2231
f 2151//2151 2152//2152 2233//2233
f 2151//2151 2233//2233 2232//2232
f 2152//2152 2153//2153 2234//2234
f 2152//2152 2234//2234 2233//2233
f 2153//2153 2154//2154 2235//2235
f 2153//2153 2235//2235 2234//2234
f 2154//2154 2155//2155 2236//2236
f 2154//2154 2236//2236 2235//2235
f 2155//2155 2156//2156 2237//2237
f 2155//2155 2237//2237 2236//2236
f 2156//2156 2157//2157 2238//2238
f 2156//2156 2238//2238 2237//2237
f 2157//2157 2158//2158 2239//2239
f 2157//2157 2239//2239 2238//2238
f 2158//2158 2159//2159 2240//2240
f 2158//2158 2240//2240 2239//2239
f 2159//2159 2160//2160 2241//2241
f 2159//2159 2241//2241 2240//2240
f 2160//2160 2161//2161 2242//2242
f 2160//2160 2242//2242 2241//2241
f 2161//2161 2162//2162 2243//2243
f 2161//2161 2243//2243 2242//2242
f 2162//2162 2163//2163 2244//2244
f 2162//2162 2244//2244 2243//2243
f 2163//2163 2164//2164 2245//2245
f 2163//2163 2245//2245 2244//2244
f 2164//2164 2165//2165 2246//2246
f 2164//2164 2246//2246 2245//2245
f 2165//2165 2166//2166 2247//2247
f 2165//2165 2247//2247 2246//2246
f 2166//2166 2167//2167 2248//2248
f 2166//2166 2248//2248 2247//2247
f 2167//2167 2168//2168 2249//2249
f 2167//2167 2249//2249 2248//2248
f 2168//2168 2169//2169 2250//2250
f 2168//2168 2250//2250 2249//2249
f 2169//2169 2170//2170 2251//2251
f 2169//2169 2251//2251 2250//2250
f 2170//2170 2171//2171 2252//2252
f 2170//2170 2252//2252 2251//2251
f 2171//2171 2172//2172 2253//2253
f 2171//2171 2253//2253 2252//2252
f 2172//2172 2173//2173 2254//2254
f 2172//2172 2254//2254 2253//2253
f 2173//2173 2174//2174 2255//2255
f 2173//2173 2255//2255 2254//2254
f 2174//2174 2175//2175 2256//2256
f 2174//2174 2256//2256 2255//2255
f 2175//2175 2176//2176 2257//2257
f 2175//2175 2257//2257 2256//2256
f 2176//2176 2177//2177 2258//2258
f 2176//2176 2258//2258 2257//2257
f 2177//2177 2178//2178 2259//2259
f 2177//2177 2259//2259 2258//2258
f 2178//2178 2179//2179 2260//2260
f 2178//2178 2260//2260 2259//2259
f 2179//2179 2180//2180 2261//2261
f 2179//2179 2261//2261 2260//2260
f 2180//2180 2181//2181 2262//2262
f 2180//2180 2262//2262 2261//2261
f 2181//2181 2182//2182 2263//2263
f 2181//2181 2263//2263 2262//2262
f 2182//2182 2183//2183 2264//2264
f 2182//2182 2264//2264 2263//2263
f 2183//2183 2184//2184 2265//2265
f 2183//2183 2265//2265 2264//2264
f 2184//2184 2185//2185 2266//2266
f 2184//2184 2266//2266 2265//2265
f 2185//2185 2186//2186 2267//2267
f 2185//2185 2267//2267 2266//2266
f 2186//2186 2187//2187 2268//2268
f 2186//2186 2268//2268 2267//2267
f 2188//2188 2189//2189 2270//2270
f 2188//2188 2270//2270 2269//2269
f 2189//2189 2190//2190 2271//2271
f 2189//2189 2271//2271 2270//2270
f 2190//2190 2191//2191 2272//2272
f 2190//2190 2272//2272 2271//2271
f 2191//2191 2192//2192 2273//2273
f 2191//2191 2273//2273 2272//2272
f 2192//2192 2193//2193 2274//2274
f 2192//2192 2274//2274 2273//2273
f 2193//2193 2194//2194 2275//2275
f 2193//2193 2275//2275 2274//2274
f 2194//2194 2195//2195 2276//2276
f 2194//2194 2276//2276 2275//2275
f 2195//2195 2196//2196 2277//2277
f 2195//2195 2277//2277 2276//2276
f 2196//2196 2197//2197 2278//2278
f 2196//2196 2278//2278 2277//2277
f 2197//2197 2198//2198 2279//2279
f 2197//2197 2279//2279 2278//2278
f 2198//2198 2199//2199 2280//2280
f 2198//2198 2280//2280 2279//2279
f 2199//2199 2200//2200 2281//2281
f 2199//2199 2281//2281 2280//2280
f 2200//2200 2201//2201 2282//2282
f 2200//2200 2282//2282 2281//2281
f 2201//2201 2202//2202 2283//2283
f 2201//2201 2283//2283 2282//2282
f 2202//2202 2203//2203 2284//2284
f 2202//2202 2284//2284 2283//2283
f 2203//2203 2204//2204 2285//2285
f 2203//2203 2285//2285 2284//2284
f 2204//2204 2205//2205 2286//2286
f 2204//2204 2286//2286 2285//2285
f 2205//2205 2206//2206 2287//2287
f 2205//2205 2287//2287 2286//2286
f 2206//2206 2207//2207 2288//2288
f 2206//2206 2288//2288 2287//2287
f 2207//2207 2208//2208 2289//2289
f 2207//2207 2289//2289 2288//2288
f 2208//2208 2209//2209 2290//2290
f 2208//2208 2290//2290 2289//2289
f 2209//2209 2210//2210 2291//2291
f 2209//2209 2291//2291 2290//2290
f 2210//2210 2211//2211 2292//2292
f 2210//2210 2292//2292 2291//2291
f 2211//2211 2212//2212 2293//2293
f 2211//2211 2293//2293 2292//2292
f 2212//2212 2213//2213 2294//2294
f 2212//2212 2294//2294 2293//2293
f 2213//2213 2214//2214 2295//2295
f 2213//2213 2295//2295 2294//2294
f 2214//2214 2215//2215 2296//2296
f 2214//2214 2296//2296 2295//2295
f 2215//2215 2216//2216 2297//2297
f 2215//2215 2297//2297 2296//2296
f 2216//2216 2217//2217 2298//2298
f 2216//2216 2298//2298 2297//2297
f 2217//2217 2218//2218 2299//2299
f 2217//2217 2299//2299 2298//2298
f 2218//2218 2219//2219 2300//2300
f 2218//2218 2300//2300 2299//2299
f 2219//2219 2220//2220 2301//2301
f 2219//2219 2301//2301 2300//2300
f 2220//2220 2221//2221 2302//2302
f 2220//2220 2302//2302 2301//2301
f 2221//2221 2222//2222 2303//2303
f 2221//2221 2303//2303 2302//2302
f 2222//2222 2223//2223 2304//2304
f 2222//2222 2304//2304 2303//2303
f 2223//2223 2224//2224 2305//2305
f 2223//2223 2305//2305 2304//2304
f 2224//2224 2225//2225 2306//2306
f 2224//2224 2306//2306 2305//2305
f 2225//2225 2226//2226 2307//2307
f 2225//2225 2307//2307 2306//2306
f 2226//2226 2227//2227 2308//2308
f 2226//2226 2308//2308 2307//2307
f 2227//2227 2228//2228 2309//2309
f 2227//2227 2309//2309 2308//2308
f 2228//2228 2229//2229 2310//2310
f 2228//2228 2310//2310 2309//2309
f 2229//2229 2230//2230 2311//2311
f 2229//2229 2311//2311 2310//2310
f 2230//2230 2231//2231 2312//2312
f 2230//2230 2312//2312 2311//2311
f 2231//2231 2232//2232 2313//2313
f 2231//2231 2313//2313 2312//2312
f 2232//2232 2233//2233 2314//2314
f 2232//2232 2314//2314 2313//2313
f 2233//2233 2234//2234 2315//2315
f 2233//2233 2315//2315 2314//2314
f 2234//2234 2235//2235 2316//2316
f 2234//2234 2316//2316 2315//2315
f 2235//2235 2236//2236 2317//2317
f 2235//2235 2317//2317 2316//2316
f 2236//2236 2237//2237 2318//2318
f 2236//2236 2318//2318 2317//2317
f 2237//2237 2238//2238 2319//2319
f 2237//2237 2319//2319 2318//2318
f 2238//2238 2239//2239 2320//2320
f 2238//2238 2320//2320 2319//2319
f 2239//2239 2240//2240 2321//2321
f 2239//2239 2321//2321 2320//2320
f 2240//2240 2241//2241 2322//2322
f 2240//2240 2322//2322 2321//2321
f 2241//2241 2242//2242 2323//2323
f 2241//2241 2323//2323 2322//2322
f 2242//2242 2243//2243 2324//2324
f 2242//2242 2324//2324 2323//2323
f 2243//2243 2244//2244 2325//2325
f 2243//2243 2325//2325 2324//2324
f 2244//2244 2245//2245 2326//2326
f 2244//2244 2326//2326 2325//2325
f 2245//2245 2246//2246 2327//2327
f 2245//2245 2327//2327 2326//2326
f 2246//2246 2247//2247 2328//2328
f 2246//2246 2328//2328 2327//2327
f 2247//2247 2248//2248 2329//2329
f 2247//2247 2329//2329 2328//2328
f 2248//2248 2249//2249 2330//2330
f 2248//2248 2330//2330 2329//2329
f 2249//2249 2250//2250 2331//2331
f 2249//2249 2331//2331 2330//2330
f 2250//2250 2251//2251 2332//2332
f 2250//2250 2332//2332 2331//2331
f 2251//2251 2252//2252 2333//2333
f 2251//2251 2333//2333 2332//2332
f 2252//2252 2253//2253 2334//2334
f 2252//2252 2334//2334 2333//2333
f 2253//2253 2254//2254 2335//2335
f 2253//2253 2335//2335 2334//2334
f 2254//2254 2255//2255 2336//2336
f 2254//2254 2336//2336 2335//2335
f 2255//2255 2256//2256 2337//2337
f 2255//2255 2337//2337 2336//2336
f 2256//2256 2257//2257 2338//2338
f 2256//2256 2338//2338 2337//2337
f 2257//2257 2258//2258 2339//2339
f 2257//2257 2339//2339 2338//2338
f 2258//2258 2259//2259 2340//2340
f 2258//2258 2340//2340 2339//2339
f 2259//2259 2260//2260 2341//2341
f 2259//2259 2341//2341 2340//2340
f 2260//2260 2261//2261 2342//2342
f 2260//2260 2342//2342 2341//2341
f 2261//2261 2262//2262 2343//2343
f 2261//2261 2343//2343 2342//2342
f 2262//2262 2263//2263 2344//2344
f 2262//2262 2344//2344 2343//2343
f 2263//2263 2264//2264 2345//2345
f 2263//2263 2345//2345 2344//2344
f 2264//2264 2265//2265 2346//2346
f 2264//2264 2346//2346 2345//2345
f 2265//2265 2266//2266 2347//2347
f 2265//2265 2347//2347 2346//2346
f 2266//2266 2267//2267 2348//2348
f 2266//2266 2348//2348 2347//2347
f 2267//2267 2268//2268 2349//2349
f 2267//2267 2349//2349 2348//2348
f 2269//2269 2270//2270 2351//2351
f 2269//2269 2351//2351 2350//2350
f 2270//2270 2271//2271 2352//2352
f 2270//2270 2352//2352 2351//2351
f 2271//2271 2272//2272 2353//2353
f 2271//2271 2353//2353 2352//2352
f 2272//2272 2273//2273 2354//2354
f 2272//2272 2354//2354 2353//2353
f 2273//2273 2274//2274 2355//2355
f 2273//2273 2355//2355 2354//2354
f 2274//2274 2275//2275 2356//2356
f 2274//2274 2356//2356 2355//2355
f 2275//2275 2276//2276 2357//2357
f 2275//2275 2357//2357 2356//2356
f 2276//2276 2277//2277 2358//2358
f 2276//2276 2358//2358 2357//2357
f 2277//2277 2278//2278 2359//2359
f 2277//2277 2359//2359 2358//2358
f 2278//2278 2279//2279 2360//2360
f 2278//2278 2360//2360 2359//2359
f 2279//2279 2280//2280 2361//2361
f 2279//2279 2361//2361 2360//2360
f 2280//2280 2281//2281 2362//2362
f 2280//2280 2362//2362 2361//2361
f 2281//2281 2282//2282 2363//2363
f 2281//2281 2363//2363 2362//2362
f 2282//2282 2283//2283 2364//2364
f 2282//2282 2364//2364 2363//2363
f 2283//2283 2284//2284 2365//2365
f 2283//2283 2365//2365 2364//2364
f 2284//2284 2285//2285 2366//2366
f 2284//2284 2366//2366 2365//2365
f 2285//2285 2286//2286 2367//2367
f 2285//2285 2367//2367 2366//2366
f 2286//2286 2287//2287 2368//2368
f 2286//2286 2368//2368 2367//2367
f 2287//2287 2288//2288 2369//2369
f 2287//2287 2369//2369 2368//2368
f 2288//2288 2289//2289 2370//2370
f 2288//2288 2370//2370 2369//2369
f 2289//2289 2290//2290 2371//2371
f 2289//2289 2371//2371 2370//2370
f 2290//2290 2291//2291 2372//2372
f 2290//2290 2372//2372 2371//2371
f 2291//2291 2292//2292 2373//2373
f 2291//2291 2373//2373 2372//2372
f 2292//2292 2293//2293 2374//2374
f 2292//2292 2374//2374 2373//2373
f 2293//2293 2294//2294 2375//2375
f 2293//2293 2375//2375 2374//2374
f 2294//2294 2295//2295 2376//2376
f 2294//2294 2376//2376 2375//2375
f 2295//2295 2296//2296 2377//2377
f 2295//2295 2377//2377 2376//2376
f 2296//2296 2297//2297 2378//2378
f 2296//2296 2378//2378 2377//2377
f 2297//2297 2298//2298 2379//2379
f 2297//2297 2379//2379 2378//2378
f 2298//2298 2299//2299 2380//2380
f 2298//2298 2380//2380 2379//2379
f 2299//2299 2300//2300 2381//2381
f 2299//2299 2381//2381 2380//2380
f 2300//2300 2301//2301 2382//2382
f 2300//2300 2382//2382 2381//2381
f 2301//2301 2302//2302 2383//2383
f 2301//2301 2383//2383 2382//2382
f 2302//2302 2303//2303 2384//2384
f 2302//2302 2384//2384 2383//2383
f 2303//2303 2304//2304 2385//2385
f 2303//2303 2385//2385 2384//2384
f 2304//2304 2305//2305 2386//2386
f 2304//2304 2386//2386 2385//2385
f 2305//2305 2306//2306 2387//2387
f 2305//2305 2387//2387 2386//2386
f 2306//2306 2307//2307 2388//2388
f 2306//2306 2388//2388 2387//2387
f 2307//2307 2308//2308 2389//2389
f 2307//2307 2389//2389 2388//2388
f 2308//2308 2309//2309 2390//2390
f 2308//2308 2390//2390 2389//2389
f 2309//2309 2310//2310 2391//2391
f 2309//2309 2391//2391 2390//2390
f 2310//2310 2311//2311 2392//2392
f 2310//2310 2392//2392 2391//2391
f 2311//2311 2312//2312 2393//2393
f 2311//2311 2393//2393 2392//2392
f 2312//2312 2313//2313 2394//2394
f 2312//2312 2394//2394 2393//2393
f 2313//2313 2314//2314 2395//2395
f 2313//2313 2395//2395 2394//2394
f 2314//2314 2315//2315 2396//2396
f 2314//2314 2396//2396 2395//2395
f 2315//2315 2316//2316 2397//2397
f 2315//2315 2397//2397 2396//2396
f 2316//2316 2317//2317 2398//2398
f 2316//2316 2398//2398 2397//2397
f 2317//2317 2318//2318 2399//2399
f 2317//2317 2399//2399 2398//2398
f 2318//2318 2319//2319 2400//2400
f 2318//2318 2400//2400 2399//2399
f 2319//2319 2320//2320 2401//2401
f 2319//2319 2401//2401 2400//2400
f 2320//2320 2321//2321 2402//2402
f 2320//2320 2402//2402 2401//2401
f 2321//2321 2322//2322 2403//2403
f 2321//2321 2403//2403 2402//2402
f 2322//2322 2323//2323 2404//2404
f 2322//2322 2404//2404 2403//2403
f 2323//2323 2324//2324 2405//2405
f 2323//2323 2405//2405 2404//2404
f 2324//2324 2325//2325 2406//2406
f 2324//2324 2406//2406 2405//2405
f 2325//2325 2326//2326 2407//2407
f 2325//2325 2407//2407 2406//2406
f 2326//2326 2327//2327 2408//2408
f 2326//2326 2408//2408 2407//2407
f 2327//2327 2328//2328 2409//2409
f 2327//2327 2409//2409 2408//2408
f 2328//2328 2329//2329 2410//2410
f 2328//2328 2410//2410 2409//2409
f 2329//2329 2330//2330 2411//2411
f 2329//2329 2411//2411 2410//2410
f 2330//2330 2331//2331 2412//2412
f 2330//2330 2412//2412 2411//2411
f 2331//2331 2332//2332 2413//2413
f 2331//2331 2413//2413 2412//2412
f 2332//2332 2333//2333 2414//2414
f 2332//2332 2414//2414 2413//2413
f 2333//2333 2334//2334 2415//2415
f 2333//2333 2415//2415 2414//2414
f 2334//2334 2335//2335 2416//2416
f 2334//2334 2416//2416 2415//2415
f 2335//2335 2336//2336 2417//2417
f 2335//2335 2417//2417 2416//2416
f 2336//2336 2337//2337 2418//2418
f 2336//2336 2418//2418 2417//2417
f 2337//2337 2338//2338 2419//2419
f 2337//2337 2419//2419 2418//2418
f 2338//2338 2339//2339 2420//2420
f 2338//2338 2420//2420 2419//2419
f 2339//2339 2340//2340 2421//2421
f 2339//2339 2421//2421 2420//2420
f 2340//2340 2341//2341 2422//2422
f 2340//2340 2422//2422 2421//2421
f 2341//2341 2342//2342 2423//2423
f 2341//2341 2423//2423 2422//2422
f 2342//2342 2343//2343 2424//2424
f 2342//2342 2424//2424 2423//2423
f 2343//2343 2344//2344 2425//2425
f 2343//2343 2425//2425 2424//2424
f 2344//2344 2345//2345 2426//2426
f 2344//2344 2426//2426 2425//2425
f 2345//2345 2346//2346 2427//2427
f 2345//2345 2427//2427 2426//2426
f 2346//2346 2347//2347 2428//2428
f 2346//2346 2428//2428 2427//2427
f 2347//2347 2348//2348 2429//2429
f 2347//2347 2429//2429 2428//2428
f 2348//2348 2349//2349 2430//2430
f 2348//2348 2430//2430 2429//2429
f 2350//2350 2351//2351 2432//2432
f 2350//2350 2432//2432 2431//2431
f 2351//2351 2352//2352 2433//2433
f 2351//2351 2433//2433 2432//2432
f 2352//2352 2353//2353 2434//2434
f 2352//2352 2434//2434 2433//2433
f 2353//2353 2354//2354 2435//2435
f 2353//2353 2435//2435 2434//2434
f 2354//2354 2355//2355 2436//2436
f 2354//2354 2436//2436 2435//2435
f 2355//2355 2356//2356 2437//2437
f 2355//2355 2437//2437 2436//2436
f 2356//2356 2357//2357 2438//2438
f 2356//2356 2438//2438 2437//2437
f 2357//2357 2358//2358 2439//2439
f 2357//2357 2439//2439 2438//2438
f 2358//2358 2359//2359 2440//2440
f 2358//2358 2440//2440 2439//2439
f 2359//2359 2360//2360 2441//2441
f 2359//2359 2441//2441 2440//2440
f 2360//2360 2361//2361 2442//2442
f 2360//2360 2442//2442 2441//2441
f 2361//2361 2362//2362 2443//2443
f 2361//2361 2443//2443 2442//2442
f 2362//2362 2363//2363 2444//2444
f 2362//2362 2444//2444 2443//2443
f 2363//2363 2364//2364 2445//2445
f 2363//2363 2445//2445 2444//2444
f 2364//2364 2365//2365 2446//2446
f 2364//2364 2446//2446 2445//2445
f 2365//2365 2366//2366 2447//2447
f 2365//2365 2447//2447 2446//2446
f 2366//2366 2367//2367 2448//2448
f 2366//2366 2448//2448 2447//2447
f 2367//2367 2368//2368 2449//2449
f 2367//2367 2449//2449 2448//2448
f 2368//2368 2369//2369 2450//2450
f 2368//2368 2450//2450 2449//2449
f 2369//2369 2370//2370 2451//2451
f 2369//2369 2451//2451 2450//2450
f 2370//2370 2371//2371 2452//2452
f 2370//2370 2452//2452 2451//2451
f 2371//2371 2372//2372 2453//2453
f 2371//2371 2453//2453 2452//2452
f 2372//2372 2373//2373 2454//2454
f 2372//2372 2454//2454 2453//2453
f 2373//2373 2374//2374 2455//2455
f 2373//2373 2455//2455 2454//2454
f 2374//2374 2375//2375 2456//2456
f 2374//2374 2456//2456 2455//2455
f 2375//2375 2376//2376 2457//2457
f 2375//2375 2457//2457 2456//2456
f 2376//2376 2377//2377 2458//2458
f 2376//2376 2458//2458 2457//2457
f 2377//2377 2378//2378 2459//2459
f 2377//2377 2459//2459 2458//2458
f 2378//2378 2379//2379 2460//2460
f 2378//2378 2460//2460 2459//2459
f 2379//2379 2380//2380 2461//2461
f 2379//2379 2461//2461 2460//2460
f 2380//2380 2381//2381 2462//2462
f 2380//2380 2462//2462 2461//2461
f 2381//2381 2382//2382 2463//2463
f 2381//2381 2463//2463 2462//2462
f 2382//2382 2383//2383 2464//2464
f 2382//2382 2464//2464 2463//2463
f 2383//2383 2384//2384 2465//2465
f 2383//2383 2465//2465 2464//2464
f 2384//2384 2385//2385 2466//2466
f 2384//2384 2466//2466 2465//2465
f 2385//2385 2386//2386 2467//2467
f 2385//2385 2467//2467 2466//2466
f 2386//2386 2387//2387 2468//2468
f 2386//2386 2468//2468 2467//2467
f 2387//2387 2388//2388 2469//2469
f 2387//2387 2469//2469 2468//2468
f 2388//2388 2389//2389 2470//2470
f 2388//2388 2470//2470 2469//2469
f 2389//2389 2390//2390 2471//2471
f 2389//2389 2471//2471 2470//2470
f 2390//2390 2391//2391 2472//2472
f 2390//2390 2472//2472 2471//2471
f 2391//2391 2392//2392 2473//2473
f 2391//2391 2473//2473 2472//2472
f 2392//2392 2393//2393 2474//2474
f 2392//2392 2474//2474 2473//2473
f 2393//2393 2394//2394 2475//2475
f 2393//2393 2475//2475 2474//2474
f 2394//2394 2395//2395 2476//2476
f 2394//2394 2476//2476 2475//2475
f 2395//2395 2396//2396 2477//2477
f 2395//2395 2477//2477 2476//2476
f 2396//2396 2397//2397 2478//2478
f 2396//2396 2478//2478 2477//2477
f 2397//2397 2398//2398 2479//2479
f 2397//2397 2479//2479 2478//2478
f 2398//2398 2399//2399 2480//2480
f 2398//2398 2480//2480 2479//2479
f 2399//2399 2400//2400 2481//2481
f 2399//2399 2481//2481 2480//2480
f 2400//2400 2401//2401 2482//2482
f 2400//2400 2482//2482 2481//2481
f 2401//2401 2402//2402 2483//2483
f 2401//2401 2483//2483 2482//2482
f 2402//2402 2403//2403 2484//2484
f 2402//2402 2484//2484 2483//2483
f 2403//2403 2404//2404 2485//2485
f 2403//2403 2485//2485 2484//2484
f 2404//2404 2405//2405 2486//2486
f 2404//2404 2486//2486 2485//2485
f 2405//2405 2406//2406 2487//2487
f 2405//2405 2487//2487 2486//2486
f 2406//2406 2407//2407 2488//2488
f 2406//2406 2488//2488 2487//2487
f 2407//2407 2408//2408 2489//2489
f 2407//2407 2489//2489 2488//2488
f 2408//2408 2409//2409 2490//2490
f 2408//2408 2490//2490 2489//2489
f 2409//2409 2410//2410 2491//2491
f 2409//2409 2491//2491 2490//2490
f 2410//2410 2411//2411 2492//2492
f 2410//2410 2492//2492 2491//2491
f 2411//2411 2412//2412 2493//2493
f 2411//2411 2493//2493 2492//2492
f 2412//2412 2413//2413 2494//2494
f 2412//2412 2494//2494 2493//2493
f 2413//2413 2414//2414 2495//2495
f 2413//2413 2495//2495 2494//2494
f 2414//2414 2415//2415 2496//2496
f 2414//2414 2496//2496 2495//2495
f 2415//2415 2416//2416 2497//2497
f 2415//2415 2497//2497 2496//2496
f 2416//2416 2417//2417 2498//2498
f 2416//2416 2498//2498 2497//2497
f 2417//2417 2418//2418 2499//2499
f 2417//2417 2499//2499 2498//2498
f 2418//2418 2419//2419 2500//2500
f 2418//2418 2500//2500 2499//2499
f 2419//2419 2420//2420 2501//2501
f 2419//2419 2501//2501 2500//2500
f 2420//2420 2421//2421 2502//2502
f 2420//2420 2502//2502 2501//2501
f 2421//2421 2422//2422 2503//2503
f 2421//2421 2503//2503 2502//2502
f 2422//2422 2423//2423 2504//2504
f 2422//2422 2504//2504 2503//2503
f 2423//2423 2424//2424 2505//2505
f 2423//2423 2505//2505 2504//2504
f 2424//2424 2425//2425 2506//2506
f 2424//2424 2506//2506 2505//2505
f 2425//2425 2426//2426 2507//2507
f 2425//2425 2507//2507 2506//2506
f 2426//2426 2427//2427 2508//2508
f 2426//2426 2508//2508 2507//2507
f 2427//2427 2428//2428 2509//2509
f 2427//2427 2509//2509 2508//2508
f 2428//2428 2429//2429 2510//2510
f 2428//2428 2510//2510 2509//2509
f 2429//2429 2430//2430 2511//2511
f 2429//2429 2511//2511 2510//2510
f 2431//2431 2432//2432 2513//2513
f 2431//2431 2513//2513 2512//2512
f 2432//2432 2433//2433 2514//2514
f 2432//2432 2514//2514 2513//2513
f 2433//2433 2434//2434 2515//2515
f 2433//2433 2515//2515 2514//2514
f 2434//2434 2435//2435 2516//2516
f 2434//2434 2516//2516 2515//2515
f 2435//2435 2436//2436 2517//2517
f 2435//2435 2517//2517 2516//2516
f 2436//2436 2437//2437 2518//2518
f 2436//2436 2518//2518 2517//2517
f 2437//2437 2438//2438 2519//2519
f 2437//2437 2519//2519 2518//2518
f 2438//2438 2439//2439 2520//2520
f 2438//2438 2520//2520 2519//2519
f 2439//2439 2440//2440 2521//2521
f 2439//2439 2521//2521 2520//2520
f 2440//2440 2441//2441 2522//2522
f 2440//2440 2522//2522 2521//2521
f 2441//2441 2442//2442 2523//2523
f 2441//2441 2523//2523 2522//2522
f 2442//2442 2443//2443 2524//2524
f 2442//2442 2524//2524 2523//2523
f 2443//2443 2444//2444 2525//2525
f 2443//2443 2525//2525 2524//2524
f 2444//2444 2445//2445 2526//2526
f 2444//2444 2526//2526 2525//2525
f 2445//2445 2446//2446 2527//2527
f 2445//2445 2527//2527 2526//2526
f 2446//2446 2447//2447 2528//2528
f 2446//2446 2528//2528 2527//2527
f 2447//2447 2448//2448 2529//2529
f 2447//2447 2529//2529 2528//2528
f 2448//2448 2449//2449 2530//2530
f 2448//2448 2530//2530 2529//2529
f 2449//2449 2450//2450 2531//2531
f 2449//2449 2531//2531 2530//2530
f 2450//2450 2451//2451 2532//2532
f 2450//2450 2532//2532 2531//2531
f 2451//2451 2452//2452 2533//2533
f 2451//2451 2533//2533 2532//2532
f 2452//2452 2453//2453 2534//2534
f 2452//2452 2534//2534 2533//2533
f 2453//2453 2454//2454 2535//2535
f 2453//2453 2535//2535 2534//2534
f 2454//2454 2455//2455 2536//2536
f 2454//2454 2536//2536 2535//2535
f 2455//2455 2456//2456 2537//2537
f 2455//2455 2537//2537 2536//2536
f 2456//2456 2457//2457 2538//2538
f 2456//2456 2538//2538 2537//2537
f 2457//2457 2458//2458 2539//2539
f 2457//2457 2539//2539 2538//2538
f 2458//2458 2459//2459 2540//2540
f 2458//2458 2540//2540 2539//2539
f 2459//2459 2460//2460 2541//2541
f 2459//2459 2541//2541 2540//2540
f 2460//2460 2461//2461 2542//2542
f 2460//2460 2542//2542 2541//2541
f 2461//2461 2462//2462 2543//2543
f 2461//2461 2543//2543 2542//2542
f 2462//2462 2463//2463 2544//2544
f 2462//2462 2544//2544 2543//2543
f 2463//2463 2464//2464 2545//2545
f 2463//2463 2545//2545 2544//2544
f 2464//2464 2465//2465 2546//2546
f 2464//2464 2546//2546 2545//2545
f 2465//2465 2466//2466 2547//2547
f 2465//2465 2547//2547 2546//2546
f 2466//2466 2467//2467 2548//2548
f 2466//2466 2548//2548 2547//2547
f 2467//2467 2468//2468 2549//2549
f 2467//2467 2549//2549 2548//2548
f 2468//2468 2469//2469 2550//2550
f 2468//2468 2550//2550 2549//2549
f 2469//2469 2470//2470 2551//2551
f 2469//2469 2551//2551 2550//2550
f 2470//2470 2471//2471 2552//2552
f 2470//2470 2552//2552 2551//2551
f 2471//2471 2472//2472 2553//2553
f 2471//2471 2553//2553 2552//2552
f 2472//2472 2473//2473 2554//2554
f 2472//2472 2554//2554 2553//2553
f 2473//2473 2474//2474 2555//2555
f 2473//2473 2555//2555 2554//2554
f 2474//2474 2475//2475 2556//2556
f 2474//2474 2556//2556 2555//2555
f 2475//2475 2476//2476 2557//2557
f 2475//2475 2557//2557 2556//2556
f 2476//2476 2477//2477 2558//2558
f 2476//2476 2558//2558 2557//2557
f 2477//2477 2478//2478 2559//2559
f 2477//2477 2559//2559 2558//2558
f 2478//2478 2479//2479 2560//2560
f 2478//2478 2560//2560 2559//2559
f 2479//2479 2480//2480 2561//2561
f 2479//2479 2561//2561 2560//2560
f 2480//2480 2481//2481 2562//2562
f 2480//2480 2562//2562 2561//2561
f 2481//2481 2482//2482 2563//2563
f 2481//2481 2563//2563 2562//2562
f 2482//2482 2483//2483 2564//2564
f 2482//2482 2564//2564 2563//2563
f 2483//2483 2484//2484 2565//2565
f 2483//2483 2565//2565 2564//2564
f 2484//2484 2485//2485 2566//2566
f 2484//2484 2566//2566 2565//2565
f 2485//2485 2486//2486 2567//2567
f 2485//2485 2567//2567 2566//2566
f 2486//2486 2487//2487 2568//2568
f 2486//2486 2568//2568 2567//2567
f 2487//2487 2488//2488 2569//2569
f 2487//2487 2569//2569 2568//2568
f 2488//2488 2489//2489 2570//2570
f 2488//2488 2570//2570 2569//2569
f 2489//2489 2490//2490 2571//2571
f 2489//2489 2571//2571 2570//2570
f 2490//2490 2491//2491 2572//2572
f 2490//2490 2572//2572 2571//2571
f 2491//2491 2492//2492 2573//2573
f 2491//2491 2573//2573 2572//2572
f 2492//2492 2493//2493 2574//2574
f 2492//2492 2574//2574 2573//2573
f 2493//2493 2494//2494 2575//2575
f 2493//2493 2575//2575 2574//2574
f 2494//2494 2495//2495 2576//2576
f 2494//2494 2576//2576 2575//2575
f 2495//2495 2496//2496 2577//2577
f 2495//2495 2577//2577 2576//2576
f 2496//2496 2497//2497 2578//2578
f 2496//2496 2578//2578 2577//2577
f 2497//2497 2498//2498 2579//2579
f 2497//2497 2579//2579 2578//2578
f 2498//2498 2499//2499 2580//2580
f 2498//2498 2580//2580 2579//2579
f 2499//2499 2500//2500 2581//2581
f 2499//2499 2581//2581 2580//2580
f 2500//2500 2501//2501 2582//2582
f 2500//2500 2582//2582 2581//2581
f 2501//2501 2502//2502 2583//2583
f 2501//2501 2583//2583 2582//2582
f 2502//2502 2503//2503 2584//2584
f 2502//2502 2584//2584 2583//2583
f 2503//2503 2504//2504 2585//2585
f 2503//2503 2585//2585 2584//2584
f 2504//2504 2505//2505 2586//2586
f 2504//2504 2586//2586 2585//2585
f 2505//2505 2506//2506 2587//2587
f 2505//2505 2587//2587 2586//2586
f 2506//2506 2507//2507 2588//2588
f 2506//2506 2588//2588 2587//2587
f 2507//2507 2508//2508 2589//2589
f 2507//2507 2589//2589 2588//2588
f 2508//2508 2509//2509 2590//2590
f 2508//2508 2590//2590 2589//2589
f 2509//2509 2510//2510 2591//2591
f 2509//2509 2591//2591 2590//2590
f 2510//2510 2511//2511 2592//2592
f 2510//2510 2592//2592 2591//2591
f 2512//2512 2513//2513 2594//2594
f 2512//2512 2594//2594 2593//2593
f 2513//2513 2514//2514 2595//2595
f 2513//2513 2595//2595 2594//2594
f 2514//2514 2515//2515 2596//2596
f 2514//2514 2596//2596 2595//2595
f 2515//2515 2516//2516 2597//2597
f 2515//2515 2597//2597 2596//2596
f 2516//2516 2517//2517 2598//2598
f 2516//2516 2598//2598 2597//2597
f 2517//2517 2518//2518 2599//2599
f 2517//2517 2599//2599 2598//2598
f 2518//2518 2519//2519 2600//2600
f 2518//2518 2600//2600 2599//2599
f 2519//2519 2520//2520 2601//2601
f 2519//2519 2601//2601 2600//2600
f 2520//2520 2521//2521 2602//2602
f 2520//2520 2602//2602 2601//2601
f 2521//2521 2522//2522 2603//2603
f 2521//2521 2603//2603 2602//2602
f 2522//2522 2523//2523 2604//2604
f 2522//2522 2604//2604 2603//2603
f 2523//2523 2524//2524 2605//2605
f 2523//2523 2605//2605 2604//2604
f 2524//2524 2525//2525 2606//2606
f 2524//2524 2606//2606 2605//2605
f 2525//2525 2526//2526 2607//2607
f 2525//2525 2607//2607 2606//2606
f 2526//2526 2527//2527 2608//2608
f 2526//2526 2608//2608 2607//2607
f 2527//2527 2528//2528 2609//2609
f 2527//2527 2609//2609 2608//2608
f 2528//2528 2529//2529 2610//2610
f 2528//2528 2610//2610 2609//2609
f 2529//2529 2530//2530 2611//2611
f 2529//2529 2611//2611 2610//2610
f 2530//2530 2531//2531 2612//2612
f 2530//2530 2612//2612 2611//2611
f 2531//2531 2532//2532 2613//2613
f 2531//2531 2613//2613 2612//2612
f 2532//2532 2533//2533 2614//2614
f 2532//2532 2614//2614 2613//2613
f 2533//2533 2534//2534 2615//2615
f 2533//2533 2615//2615 2614//2614
f 2534//2534 2535//2535 2616//2616
f 2534//2534 2616//2616 2615//2615
f 2535//2535 2536//2536 2617//2617
f 2535//2535 2617//2617 2616//2616
f 2536//2536 2537//2537 2618//2618
f 2536//2536 2618//2618 2617//2617
f 2537//2537 2538//2538 2619//2619
f 2537//2537 2619//2619 2618//2618
f 2538//2538 2539//2539 2620//2620
f 2538//2538 2620//2620 2619//2619
f 2539//2539 2540//2540 2621//2621
f 2539//2539 2621//2621 2620//2620
f 2540//2540 2541//2541 2622//2622
f 2540//2540 2622//2622 2621//2621
f 2541//2541 2542//2542 2623//2623
f 2541//2541 2623//2623 2622//2622
f 2542//2542 2543//2543 2624//2624
f 2542//2542 2624//2624 2623//2623
f 2543//2543 2544//2544 2625//2625
f 2543//2543 2625//2625 2624//2624
f 2544//2544 2545//2545 2626//2626
f 2544//2544 2626//2626 2625//2625
f 2545//2545 2546//2546 2627//2627
f 2545//2545 2627//2627 2626//2626
f 2546//2546 2547//2547 2628//2628
f 2546//2546 2628//2628 2627//2627
f 2547//2547 2548//2548 2629//2629
f 2547//2547 2629//2629 2628//2628
f 2548//2548 2549//2549 2630//2630
f 2548//2548 2630//2630 2629//2629
f 2549//2549 2550//2550 2631//2631
f 2549//2549 2631//2631 2630//2630
f 2550//2550 2551//2551 2632//2632
f 2550//2550 2632//2632 2631//2631
f 2551//2551 2552//2552 2633//2633
f 2551//2551 2633//2633 2632//2632
f 2552//2552 2553//2553 2634//2634
f 2552//2552 2634//2634 2633//2633
f 2553//2553 2554//2554 2635//2635
f 2553//2553 2635//2635 2634//2634
f 2554//2554 2555//2555 2636//2636
f 2554//2554 2636//2636 2635//2635
f 2555//2555 2556//2556 2637//2637
f 2555//2555 2637//2637 2636//2636
f 2556//2556 2557//2557 2638//2638
f 2556//2556 2638//2638 2637//2637
f 2557//2557 2558//2558 2639//2639
f 2557//2557 2639//2639 2638//2638
f 2558//2558 2559//2559 2640//2640
f 2558//2558 2640//2640 2639//2639
f 2559//2559 2560//2560 2641//2641
f 2559//2559 2641//2641 2640//2640
f 2560//2560 2561//2561 2642//2642
f 2560//2560 2642//2642 2641//2641
f 2561//2561 2562//2562 2643//2643
f 2561//2561 2643//2643 2642//2642
f 2562//2562 2563//2563 2644//2644
f 2562//2562 2644//2644 2643//2643
f 2563//2563 2564//2564 2645//2645
f 2563//2563 2645//2645 2644//2644
f 2564//2564 2565//2565 2646//2646
f 2564//2564 2646//2646 2645//2645
f 2565//2565 2566//2566 2647//2647
f 2565//2565 2647//2647 2646//2646
f 2566//2566 2567//2567 2648//2648
f 2566//2566 2648//2648 2647//2647
f 2567//2567 2568//2568 2649//2649
f 2567//2567 2649//2649 2648//2648
f 2568//2568 2569//2569 2650//2650
f 2568//2568 2650//2650 2649//2649
f 2569//2569 2570//2570 2651//2651
f 2569//2569 2651//2651 2650//2650
f 2570//2570 2571//2571 2652//2652
f 2570//2570 2652//2652 2651//2651
f 2571//2571 2572//2572 2653//2653
f 2571//2571 2653//2653 2652//2652
f 2572//2572 2573//2573 2654//2654
f 2572//2572 2654//2654 2653//2653
f 2573//2573 2574//2574 2655//2655
f 2573//2573 2655//2655 2654//2654
f 2574//2574 2575//2575 2656//2656
f 2574//2574 2656//2656 2655//2655
f 2575//2575 2576//2576 2657//2657
f 2575//2575 2657//2657 2656//2656
f 2576//2576 2577//2577 2658//2658
f 2576//2576 2658//2658 2657//2657
f 2577//2577 2578//2578 2659//2659
f 2577//2577 2659//2659 2658//2658
f 2578//2578 2579//2579 2660//2660
f 2578//2578 2660//2660 2659//2659
f 2579//2579 2580//2580 2661//2661
f 2579//2579 2661//2661 2660//2660
f 2580//2580 2581//2581 2662//2662
f 2580//2580 2662//2662 2661//2661
f 2581//2581 2582//2582 2663//2663
f 2581//2581 2663//2663 2662//2662
f 2582//2582 2583//2583 2664//2664
f 2582//2582 2664//2664 2663//2663
f 2583//2583 2584//2584 2665//2665
f 2583//2583 2665//2665 2664//2664
f 2584//2584 2585//2585 2666//2666
f 2584//2584 2666//2666 2665//2665
f 2585//2585 2586//2586 2667//2667
f 2585//2585 2667//2667 2666//2666
f 2586//2586 2587//2587 2668//2668
f 2586//2586 2668//2668 2667//2667
f 2587//2587 2588//2588 2669//2669
f 2587//2587 2669//2669 2668//2668
f 2588//2588 2589//2589 2670//2670
f 2588//2588 2670//2670 2669//2669
f 2589//2589 2590//2590 2671//2671
f 2589//2589 2671//2671 2670//2670
f 2590//2590 2591//2591 2672//2672
f 2590//2590 2672//2672 2671//2671
f 2591//2591 2592//2592 2673//2673
f 2591//2591 2673//2673 2672//2672
f 2593//2593 2594//2594 2675//2675
f 2593//2593 2675//2675 2674//2674
f 2594//2594 2595//2595 2676//2676
f 2594//2594 2676//2676 2675//2675
f 2595//2595 2596//2596 2677//2677
f 2595//2595 2677//2677 2676//2676
f 2596//2596 2597//2597 2678//2678
f 2596//2596 2678//2678 2677//2677
f 2597//2597 2598//2598 2679//2679
f 2597//2597 2679//2679 2678//2678
f 2598//2598 2599//2599 2680//2680
f 2598//2598 2680//2680 2679//2679
f 2599//2599 2600//2600 2681//2681
f 2599//2599 2681//2681 2680//2680
f 2600//2600 2601//2601 2682//2682
f 2600//2600 2682//2682 2681//2681
f 2601//2601 2602//2602 2683//2683
f 2601//2601 2683//2683 2682//2682
f 2602//2602 2603//2603 2684//2684
f 2602//2602 2684//2684 2683//2683
f 2603//2603 2604//2604 2685//2685
f 2603//2603 2685//2685 2684//2684
f 2604//2604 2605//2605 2686//2686
f 2604//2604 2686//2686 2685//2685
f 2605//2605 2606//2606 2687//2687
f 2605//2605 2687//2687 2686//2686
f 2606//2606 2607//2607 2688//2688
f 2606//2606 2688//2688 2687//2687
f 2607//2607 2608//2608 2689//2689
f 2607//2607 2689//2689 2688//2688
f 2608//2608 2609//2609 2690//2690
f 2608//2608 2690//2690 2689//2689
f 2609//2609 2610//2610 2691//2691
f 2609//2609 2691//2691 2690//2690
f 2610//2610 2611//2611 2692//2692
f 2610//2610 2692//2692 2691//2691
f 2611//2611 2612//2612 2693//2693
f 2611//2611 2693//2693 2692//2692
f 2612//2612 2613//2613 2694//2694
f 2612//2612 2694//2694 2693//2693
f 2613//2613 2614//2614 2695//2695
f 2613//2613 2695//2695 2694//2694
f 2614//2614 2615//2615 2696//2696
f 2614//2614 2696//2696 2695//2695
f 2615//2615 2616//2616 2697//2697
f 2615//2615 2697//2697 2696//2696
f 2616//2616 2617//2617 2698//2698
f 2616//2616 2698//2698 2697//2697
f 2617//2617 2618//2618 2699//2699
f 2617//2617 2699//2699 2698//2698
f 2618//2618 2619//2619 2700//2700
f 2618//2618 2700//2700 2699//2699
f 2619//2619 2620//2620 2701//2701
f 2619//2619 2701//2701 2700//2700
f 2620//2620 2621//2621 2702//2702
f 2620//2620 2702//2702 2701//2701
f 2621//2621 2622//2622 2703//2703
f 2621//2621 2703//2703 2702//2702
f 2622//2622 2623//2623 2704//2704
f 2622//2622 2704//2704 2703//2703
f 2623//2623 2624//2624 2705//2705
f 2623//2623 2705//2705 2704//2704
f 2624//2624 2625//2625 2706//2706
f 2624//2624 2706//2706 2705//2705
f 2625//2625 2626//2626 2707//2707
f 2625//2625 2707//2707 2706//2706
f 2626//2626 2627//2627 2708//2708
f 2626//2626 2708//2708 2707//2707
f 2627//2627 2628//2628 2709//2709
f 2627//2627 2709//2709 2708//2708
f 2628//2628 2629//2629 2710//2710
f 2628//2628 2710//2710 2709//2709
f 2629//2629 2630//2630 2711//2711
f 2629//2629 2711//2711 2710//2710
f 2630//2630 2631//2631 2712//2712
f 2630//2630 2712//2712 2711//2711
f 2631//2631 2632//2632 2713//2713
f 2631//2631 2713//2713 2712//2712
f 2632//2632 2633//2633 2714//2714
f 2632//2632 2714//2714 2713//2713
f 2633//2633 2634//2634 2715//2715
f 2633//2633 2715//2715 2714//2714
f 2634//2634 2635//2635 2716//2716
f 2634//2634 2716//2716 2715//2715
f 2635//2635 2636//2636 2717//2717
f 2635//2635 2717//2717 2716//2716
f 2636//2636 2637//2637 2718//2718
f 2636//2636 2718//2718 2717//2717
f 2637//2637 2638//2638 2719//2719
f 2637//2637 2719//2719 2718//2718
f 2638//2638 2639//2639 2720//2720
f 2638//2638 2720//2720 2719//2719
f 2639//2639 2640//2640 2721//2721
f 2639//2639 2721//2721 2720//2720
f 2640//2640 2641//2641 2722//2722
f 2640//2640 2722//2722 2721//2721
f 2641//2641 2642//2642 2723//2723
f 2641//2641 2723//2723 2722//2722
f 2642//2642 2643//2643 2724//2724
f 2642//2642 2724//2724 2723//2723
f 2643//2643 2644//2644 2725//2725
f 2643//2643 2725//2725 2724//2724
f 2644//2644 2645//2645 2726//2726
f 2644//2644 2726//2726 2725//2725
f 2645//2645 2646//2646 2727//2727
f 2645//2645 2727//2727 2726//2726
f 2646//2646 2647//2647 2728//2728
f 2646//2646 2728//2728 2727//2727
f 2647//2647 2648//2648 2729//2729
f 2647//2647 2729//2729 2728//2728
f 2648//2648 2649//2649 2730//2730
f 2648//2648 2730//2730 2729//2729
f 2649//2649 2650//2650 2731//2731
f 2649//2649 2731//2731 2730//2730
f 2650//2650 2651//2651 2732//2732
f 2650//2650 2732//2732 2731//2731
f 2651//2651 2652//2652 2733//2733
f 2651//2651 2733//2733 2732//2732
f 2652//2652 2653//2653 2734//2734
f 2652//2652 2734//2734 2733//2733
f 2653//2653 2654//2654 2735//2735
f 2653//2653 2735//2735 2734//2734
f 2654//2654 2655//2655 2736//2736
f 2654//2654 2736//2736 2735//2735
f 2655//2655 2656//2656 2737//2737
f 2655//2655 2737//2737 2736//2736
f 2656//2656 2657//2657 2738//2738
f 2656//2656 2738//2738 2737//2737
f 2657//2657 2658//2658 2739//2739
f 2657//2657 2739//2739 2738//2738
f 2658//2658 2659//2659 2740//2740
f 2658//2658 2740//2740 2739//2739
f 2659//2659 2660//2660 2741//2741
f 2659//2659 2741//2741 2740//2740
f 2660//2660 2661//2661 2742//2742
f 2660//2660 2742//2742 2741//2741
f 2661//2661 2662//2662 2743//2743
f 2661//2661 2743//2743 2742//2742
f 2662//2662 2663//2663 2744//2744
f 2662//2662 2744//2744 2743//2743
f 2663//2663 2664//2664 2745//2745
f 2663//2663 2745//2745 2744//2744
f 2664//2664 2665//2665 2746//2746
f 2664//2664 2746//2746 2745//2745
f 2665//2665 2666//2666 2747//2747
f 2665//2665 2747//2747 2746//2746
f 2666//2666 2667//2667 2748//2748
f 2666//2666 2748//2748 2747//2747
f 2667//2667 2668//2668 2749//2749
f 2667//2667 2749//2749 2748//2748
f 2668//2668 2669//2669 2750//2750
f 2668//2668 2750//2750 2749//2749
f 2669//2669 2670//2670 2751//2751
f 2669//2669 2751//2751 2750//2750
f 2670//2670 2671//2671 2752//2752
f 2670//2670 2752//2752 2751//2751
f 2671//2671 2672//2672 2753//2753
f 2671//2671 2753//2753 2752//2752
f 2672//2672 2673//2673 2754//2754
f 2672//2672 2754//2754 2753//2753
f 2674//2674 2675//2675 2756//2756
f 2674//2674 2756//2756 2755//2755
f 2675//2675 2676//2676 2757//2757
f 2675//2675 2757//2757 2756//2756
f 2676//2676 2677//2677 2758//2758
f 2676//2676 2758//2758 2757//2757
f 2677//2677 2678//2678 2759//2759
f 2677//2677 2759//2759 2758//2758
f 2678//2678 2679//2679 2760//2760
f 2678//2678 2760//2760 2759//2759
f 2679//2679 2680//2680 2761//2761
f 2679//2679 2761//2761 2760//2760
f 2680//2680 2681//2681 2762//2762
f 2680//2680 2762//2762 2761//2761
f 2681//2681 2682//2682 2763//2763
f 2681//2681 2763//2763 2762//2762
f 2682//2682 2683//2683 2764//2764
f 2682//2682 2764//2764 2763//2763
f 2683//2683 2684//2684 2765//2765
f 2683//2683 2765//2765 2764//2764
f 2684//2684 2685//2685 2766//2766
f 2684//2684 2766//2766 2765//2765
f 2685//2685 2686//2686 2767//2767
f 2685//2685 2767//2767 2766//2766
f 2686//2686 2687//2687 2768//2768
f 2686//2686 2768//2768 2767//2767
f 2687//2687 2688//2688 2769//2769
f 2687//2687 2769//2769 2768//2768
f 2688//2688 2689//2689 2770//2770
f 2688//2688 2770//2770 2769//2769
f 2689//2689 2690//2690 2771//2771
f 2689//2689 2771//2771 2770//2770
f 2690//2690 2691//2691 2772//2772
f 2690//2690 2772//2772 2771//2771
f 2691//2691 2692//2692 2773//2773
f 2691//2691 2773//2773 2772//2772
f 2692//2692 2693//2693 2774//2774
f 2692//2692 2774//2774 2773//2773
f 2693//2693 2694//2694 2775//2775
f 2693//2693 2775//2775 2774//2774
f 2694//2694 2695//2695 2776//2776
f 2694//2694 2776//2776 2775//2775
f 2695//2695 2696//2696 2777//2777
f 2695//2695 2777//2777 2776//2776
f 2696//2696 2697//2697 2778//2778
f 2696//2696 2778//2778 2777//2777
f 2697//2697 2698//2698 2779//2779
f 2697//2697 2779//2779 2778//2778
f 2698//2698 2699//2699 2780//2780
f 2698//2698 2780//2780 2779//2779
f 2699//2699 2700//2700 2781//2781
f 2699//2699 2781//2781 2780//2780
f 2700//2700 2701//2701 2782//2782
f 2700//2700 2782//2782 2781//2781
f 2701//2701 2702//2702 2783//2783
f 2701//2701 2783//2783 2782//2782
f 2702//2702 2703//2703 2784//2784
f 2702//2702 2784//2784 2783//2783
f 2703//2703 2704//2704 2785//2785
f 2703//2703 2785//2785 2784//2784
f 2704//2704 2705//2705 2786//2786
f 2704//2704 2786//2786 2785//2785
f 2705//2705 2706//2706 2787//2787
f 2705//2705 2787//2787 2786//2786
f 2706//2706 2707//2707 2788//2788
f 2706//2706 2788//2788 2787//2787
f 2707//2707 2708//2708 2789//2789
f 2707//2707 2789//2789 2788//2788
f 2708//2708 2709//2709 2790//2790
f 2708//2708 2790//2790 2789//2789
f 2709//2709 2710//2710 2791//2791
f 2709//2709 2791//2791 2790//2790
f 2710//2710 2711//2711 2792//2792
f 2710//2710 2792//2792 2791//2791
f 2711//2711 2712//2712 2793//2793
f 2711//2711 2793//2793 2792//2792
f 2712//2712 2713//2713 2794//2794
f 2712//2712 2794//2794 2793//2793
f 2713//2713 2714//2714 2795//2795
f 2713//2713 2795//2795 2794//2794
f 2714//2714 2715//2715 2796//2796
f 2714//2714 2796//2796 2795//2795
f 2715//2715 2716//2716 2797//2797
f 2715//2715 2797//2797 2796//2796
f 2716//2716 2717//2717 2798//2798
f 2716//2716 2798//2798 2797//2797
f 2717//2717 2718//2718 2799//2799
f 2717//2717 2799//2799 2798//2798
f 2718//2718 2719//2719 2800//2800
f 2718//2718 2800//2800 2799//2799
f 2719//2719 2720//2720 2801//2801
f 2719//2719 2801//2801 2800//2800
f 2720//2720 2721//2721 2802//2802
f 2720//2720 2802//2802 2801//2801
f 2721//2721 2722//2722 2803//2803
f 2721//2721 2803//2803 2802//2802
f 2722//2722 2723//2723 2804//2804
f 2722//2722 2804//2804 2803//2803
f 2723//2723 2724//2724 2805//2805
f 2723//2723 2805//2805 2804//2804
f 2724//2724 2725//2725 2806//2806
f 2724//2724 2806//2806 2805//2805
f 2725//2725 2726//2726 2807//2807
f 2725//2725 2807//2807 2806//2806
f 2726//2726 2727//2727 2808//2808
f 2726//2726 2808//2808 2807//2807
f 2727//2727 2728//2728 2809//2809
f 2727//2727 2809//2809 2808//2808
f 2728//2728 2729//2729 2810//2810
f 2728//2728 2810//2810 2809//2809
f 2729//2729 2730//2730 2811//2811
f 2729//2729 2811//2811 2810//2810
f 2730//2730 2731//2731 2812//2812
f 2730//2730 2812//2812 2811//2811
f 2731//2731 2732//2732 2813//2813
f 2731//2731 2813//2813 2812//2812
f 2732//2732 2733//2733 2814//2814
f 2732//2732 2814//2814 2813//2813
f 2733//2733 2734//2734 2815//2815
f 2733//2733 2815//2815 2814//2814
f 2734//2734 2735//2735 2816//2816
f 2734//2734 2816//2816 2815//2815
f 2735//2735 2736//2736 2817//2817
f 2735//2735 2817//2817 2816//2816
f 2736//2736 2737//2737 2818//2818
f 2736//2736 2818//2818 2817//2817
f 2737//2737 2738//2738 2819//2819
f 2737//2737 2819//2819 2818//2818
f 2738//2738 2739//2739 2820//2820
f 2738//2738 2820//2820 2819//2819
f 2739//2739 2740//2740 2821//2821
f 2739//2739 2821//2821 2820//2820
f 2740//2740 2741//2741 2822//2822
f 2740//2740 2822//2822 2821//2821
f 2741//2741 2742//2742 2823//2823
f 2741//2741 2823//2823 2822//2822
f 2742//2742 2743//2743 2824//2824
f 2742//2742 2824//2824 2823//2823
f 2743//2743 2744//2744 2825//2825
f 2743//2743 2825//2825 2824//2824
f 2744//2744 2745//2745 2826//2826
f 2744//2744 2826//2826 2825//2825
f 2745//2745 2746//2746 2827//2827
f 2745//2745 2827//2827 2826//2826
f 2746//2746 2747//2747 2828//2828
f 2746//2746 2828//2828 2827//2827
f 2747//2747 2748//2748 2829//2829
f 2747//2747 2829//2829 2828//2828
f 2748//2748 2749//2749 2830//2830
f 2748//2748 2830//2830 2829//2829
f 2749//2749 2750//2750 2831//2831
f 2749//2749 2831//2831 2830//2830
f 2750//2750 2751//2751 2832//2832
f 2750//2750 2832//2832 2831//2831
f 2751//2751 2752//2752 2833//2833
f 2751//2751 2833//2833 2832//2832
f 2752//2752 2753//2753 2834//2834
f 2752//2752 2834//2834 2833//2833
f 2753//2753 2754//2754 2835//2835
f 2753//2753 2835//2835 2834//2834
f 2755//2755 2756//2756 2837//2837
f 2755//2755 2837//2837 2836//2836
f 2756//2756 2757//2757 2838//2838
f 2756//2756 2838//2838 2837//2837
f 2757//2757 2758//2758 2839//2839
f 2757//2757 2839//2839 2838//2838
f 2758//2758 2759//2759 2840//2840
f 2758//2758 2840//2840 2839//2839
f 2759//2759 2760//2760 2841//2841
f 2759//2759 2841//2841 2840//2840
f 2760//2760 2761//2761 2842//2842
f 2760//2760 2842//2842 2841//2841
f 2761//2761 2762//2762 2843//2843
f 2761//2761 2843//2843 2842//2842
f 2762//2762 2763//2763 2844//2844
f 2762//2762 2844//2844 2843//2843
f 2763//2763 2764//2764 2845//2845
f 2763//2763 2845//2845 2844//2844
f 2764//2764 2765//2765 2846//2846
f 2764//2764 2846//2846 2845//2845
f 2765//2765 2766//2766 2847//2847
f 2765//2765 2847//2847 2846//2846
f 2766//2766 2767//2767 2848//2848
f 2766//2766 2848//2848 2847//2847
f 2767//2767 2768//2768 2849//2849
f 2767//2767 2849//2849 2848//2848
f 2768//2768 2769//2769 2850//2850
f 2768//2768 2850//2850 2849//2849
f 2769//2769 2770//2770 2851//2851
f 2769//2769 2851//2851 2850//2850
f 2770//2770 2771//2771 2852//2852
f 2770//2770 2852//2852 2851//2851
f 2771//2771 2772//2772 2853//2853
f 2771//2771 2853//2853 2852//2852
f 2772//2772 2773//2773 2854//2854
f 2772//2772 2854//2854 2853//2853
f 2773//2773 2774//2774 2855//2855
f 2773//2773 2855//2855 2854//2854
f 2774//2774 2775//2775 2856//2856
f 2774//2774 2856//2856 2855//2855
f 2775//2775 2776//2776 2857//2857
f 2775//2775 2857//2857 2856//2856
f 2776//2776 2777//2777 2858//2858
f 2776//2776 2858//2858 2857//2857
f 2777//2777 2778//2778 2859//2859
f 2777//2777 2859//2859 2858//2858
f 2778//2778 2779//2779 2860//2860
f 2778//2778 2860//2860 2859//2859
f 2779//2779 2780//2780 2861//2861
f 2779//2779 2861//2861 2860//2860
f 2780//2780 2781//2781 2862//2862
f 2780//2780 2862//2862 2861//2861
f 2781//2781 2782//2782 2863//2863
f 2781//2781 2863//2863 2862//2862
f 2782//2782 2783//2783 2864//2864
f 2782//2782 2864//2864 2863//2863
f 2783//2783 2784//2784 2865//2865
f 2783//2783 2865//2865 2864//2864
f 2784//2784 2785//2785 2866//2866
f 2784//2784 2866//2866 2865//2865
f 2785//2785 2786//2786 2867//2867
f 2785//2785 2867//2867 2866//2866
f 2786//2786 2787//2787 2868//2868
f 2786//2786 2868//2868 2867//2867
f 2787//2787 2788//2788 2869//2869
f 2787//2787 2869//2869 2868//2868
f 2788//2788 2789//2789 2870//2870
f 2788//2788 2870//2870 2869//2869
f 2789//2789 2790//2790 2871//2871
f 2789//2789 2871//2871 2870//2870
f 2790//2790 2791//2791 2872//2872
f 2790//2790 2872//2872 2871//2871
f 2791//2791 2792//2792 2873//2873
f 2791//2791 2873//2873 2872//2872
f 2792//2792 2793//2793 2874//2874
f 2792//2792 2874//2874 2873//2873
f 2793//2793 2794//2794 2875//2875
f 2793//2793 2875//2875 2874//2874
f 2794//2794 2795//2795 2876//2876
f 2794//2794 2876//2876 2875//2875
f 2795//2795 2796//2796 2877//2877
f 2795//2795 2877//2877 2876//2876
f 2796//2796 2797//2797 2878//2878
f 2796//2796 2878//2878 2877//2877
f 2797//2797 2798//2798 2879//2879
f 2797//2797 2879//2879 2878//2878
f 2798//2798 2799//2799 2880//2880
f 2798//2798 2880//2880 2879//2879
f 2799//2799 2800//2800 2881//2881
f 2799//2799 2881//2881 2880//2880
f 2800//2800 2801//2801 2882//2882
f 2800//2800 2882//2882 2881//2881
f 2801//2801 2802//2802 2883//2883
f 2801//2801 2883//2883 2882//2882
f 2802//2802 2803//2803 2884//2884
f 2802//2802 2884//2884 2883//2883
f 2803//2803 2804//2804 2885//2885
f 2803//2803 2885//2885 2884//2884
f 2804//2804 2805//2805 2886//2886
f 2804//2804 2886//2886 2885//2885
f 2805//2805 2806//2806 2887//2887
f 2805//2805 2887//2887 2886//2886
f 2806//2806 2807//2807 2888//2888
f 2806//2806 2888//2888 2887//2887
f 2807//2807 2808//2808 2889//2889
f 2807//2807 2889//2889 2888//2888
f 2808//2808 2809//2809 2890//2890
f 2808//2808 2890//2890 2889//2889
f 2809//2809 2810//2810 2891//2891
f 2809//2809 2891//2891 2890//2890
f 2810//2810 2811//2811 2892//2892
f 2810//2810 2892//2892 2891//2891
f 2811//2811 2812//2812 2893//2893
f 2811//2811 2893//2893 2892//2892
f 2812//2812 2813//2813 2894//2894
f 2812//2812 2894//2894 2893//2893
f 2813//2813 2814//2814 2895//2895
f 2813//2813 2895//2895 2894//2894
f 2814//2814 2815//2815 2896//2896
f 2814//2814 2896//2896 2895//2895
f 2815//2815 2816//2816 2897//2897
f 2815//2815 2897//2897 2896//2896
f 2816//2816 2817//2817 2898//2898
f 2816//2816 2898//2898 2897//2897
f 2817//2817 2818//2818 2899//2899
f 2817//2817 2899//2899 2898//2898
f 2818//2818 2819//2819 2900//2900
f 2818//2818 2900//2900 2899//2899
f 2819//2819 2820//2820 2901//2901
f 2819//2819 2901//2901 2900//2900
f 2820//2820 2821//2821 2902//2902
f 2820//2820 2902//2902 2901//2901
f 2821//2821 2822//2822 2903//2903
f 2821//2821 2903//2903 2902//2902
f 2822//2822 2823//2823 2904//2904
f 2822//2822 2904//2904 2903//2903
f 2823//2823 2824//2824 2905//2905
f 2823//2823 2905//2905 2904//2904
f 2824//2824 2825//2825 2906//2906
f 2824//2824 2906//2906 2905//2905
f 2825//2825 2826//2826 2907//2907
f 2825//2825 2907//2907 2906//2906
f 2826//2826 2827//2827 2908//2908
f 2826//2826 2908//2908 2907//2907
f 2827//2827 2828//2828 2909//2909
f 2827//2827 2909//2909 2908//2908
f 2828//2828 2829//2829 2910//2910
f 2828//2828 2910//2910 2909//2909
f 2829//2829 2830//2830 2911//2911
f 2829//2829 2911//2911 2910//2910
f 2830//2830 2831//2831 2912//2912
f 2830//2830 2912//2912 2911//2911
f 2831//2831 2832//2832 2913//2913
f 2831//2831 2913//2913 2912//2912
f 2832//2832 2833//2833 2914//2914
f 2832//2832 2914//2914 2913//2913
f 2833//2833 2834//2834 2915//2915
f 2833//2833 2915//2915 2914//2914
f 2834//2834 2835//2835 2916//2916
f 2834//2834 2916//2916 2915//2915
f 2836//2836 2837//2837 2918//2918
f 2836//2836 2918//2918 2917//2917
f 2837//2837 2838//2838 2919//2919
f 2837//2837 2919//2919 2918//2918
f 2838//2838 2839//2839 2920//2920
f 2838//2838 2920//2920 2919//2919
f 2839//2839 2840//2840 2921//2921
f 2839//2839 2921//2921 2920//2920
f 2840//2840 2841//2841 2922//2922
f 2840//2840 2922//2922 2921//2921
f 2841//2841 2842//2842 2923//2923
f 2841//2841 2923//2923 2922//2922
f 2842//2842 2843//2843 2924//2924
f 2842//2842 2924//2924 2923//2923
f 2843//2843 2844//2844 2925//2925
f 2843//2843 2925//2925 2924//2924
f 2844//2844 2845//2845 2926//2926
f 2844//2844 2926//2926 2925//2925
f 2845//2845 2846//2846 2927//2927
f 2845//2845 2927//2927 2926//2926
f 2846//2846 2847//2847 2928//2928
f 2846//2846 2928//2928 2927//2927
f 2847//2847 2848//2848 2929//2929
f 2847//2847 2929//2929 2928//2928
f 2848//2848 2849//2849 2930//2930
f 2848//2848 2930//2930 2929//2929
f 2849//2849 2850//2850 2931//2931
f 2849//2849 2931//2931 2930//2930
f 2850//2850 2851//2851 2932//2932
f 2850//2850 2932//2932 2931//2931
f 2851//2851 2852//2852 2933//2933
f 2851//2851 2933//2933 2932//2932
f 2852//2852 2853//2853 2934//2934
f 2852//2852 2934//2934 2933//2933
f 2853//2853 2854//2854 2935//2935
f 2853//2853 2935//2935 2934//2934
f 2854//2854 2855//2855 2936//2936
f 2854//2854 2936//2936 2935//2935
f 2855//2855 2856//2856 2937//2937
f 2855//2855 2937//2937 2936//2936
f 2856//2856 2857//2857 2938//2938
f 2856//2856 2938//2938 2937//2937
f 2857//2857 2858//2858 2939//2939
f 2857//2857 2939//2939 2938//2938
f 2858//2858 2859//2859 2940//2940
f 2858//2858 2940//2940 2939//2939
f 2859//2859 2860//2860 2941//2941
f 2859//2859 2941//2941 2940//2940
f 2860//2860 2861//2861 2942//2942
f 2860//2860 2942//2942 2941//2941
f 2861//2861 2862//2862 2943//2943
f 2861//2861 2943//2943 2942//2942
f 2862//2862 2863//2863 2944//2944
f 2862//2862 2944//2944 2943//2943
f 2863//2863 2864//2864 2945//2945
f 2863//2863 2945//2945 2944//2944
f 2864//2864 2865//2865 2946//2946
f 2864//2864 2946//2946 2945//2945
f 2865//2865 2866//2866 2947//2947
f 2865//2865 2947//2947 2946//2946
f 2866//2866 2867//2867 2948//2948
f 2866//2866 2948//2948 2947//2947
f 2867//2867 2868//2868 2949//2949
f 2867//2867 2949//2949 2948//2948
f 2868//2868 2869//2869 2950//2950
f 2868//2868 2950//2950 2949//2949
f 2869//2869 2870//2870 2951//2951
f 2869//2869 2951//2951 2950//2950
f 2870//2870 2871//2871 2952//2952
f 2870//2870 2952//2952 2951//2951
f 2871//2871 2872//2872 2953//2953
f 2871//2871 2953//2953 2952//2952
f 2872//2872 2873//2873 2954//2954
f 2872//2872 2954//2954 2953//2953
f 2873//2873 2874//2874 2955//2955
f 2873//2873 2955//2955 2954//2954
f 2874//2874 2875//2875 2956//2956
f 2874//2874 2956//2956 2955//2955
f 2875//2875 2876//2876 2957//2957
f 2875//2875 2957//2957 2956//2956
f 2876//2876 2877//2877 2958//2958
f 2876//2876 2958//2958 2957//2957
f 2877//2877 2878//2878 2959//2959
f 2877//2877 2959//2959 2958//2958
f 2878//2878 2879//2879 2960//2960
f 2878//2878 2960//2960 2959//2959
f 2879//2879 2880//2880 2961//2961
f 2879//2879 2961//2961 2960//2960
f 2880//2880 2881//2881 2962//2962
f 2880//2880 2962//2962 2961//2961
f 2881//2881 2882//2882 2963//2963
f 2881//2881 2963//2963 2962//2962
f 2882//2882 2883//2883 2964//2964
f 2882//2882 2964//2964 2963//2963
f 2883//2883 2884//2884 2965//2965
f 2883//2883 2965//2965 2964//2964
f 2884//2884 2885//2885 2966//2966
f 2884//2884 2966//2966 2965//2965
f 2885//2885 2886//2886 2967//2967
f 2885//2885 2967//2967 2966//2966
f 2886//2886 2887//2887 2968//2968
f 2886//2886 2968//2968 2967//2967
f 2887//2887 2888//2888 2969//2969
f 2887//2887 2969//2969 2968//2968
f 2888//2888 2889//2889 2970//2970
f 2888//2888 2970//2970 2969//2969
f 2889//2889 2890//2890 2971//2971
f 2889//2889 2971//2971 2970//2970
f 2890//2890 2891//2891 2972//2972
f 2890//2890 2972//2972 2971//2971
f 2891//2891 2892//2892 2973//2973
f 2891//2891 2973//2973 2972//2972
f 2892//2892 2893//2893 2974//2974
f 2892//2892 2974//2974 2973//2973
f 2893//2893 2894//2894 2975//2975
f 2893//2893 2975//2975 2974//2974
f 2894//2894 2895//2895 2976//2976
f 2894//2894 2976//2976 2975//2975
f 2895//2895 2896//2896 2977//2977
f 2895//2895 2977//2977 2976//2976
f 2896//2896 2897//2897 2978//2978
f 2896//2896 2978//2978 2977//2977
f 2897//2897 2898//2898 2979//2979
f 2897//2897 2979//2979 2978//2978
f 2898//2898 2899//2899 2980//2980
f 2898//2898 2980//2980 2979//2979
f 2899//2899 2900//2900 2981//2981
f 2899//2899 2981//2981 2980//2980
f 2900//2900 2901//2901 2982//2982
f 2900//2900 2982//2982 2981//2981
f 2901//2901 2902//2902 2983//2983
f 2901//2901 2983//2983 2982//2982
f 2902//2902 2903//2903 2984//2984
f 2902//2902 2984//2984 2983//2983
f 2903//2903 2904//2904 2985//2985
f 2903//2903 2985//2985 2984//2984
f 2904//2904 2905//2905 2986//2986
f 2904//2904 2986//2986 2985//2985
f 2905//2905 2906//2906 2987//2987
f 2905//2905 2987//2987 2986//2986
f 2906//2906 2907//2907 2988//2988
f 2906//2906 2988//2988 2987//2987
f 2907//2907 2908//2908 2989//2989
f 2907//2907 2989//2989 2988//2988
f 2908//2908 2909//2909 2990//2990
f 2908//2908 2990//2990 2989//2989
f 2909//2909 2910//2910 2991//2991
f 2909//2909 2991//2991 2990//2990
f 2910//2910 2911//2911 2992//2992
f 2910//2910 2992//2992 2991//2991
f 2911//2911 2912//2912 2993//2993
f 2911//2911 2993//2993 2992//2992
f 2912//2912 2913//2913 2994//2994
f 2912//2912 2994//2994 2993//2993
f 2913//2913 2914//2914 2995//2995
f 2913//2913 2995//2995 2994//2994
f 2914//2914 2915//2915 2996//2996
f 2914//2914 2996//2996 2995//2995
f 2915//2915 2916//2916 2997//2997
f 2915//2915 2997//2997 2996//2996
f 2917//2917 2918//2918 2999//2999
f 2917//2917 2999//2999 2998//2998
f 2918//2918 2919//2919 3000//3000
f 2918//2918 3000//3000 2999//2999
f 2919//2919 2920//2920 3001//3001
f 2919//2919 3001//3001 3000//3000
f 2920//2920 2921//2921 3002//3002
f 2920//2920 3002//3002 3001//3001
f 2921//2921 2922//2922 3003//3003
f 2921//2921 3003//3003 3002//3002
f 2922//2922 2923//2923 3004//3004
f 2922//2922 3004//3004 3003//3003
f 2923//2923 2924//2924 3005//3005
f 2923//2923 3005//3005 3004//3004
f 2924//2924 2925//2925 3006//3006
f 2924//2924 3006//3006 3005//3005
f 2925//2925 2926//2926 3007//3007
f 2925//2925 3007//3007 3006//3006
f 2926//2926 2927//2927 3008//3008
f 2926//2926 3008//3008 3007//3007
f 2927//2927 2928//2928 3009//3009
f 2927//2927 3009//3009 3008//3008
f 2928//2928 2929//2929 3010//3010
f 2928//2928 3010//3010 3009//3009
f 2929//2929 2930//2930 3011//3011
f 2929//2929 3011//3011 3010//3010
f 2930//2930 2931//2931 3012//3012
f 2930//2930 3012//3012 3011//3011
f 2931//2931 2932//2932 3013//3013
f 2931//2931 3013//3013 3012//3012
f 2932//2932 2933//2933 3014//3014
f 2932//2932 3014//3014 3013//3013
f 2933//2933 2934//2934 3015//3015
f 2933//2933 3015//3015 3014//3014
f 2934//2934 2935//2935 3016//3016
f 2934//2934 3016//3016 3015//3015
f 2935//2935 2936//2936 3017//3017
f 2935//2935 3017//3017 3016//3016
f 2936//2936 2937//2937 3018//3018
f 2936//2936 3018//3018 3017//3017
f 2937//2937 2938//2938 3019//3019
f 2937//2937 3019//3019 3018//3018
f 2938//2938 2939//2939 3020//3020
f 2938//2938 3020//3020 3019//3019
f 2939//2939 2940//2940 3021//3021
f 2939//2939 3021//3021 3020//3020
f 2940//2940 2941//2941 3022//3022
f 2940//2940 3022//3022 3021//3021
f 2941//2941 2942//2942 3023//3023
f 2941//2941 3023//3023 3022//3022
f 2942//2942 2943//2943 3024//3024
f 2942//2942 3024//3024 3023//3023
f 2943//2943 2944//2944 3025//3025
f 2943//2943 3025//3025 3024//3024
f 2944//2944 2945//2945 3026//3026
f 2944//2944 3026//3026 3025//3025
f 2945//2945 2946//2946 3027//3027
f 2945//2945 3027//3027 3026//3026
f 2946//2946 2947//2947 3028//3028
f 2946//2946 3028//3028 3027//3027
f 2947//2947 2948//2948 3029//3029
f 2947//2947 3029//3029 3028//3028
f 2948//2948 2949//2949 3030//3030
f 2948//2948 3030//3030 3029//3029
f 2949//2949 2950//2950 3031//3031
f 2949//2949 3031//3031 3030//3030
f 2950//2950 2951//2951 3032//3032
f 2950//2950 3032//3032 3031//3031
f 2951//2951 2952//2952 3033//3033
f 2951//2951 3033//3033 3032//3032
f 2952//2952 2953//2953 3034//3034
f 2952//2952 3034//3034 3033//3033
f 2953//2953 2954//2954 3035//3035
f 2953//2953 3035//3035 3034//3034
f 2954//2954 2955//2955 3036//3036
f 2954//2954 3036//3036 3035//3035
f 2955//2955 2956//2956 3037//3037
f 2955//2955 3037//3037 3036//3036
f 2956//2956 2957//2957 3038//3038
f 2956//2956 3038//3038 3037//3037
f 2957//2957 2958//2958 3039//3039
f 2957//2957 3039//3039 3038//3038
f 2958//2958 2959//2959 3040//3040
f 2958//2958 3040//3040 3039//3039
f 2959//2959 2960//2960 3041//3041
f 2959//2959 3041//3041 3040//3040
f 2960//2960 2961//2961 3042//3042
f 2960//2960 3042//3042 3041//3041
f 2961//2961 2962//2962 3043//3043
f 2961//2961 3043//3043 3042//3042
f 2962//2962 2963//2963 3044//3044
f 2962//2962 3044//3044 3043//3043
f 2963//2963 2964//2964 3045//3045
f 2963//2963 3045//3045 3044//3044
f 2964//2964 2965//2965 3046//3046
f 2964//2964 3046//3046 3045//3045
f 2965//2965 2966//2966 3047//3047
f 2965//2965 3047//3047 3046//3046
f 2966//2966 2967//2967 3048//3048
f 2966//2966 3048//3048 3047//3047
f 2967//2967 2968//2968 3049//3049
f 2967//2967 3049//3049 3048//3048
f 2968//2968 2969//2969 3050//3050
f 2968//2968 3050//3050 3049//3049
f 2969//2969 2970//2970 3051//3051
f 2969//2969 3051//3051 3050//3050
f 2970//2970 2971//2971 3052//3052
f 2970//2970 3052//3052 3051//3051
f 2971//2971 2972//2972 3053//3053
f 2971//2971 3053//3053 3052//3052
f 2972//2972 2973//2973 3054//3054
f 2972//2972 3054//3054 3053//3053
f 2973//2973 2974//2974 3055//3055
f 2973//2973 3055//3055 3054//3054
f 2974//2974 2975//2975 3056//3056
f 2974//2974 3056//3056 3055//3055
f 2975//2975 2976//2976 3057//3057
f 2975//2975 3057//3057 3056//3056
f 2976//2976 2977//2977 3058//3058
f 2976//2976 3058//3058 3057//3057
f 2977//2977 2978//2978 3059//3059
f 2977//2977 3059//3059 3058//3058
f 2978//2978 2979//2979 3060//3060
f 2978//2978 3060//3060 3059//3059
f 2979//2979 2980//2980 3061//3061
f 2979//2979 3061//3061 3060//3060
f 2980//2980 2981//2981 3062//3062
f 2980//2980 3062//3062 3061//3061
f 2981//2981 2982//2982 3063//3063
f 2981//2981 3063//3063 3062//3062
f 2982//2982 2983//2983 3064//3064
f 2982//2982 3064//3064 3063//3063
f 2983//2983 2984//2984 3065//3065
f 2983//2983 3065//3065 3064//3064
f 2984//2984 2985//2985 3066//3066
f 2984//2984 3066//3066 3065//3065
f 2985//2985 2986//2986 3067//3067
f 2985//2985 3067//3067 3066//3066
f 2986//2986 2987//2987 3068//3068
f 2986//2986 3068//3068 3067//3067
f 2987//2987 2988//2988 3069//3069
f 2987//2987 3069//3069 3068//3068
f 2988//2988 2989//2989 3070//3070
f 2988//2988 3070//3070 3069//3069
f 2989//2989 2990//2990 3071//3071
f 2989//2989 3071//3071 3070//3070
f 2990//2990 2991//2991 3072//3072
f 2990//2990 3072//3072 3071//3071
f 2991//2991 2992//2992 3073//3073
f 2991//2991 3073//3073 3072//3072
f 2992//2992 2993//2993 3074//3074
f 2992//2992 3074//3074 3073//3073
f 2993//2993 2994//2994 3075//3075
f 2993//2993 3075//3075 3074//3074
f 2994//2994 2995//2995 3076//3076
f 2994//2994 3076//3076 3075//3075
f 2995//2995 2996//2996 3077//3077
f 2995//2995 3077//3077 3076//3076
f 2996//2996 2997//2997 3078//3078
f 2996//2996 3078//3078 3077//3077
f 2998//2998 2999//2999 3080//3080
f 2998//2998 3080//3080 3079//3079
f 2999//2999 3000//3000 3081//3081
f 2999//2999 3081//3081 3080//3080
f 3000//3000 3001//3001 3082//3082
f 3000//3000 3082//3082 3081//3081
f 3001//3001 3002//3002 3083//3083
f 3001//3001 3083//3083 3082//3082
f 3002//3002 3003//3003 3084//3084
f 3002//3002 3084//3084 3083//3083
f 3003//3003 3004//3004 3085//3085
f 3003//3003 3085//3085 3084//3084
f 3004//3004 3005//3005 3086//3086
f 3004//3004 3086//3086 3085//3085
f 3005//3005 3006//3006 3087//3087
f 3005//3005 3087//3087 3086//3086
f 3006//3006 3007//3007 3088//3088
f 3006//3006 3088//3088 3087//3087
f 3007//3007 3008//3008 3089//3089
f 3007//3007 3089//3089 3088//3088
f 3008//3008 3009//3009 3090//3090
f 3008//3008 3090//3090 3089//3089
f 3009//3009 3010//3010 3091//3091
f 3009//3009 3091//3091 3090//3090
f 3010//3010 3011//3011 3092//3092
f 3010//3010 3092//3092 3091//3091
f 3011//3011 3012//3012 3093//3093
f 3011//3011 3093//3093 3092//3092
f 3012//3012 3013//3013 3094//3094
f 3012//3012 3094//3094 3093//3093
f 3013//3013 3014//3014 3095//3095
f 3013//3013 3095//3095 3094//3094
f 3014//3014 3015//3015 3096//3096
f 3014//3014 3096//3096 3095//3095
f 3015//3015 3016//3016 3097//3097
f 3015//3015 3097//3097 3096//3096
f 3016//3016 3017//3017 3098//3098
f 3016//3016 3098//3098 3097//3097
f 3017//3017 3018//3018 3099//3099
f 3017//3017 3099//3099 3098//3098
f 3018//3018 3019//3019 3100//3100
f 3018//3018 3100//3100 3099//3099
f 3019//3019 3020//3020 3101//3101
f 3019//3019 3101//3101 3100//3100
f 3020//3020 3021//3021 3102//3102
f 3020//3020 3102//3102 3101//3101
f 3021//3021 3022//3022 3103//3103
f 3021//3021 3103//3103 3102//3102
f 3022//3022 3023//3023 3104//3104
f 3022//3022 3104//3104 3103//3103
f 3023//3023 3024//3024 3105//3105
f 3023//3023 3105//3105 3104//3104
f 3024//3024 3025//3025 3106//3106
f 3024//3024 3106//3106 3105//3105
f 3025//3025 3026//3026 3107//3107
f 3025//3025 3107//3107 3106//3106
f 3026//3026 3027//3027 3108//3108
f 3026//3026 3108//3108 3107//3107
f 3027//3027 3028//3028 3109//3109
f 3027//3027 3109//3109 3108//3108
f 3028//3028 3029//3029 3110//3110
f 3028//3028 3110//3110 3109//3109
f 3029//3029 3030//3030 3111//3111
f 3029//3029 3111//3111 3110//3110
f 3030//3030 3031//3031 3112//3112
f 3030//3030 3112//3112 3111//3111
f 3031//3031 3032//3032 3113//3113
f 3031//3031 3113//3113 3112//3112
f 3032//3032 3033//3033 3114//3114
f 3032//3032 3114//3114 3113//3113
f 3033//3033 3034//3034 3115//3115
f 3033//3033 3115//3115 3114//3114
f 3034//3034 3035//3035 3116//3116
f 3034//3034 3116//3116 3115//3115
f 3035//3035 3036//3036 3117//3117
f 3035//3035 3117//3117 3116//3116
f 3036//3036 3037//3037 3118//3118
f 3036//3036 3118//3118 3117//3117
f 3037//3037 3038//3038 3119//3119
f 3037//3037 3119//3119 3118//3118
f 3038//3038 3039//3039 3120//3120
f 3038//3038 3120//3120 3119//3119
f 3039//3039 3040//3040 3121//3121
f 3039//3039 3121//3121 3120//3120
f 3040//3040 3041//3041 3122//3122
f 3040//3040 3122//3122 3121//3121
f 3041//3041 3042//3042 3123//3123
f 3041//3041 3123//3123 3122//3122
f 3042//3042 3043//3043 3124//3124
f 3042//3042 3124//3124 3123//3123
f 3043//3043 3044//3044 3125//3125
f 3043//3043 3125//3125 3124//3124
f 3044//3044 3045//3045 3126//3126
f 3044//3044 3126//3126 3125//3125
f 3045//3045 3046//3046 3127//3127
f 3045//3045 3127//3127 3126//3126
f 3046//3046 3047//3047 3128//3128
f 3046//3046 3128//3128 3127//3127
f 3047//3047 3048//3048 3129//3129
f 3047//3047 3129//3129 3128//3128
f 3048//3048 3049//3049 3130//3130
f 3048//3048 3130//3130 3129//3129
f 3049//3049 3050//3050 3131//3131
f 3049//3049 3131//3131 3130//3130
f 3050//3050 3051//3051 3132//3132
f 3050//3050 3132//3132 3131//3131
f 3051//3051 3052//3052 3133//3133
f 3051//3051 3133//3133 3132//3132
f 3052//3052 3053//3053 3134//3134
f 3052//3052 3134//3134 3133//3133
f 3053//3053 3054//3054 3135//3135
f 3053//3053 3135//3135 3134//3134
f 3054//3054 3055//3055 3136//3136
f 3054//3054 3136//3136 3135//3135
f 3055//3055 3056//3056 3137//3137
f 3055//3055 3137//3137 3136//3136
f 3056//3056 3057//3057 3138//3138
f 3056//3056 3138//3138 3137//3137
f 3057//3057 3058//3058 3139//3139
f 3057//3057 3139//3139 3138//3138
f 3058//3058 3059//3059 3140//3140
f 3058//3058 3140//3140 3139//3139
f 3059//3059 3060//3060 3141//3141
f 3059//3059 3141//3141 3140//3140
f 3060//3060 3061//3061 3142//3142
f 3060//3060 3142//3142 3141//3141
f 3061//3061 3062//3062 3143//3143
f 3061//3061 3143//3143 3142//3142
f 3062//3062 3063//3063 3144//3144
f 3062//3062 3144//3144 3143//3143
f 3063//3063 3064//3064 3145//3145
f 3063//3063 3145//3145 3144//3144
f 3064//3064 3065//3065 3146//3146
f 3064//3064 3146//3146 3145//3145
f 3065//3065 3066//3066 3147//3147
f 3065//3065 3147//3147 3146//3146
f 3066//3066 3067//3067 3148//3148
f 3066//3066 3148//3148 3147//3147
f 3067//3067 3068//3068 3149//3149
f 3067//3067 3149//3149 3148//3148
f 3068//3068 3069//3069 3150//3150
f 3068//3068 3150//3150 3149//3149
f 3069//3069 3070//3070 3151//3151
f 3069//3069 3151//3151 3150//3150
f 3070//3070 3071//3071 3152//3152
f 3070//3070 3152//3152 3151//3151
f 3071//3071 3072//3072 3153//3153
f 3071//3071 3153//3153 3152//3152
f 3072//3072 3073//3073 3154//3154
f 3072//3072 3154//3154 3153//3153
f 3073//3073 3074//3074 3155//3155
f 3073//3073 3155//3155 3154//3154
f 3074//3074 3075//3075 3156//3156
f 3074//3074 3156//3156 3155//3155
f 3075//3075 3076//3076 3157//3157
f 3075//3075 3157//3157 3156//3156
f 3076//3076 3077//3077 3158//3158
f 3076//3076 3158//3158 3157//3157
f 3077//3077 3078//3078 3159//3159
f 3077//3077 3159//3159 3158//3158
f 3079//3079 3080//3080 3161//3161
f 3079//3079 3161//3161 3160//3160
f 3080//3080 3081//3081 3162//3162
f 3080//3080 3162//3162 3161//3161
f 3081//3081 3082//3082 3163//3163
f 3081//3081 3163//3163 3162//3162
f 3082//3082 3083//3083 3164//3164
f 3082//3082 3164//3164 3163//3163
f 3083//3083 3084//3084 3165//3165
f 3083//3083 3165//3165 3164//3164
f 3084//3084 3085//3085 3166//3166
f 3084//3084 3166//3166 3165//3165
f 3085//3085 3086//3086 3167//3167
f 3085//3085 3167//3167 3166//3166
f 3086//3086 3087//3087 3168//3168
f 3086//3086 3168//3168 3167//3167
f 3087//3087 3088//3088 3169//3169
f 3087//3087 3169//3169 3168//3168
f 3088//3088 3089//3089 3170//3170
f 3088//3088 3170//3170 3169//3169
f 3089//3089 3090//3090 3171//3171
f 3089//3089 3171//3171 3170//3170
f 3090//3090 3091//3091 3172//3172
f 3090//3090 3172//3172 3171//3171
f 3091//3091 3092//3092 3173//3173
f 3091//3091 3173//3173 3172//3172
f 3092//3092 3093//3093 3174//3174
f 3092//3092 3174//3174 3173//3173
f 3093//3093 3094//3094 3175//3175
f 3093//3093 3175//3175 3174//3174
f 3094//3094 3095//3095 3176//3176
f 3094//3094 3176//3176 3175//3175
f 3095//3095 3096//3096 3177//3177
f 3095//3095 3177//3177 3176//3176
f 3096//3096 3097//3097 3178//3178
f 3096//3096 3178//3178 3177//3177
f 3097//3097 3098//3098 3179//3179
f 3097//3097 3179//3179 3178//3178
f 3098//3098 3099//3099 3180//3180
f 3098//3098 3180//3180 3179//3179
f 3099//3099 3100//3100 3181//3181
f 3099//3099 3181//3181 3180//3180
f 3100//3100 3101//3101 3182//3182
f 3100//3100 3182//3182 3181//3181
f 3101//3101 3102//3102 3183//3183
f 3101//3101 3183//3183 3182//3182
f 3102//3102 3103//3103 3184//3184
f 3102//3102 3184//3184 3183//3183
f 3103//3103 3104//3104 3185//3185
f 3103//3103 3185//3185 3184//3184
f 3104//3104 3105//3105 3186//3186
f 3104//3104 3186//3186 3185//3185
f 3105//3105 3106//3106 3187//3187
f 3105//3105 3187//3187 3186//3186
f 3106//3106 3107//3107 3188//3188
f 3106//3106 3188//3188 3187//3187
f 3107//3107 3108//3108 3189//3189
f 3107//3107 3189//3189 3188//3188
f 3108//3108 3109//3109 3190//3190
f 3108//3108 3190//3190 3189//3189
f 3109//3109 3110//3110 3191//3191
f 3109//3109 3191//3191 3190//3190
f 3110//3110 3111//3111 3192//3192
f 3110//3110 3192//3192 3191//3191
f 3111//3111 3112//3112 3193//3193
f 3111//3111 3193//3193 3192//3192
f 3112//3112 3113//3113 3194//3194
f 3112//3112 3194//3194 3193//3193
f 3113//3113 3114//3114 3195//3195
f 3113//3113 3195//3195 3194//3194
f 3114//3114 3115//3115 3196//3196
f 3114//3114 3196//3196 3195//3195
f 3115//3115 3116//3116 3197//3197
f 3115//3115 3197//3197 3196//3196
f 3116//3116 3117//3117 3198//3198
f 3116//3116 3198//3198 3197//3197
f 3117//3117 3118//3118 3199//3199
f 3117//3117 3199//3199 3198//3198
f 3118//3118 3119//3119 3200//3200
f 3118//3118 3200//3200 3199//3199
f 3119//3119 3120//3120 3201//3201
f 3119//3119 3201//3201 3200//3200
f 3120//3120 3121//3121 3202//3202
f 3120//3120 3202//3202 3201//3201
f 3121//3121 3122//3122 3203//3203
f 3121//3121 3203//3203 3202//3202
f 3122//3122 3123//3123 3204//3204
f 3122//3122 3204//3204 3203//3203
f 3123//3123 3124//3124 3205//3205
f 3123//3123 3205//3205 3204//3204
f 3124//3124 3125//3125 3206//3206
f 3124//3124 3206//3206 3205//3205
f 3125//3125 3126//3126 3207//3207
f 3125//3125 3207//3207 3206//3206
f 3126//3126 3127//3127 3208//3208
f 3126//3126 3208//3208 3207//3207
f 3127//3127 3128//3128 3209//3209
f 3127//3127 3209//3209 3208//3208
f 3128//3128 3129//3129 3210//3210
f 3128//3128 3210//3210 3209//3209
f 3129//3129 3130//3130 3211//3211
f 3129//3129 3211//3211 3210//3210
f 3130//3130 3131//3131 3212//3212
f 3130//3130 3212//3212 3211//3211
f 3131//3131 3132//3132 3213//3213
f 3131//3131 3213//3213 3212//3212
f 3132//3132 3133//3133 3214//3214
f 3132//3132 3214//3214 3213//3213
f 3133//3133 3134//3134 3215//3215
f 3133//3133 3215//3215 3214//3214
f 3134//3134 3135//3135 3216//3216
f 3134//3134 3216//3216 3215//3215
f 3135//3135 3136//3136 3217//3217
f 3135//3135 3217//3217 3216//3216
f 3136//3136 3137//3137 3218//3218
f 3136//3136 3218//3218 3217//3217
f 3137//3137 3138//3138 3219//3219
f 3137//3137 3219//3219 3218//3218
f 3138//3138 3139//3139 3220//3220
f 3138//3138 3220//3220 3219//3219
f 3139//3139 3140//3140 3221//3221
f 3139//3139 3221//3221 3220//3220
f 3140//3140 3141//3141 3222//3222
f 3140//3140 3222//3222 3221//3221
f 3141//3141 3142//3142 3223//3223
f 3141//3141 3223//3223 3222//3222
f 3142//3142 3143//3143 3224//3224
f 3142//3142 3224//3224 3223//3223
f 3143//3143 3144//3144 3225//3225
f 3143//3143 3225//3225 3224//3224
f 3144//3144 3145//3145 3226//3226
f 3144//3144 3226//3226 3225//3225
f 3145//3145 3146//3146 3227//3227
f 3145//3145 3227//3227 3226//3226
f 3146//3146 3147//3147 3228//3228
f 3146//3146 3228//3228 3227//3227
f 3147//3147 3148//3148 3229//3229
f 3147//3147 3229//3229 3228//3228
f 3148//3148 3149//3149 3230//3230
f 3148//3148 3230//3230 3229//3229
f 3149//3149 3150//3150 3231//3231
f 3149//3149 3231//3231 3230//3230
f 3150//3150 3151//3151 3232//3232
f 3150//3150 3232//3232 3231//3231
f 3151//3151 3152//3152 3233//3233
f 3151//3151 3233//3233 3232//3232
f 3152//3152 3153//3153 3234//3234
f 3152//3152 3234//3234 3233//3233
f 3153//3153 3154//3154 3235//3235
f 3153//3153 3235//3235 3234//3234
f 3154//3154 3155//3155 3236//3236
f 3154//3154 3236//3236 3235//3235
f 3155//3155 3156//3156 3237//3237
f 3155//3155 3237//3237 3236//3236
f 3156//3156 3157//3157 3238//3238
f 3156//3156 3238//3238 3237//3237
f 3157//3157 3158//3158 3239//3239
f 3157//3157 3239//3239 3238//3238
f 3158//3158 3159//3159 3240//3240
f 3158//3158 3240//3240 3239//3239
f 3160//3160 3161//3161 3242//3242
f 3160//3160 3242//3242 3241//3241
f 3161//3161 3162//3162 3243//3243
f 3161//3161 3243//3243 3242//3242
f 3162//3162 3163//3163 3244//3244
f 3162//3162 3244//3244 3243//3243
f 3163//3163 3164//3164 3245//3245
f 3163//3163 3245//3245 3244//3244
f 3164//3164 3165//3165 3246//3246
f 3164//3164 3246//3246 3245//3245
f 3165//3165 3166//3166 3247//3247
f 3165//3165 3247//3247 3246//3246
f 3166//3166 3167//3167 3248//3248
f 3166//3166 3248//3248 3247//3247
f 3167//3167 3168//3168 3249//3249
f 3167//3167 3249//3249 3248//3248
f 3168//3168 3169//3169 3250//3250
f 3168//3168 3250//3250 3249//3249
f 3169//3169 3170//3170 3251//3251
f 3169//3169 3251//3251 3250//3250
f 3170//3170 3171//3171 3252//3252
f 3170//3170 3252//3252 3251//3251
f 3171//3171 3172//3172 3253//3253
f 3171//3171 3253//3253 3252//3252
f 3172//3172 3173//3173 3254//3254
f 3172//3172 3254//3254 3253//3253
f 3173//3173 3174//3174 3255//3255
f 3173//3173 3255//3255 3254//3254
f 3174//3174 3175//3175 3256//3256
f 3174//3174 3256//3256 3255//3255
f 3175//3175 3176//3176 3257//3257
f 3175//3175 3257//3257 3256//3256
f 3176//3176 3177//3177 3258//3258
f 3176//3176 3258//3258 3257//3257
f 3177//3177 3178//3178 3259//3259
f 3177//3177 3259//3259 3258//3258
f 3178//3178 3179//3179 3260//3260
f 3178//3178 3260//3260 3259//3259
f 3179//3179 3180//3180 3261//3261
f 3179//3179 3261//3261 3260//3260
f 3180//3180 3181//3181 3262//3262
f 3180//3180 3262//3262 3261//3261
f 3181//3181 3182//3182 3263//3263
f 3181//3181 3263//3263 3262//3262
f 3182//3182 3183//3183 3264//3264
f 3182//3182 3264//3264 3263//3263
f 3183//3183 3184//3184 3265//3265
f 3183//3183 3265//3265 3264//3264
f 3184//3184 3185//3185 3266//3266
f 3184//3184 3266//3266 3265//3265
f 3185//3185 3186//3186 3267//3267
f 3185//3185 3267//3267 3266//3266
f 3186//3186 3187//3187 3268//3268
f 3186//3186 3268//3268 3267//3267
f 3187//3187 3188//3188 3269//3269
f 3187//3187 3269//3269 3268//3268
f 3188//3188 3189//3189 3270//3270
f 3188//3188 3270//3270 3269//3269
f 3189//3189 3190//3190 3271//3271
f 3189//3189 3271//3271 3270//3270
f 3190//3190 3191//3191 3272//3272
f 3190//3190 3272//3272 3271//3271
f 3191//3191 3192//3192 3273//3273
f 3191//3191 3273//3273 3272//3272
f 3192//3192 3193//3193 3274//3274
f 3192//3192 3274//3274 3273//3273
f 3193//3193 3194//3194 3275//3275
f 3193//3193 3275//3275 3274//3274
f 3194//3194 3195//3195 3276//3276
f 3194//3194 3276//3276 3275//3275
f 3195//3195 3196//3196 3277//3277
f 3195//3195 3277//3277 3276//3276
f 3196//3196 3197//3197 3278//3278
f 3196//3196 3278//3278 3277//3277
f 3197//3197 3198//3198 3279//3279
f 3197//3197 3279//3279 3278//3278
f 3198//3198 3199//3199 3280//3280
f 3198//3198 3280//3280 3279//3279
f 3199//3199 3200//3200 3281//3281
f 3199//3199 3281//3281 3280//3280
f 3200//3200 3201//3201 3282//3282
f 3200//3200 3282//3282 3281//3281
f 3201//3201 3202//3202 3283//3283
f 3201//3201 3283//3283 3282//3282
f 3202//3202 3203//3203 3284//3284
f 3202//3202 3284//3284 3283//3283
f 3203//3203 3204//3204 3285//3285
f 3203//3203 3285//3285 3284//3284
f 3204//3204 3205//3205 3286//3286
f 3204//3204 3286//3286 3285//3285
f 3205//3205 3206//3206 3287//3287
f 3205//3205 3287//3287 3286//3286
f 3206//3206 3207//3207 3288//3288
f 3206//3206 3288//3288 3287//3287
f 3207//3207 3208//3208 3289//3289
f 3207//3207 3289//3289 3288//3288
f 3208//3208 3209//3209 3290//3290
f 3208//3208 3290//3290 3289//3289
f 3209//3209 3210//3210 3291//3291
f 3209//3209 3291//3291 3290//3290
f 3210//3210 3211//3211 3292//3292
f 3210//3210 3292//3292 3291//3291
f 3211//3211 3212//3212 3293//3293
f 3211//3211 3293//3293 3292//3292
f 3212//3212 3213//3213 3294//3294
f 3212//3212 3294//3294 3293//3293
f 3213//3213 3214//3214 3295//3295
f 3213//3213 3295//3295 3294//3294
f 3214//3214 3215//3215 3296//3296
f 3214//3214 3296//3296 3295//3295
f 3215//3215 3216//3216 3297//3297
f 3215//3215 3297//3297 3296//3296
f 3216//3216 3217//3217 3298//3298
f 3216//3216 3298//3298 3297//3297
f 3217//3217 3218//3218 3299//3299
f 3217//3217 3299//3299 3298//3298
f 3218//3218 3219//3219 3300//3300
f 3218//3218 3300//3300 3299//3299
f 3219//3219 3220//3220 3301//3301
f 3219//3219 3301//3301 3300//3300
f 3220//3220 3221//3221 3302//3302
f 3220//3220 3302//3302 3301//3301
f 3221//3221 3222//3222 3303//3303
f 3221//3221 3303//3303 3302//3302
f 3222//3222 3223//3223 3304//3304
f 3222//3222 3304//3304 3303//3303
f 3223//3223 3224//3224 3305//3305
f 3223//3223 3305//3305 3304//3304
f 3224//3224 3225//3225 3306//3306
f 3224//3224 3306//3306 3305//3305
f 3225//3225 3226//3226 3307//3307
f 3225//3225 3307//3307 3306//3306
f 3226//3226 3227//3227 3308//3308
f 3226//3226 3308//3308 3307//3307
f 3227//3227 3228//3228 3309//3309
f 3227//3227 3309//3309 3308//3308
f 3228//3228 3229//3229 3310//3310
f 3228//3228 3310//3310 3309//3309
f 3229//3229 3230//3230 3311//3311
f 3229//3229 3311//3311 3310//3310
f 3230//3230 3231//3231 3312//3312
f 3230//3230 3312//3312 3311//3311
f 3231//3231 3232//3232 3313//3313
f 3231//3231 3313//3313 3312//3312
f 3232//3232 3233//3233 3314//3314
f 3232//3232 3314//3314 3313//3313
f 3233//3233 3234//3234 3315//3315
f 3233//3233 3315//3315 3314//3314
f 3234//3234 3235//3235 3316//3316
f 3234//3234 3316//3316 3315//3315
f 3235//3235 3236//3236 3317//3317
f 3235//3235 3317//3317 3316//3316
f 3236//3236 3237//3237 3318//3318
f 3236//3236 3318//3318 3317//3317
f 3237//3237 3238//3238 3319//3319
f 3237//3237 3319//3319 3318//3318
f 3238//3238 3239//3239 3320//3320
f 3238//3238 3320//3320 3319//3319
f 3239//3239 3240//3240 3321//3321
f 3239//3239 3321//3321 3320//3320
f 3241//3241 3242//3242 3323//3323
f 3241//3241 3323//3323 3322//3322
f 3242//3242 3243//3243 3324//3324
f 3242//3242 3324//3324 3323//3323
f 3243//3243 3244//3244 3325//3325
f 3243//3243 3325//3325 3324//3324
f 3244//3244 3245//3245 3326//3326
f 3244//3244 3326//3326 3325//3325
f 3245//3245 3246//3246 3327//3327
f 3245//3245 3327//3327 3326//3326
f 3246//3246 3247//3247 3328//3328
f 3246//3246 3328//3328 3327//3327
f 3247//3247 3248//3248 3329//3329
f 3247//3247 3329//3329 3328//3328
f 3248//3248 3249//3249 3330//3330
f 3248//3248 3330//3330 3329//3329
f 3249//3249 3250//3250 3331//3331
f 3249//3249 3331//3331 3330//3330
f 3250//3250 3251//3251 3332//3332
f 3250//3250 3332//3332 3331//3331
f 3251//3251 3252//3252 3333//3333
f 3251//3251 3333//3333 3332//3332
f 3252//3252 3253//3253 3334//3334
f 3252//3252 3334//3334 3333//3333
f 3253//3253 3254//3254 3335//3335
f 3253//3253 3335//3335 3334//3334
f 3254//3254 3255//3255 3336//3336
f 3254//3254 3336//3336 3335//3335
f 3255//3255 3256//3256 3337//3337
f 3255//3255 3337//3337 3336//3336
f 3256//3256 3257//3257 3338//3338
f 3256//3256 3338//3338 3337//3337
f 3257//3257 3258//3258 3339//3339
f 3257//3257 3339//3339 3338//3338
f 3258//3258 3259//3259 3340//3340
f 3258//3258 3340//3340 3339//3339
f 3259//3259 3260//3260 3341//3341
f 3259//3259 3341//3341 3340//3340
f 3260//3260 3261//3261 3342//3342
f 3260//3260 3342//3342 3341//3341
f 3261//3261 3262//3262 3343//3343
f 3261//3261 3343//3343 3342//3342
f 3262//3262 3263//3263 3344//3344
f 3262//3262 3344//3344 3343//3343
f 3263//3263 3264//3264 3345//3345
f 3263//3263 3345//3345 3344//3344
f 3264//3264 3265//3265 3346//3346
f 3264//3264 3346//3346 3345//3345
f 3265//3265 3266//3266 3347//3347
f 3265//3265 3347//3347 3346//3346
f 3266//3266 3267//3267 3348//3348
f 3266//3266 3348//3348 3347//3347
f 3267//3267 3268//3268 3349//3349
f 3267//3267 3349//3349 3348//3348
f 3268//3268 3269//3269 3350//3350
f 3268//3268 3350//3350 3349//3349
f 3269//3269 3270//3270 3351//3351
f 3269//3269 3351//3351 3350//3350
f 3270//3270 3271//3271 3352//3352
f 3270//3270 3352//3352 3351//3351
f 3271//3271 3272//3272 3353//3353
f 3271//3271 3353//3353 3352//3352
f 3272//3272 3273//3273 3354//3354
f 3272//3272 3354//3354 3353//3353
f 3273//3273 3274//3274 3355//3355
f 3273//3273 3355//3355 3354//3354
f 3274//3274 3275//3275 3356//3356
f 3274//3274 3356//3356 3355//3355
f 3275//3275 3276//3276 3357//3357
f 3275//3275 3357//3357 3356//3356
f 3276//3276 3277//3277 3358//3358
f 3276//3276 3358//3358 3357//3357
f 3277//3277 3278//3278 3359//3359
f 3277//3277 3359//3359 3358//3358
f 3278//3278 3279//3279 3360//3360
f 3278//3278 3360//3360 3359//3359
f 3279//3279 3280//3280 3361//3361
f 3279//3279 3361//3361 3360//3360
f 3280//3280 3281//3281 3362//3362
f 3280//3280 3362//3362 3361//3361
f 3281//3281 3282//3282 3363//3363
f 3281//3281 3363//3363 3362//3362
f 3282//3282 3283//3283 3364//3364
f 3282//3282 3364//3364 3363//3363
f 3283//3283 3284//3284 3365//3365
f 3283//3283 3365//3365 3364//3364
f 3284//3284 3285//3285 3366//3366
f 3284//3284 3366//3366 3365//3365
f 3285//3285 3286//3286 3367//3367
f 3285//3285 3367//3367 3366//3366
f 3286//3286 3287//3287 3368//3368
f 3286//3286 3368//3368 3367//3367
f 3287//3287 3288//3288 3369//3369
f 3287//3287 3369//3369 3368//3368
f 3288//3288 3289//3289 3370//3370
f 3288//3288 3370//3370 3369//3369
f 3289//3289 3290//3290 3371//3371
f 3289//3289 3371//3371 3370//3370
f 3290//3290 3291//3291 3372//3372
f 3290//3290 3372//3372 3371//3371
f 3291//3291 3292//3292 3373//3373
f 3291//3291 3373//3373 3372//3372
f 3292//3292 3293//3293 3374//3374
f 3292//3292 3374//3374 3373//3373
f 3293//3293 3294//3294 3375//3375
f 3293//3293 3375//3375 3374//3374
f 3294//3294 3295//3295 3376//3376
f 3294//3294 3376//3376 3375//3375
f 3295//3295 3296//3296 3377//3377
f 3295//3295 3377//3377 3376//3376
f 3296//3296 3297//3297 3378//3378
f 3296//3296 3378//3378 3377//3377
f 3297//3297 3298//3298 3379//3379
f 3297//3297 3379//3379 3378//3378
f 3298//3298 3299//3299 3380//3380
f 3298//3298 3380//3380 3379//3379
f 3299//3299 3300//3300 3381//3381
f 3299//3299 3381//3381 3380//3380
f 3300//3300 3301//3301 3382//3382
f 3300//3300 3382//3382 3381//3381
f 3301//3301 3302//3302 3383//3383
f 3301//3301 3383//3383 3382//3382
f 3302//3302 3303//3303 3384//3384
f 3302//3302 3384//3384 3383//3383
f 3303//3303 3304//3304 3385//3385
f 3303//3303 3385//3385 3384//3384
f 3304//3304 3305//3305 3386//3386
f 3304//3304 3386//3386 3385//3385
f 3305//3305 3306//3306 3387//3387
f 3305//3305 3387//3387 3386//3386
f 3306//3306 3307//3307 3388//3388
f 3306//3306 3388//3388 3387//3387
f 3307//3307 3308//3308 3389//3389
f 3307//3307 3389//3389 3388//3388
f 3308//3308 3309//3309 3390//3390
f 3308//3308 3390//3390 3389//3389
f 3309//3309 3310//3310 3391//3391
f 3309//3309 3391//3391 3390//3390
f 3310//3310 3311//3311 3392//3392
f 3310//3310 3392//3392 3391//3391
f 3311//3311 3312//3312 3393//3393
f 3311//3311 3393//3393 3392//3392
f 3312//3312 3313//3313 3394//3394
f 3312//3312 3394//3394 3393//3393
f 3313//3313 3314//3314 3395//3395
f 3313//3313 3395//3395 3394//3394
f 3314//3314 3315//3315 3396//3396
f 3314//3314 3396//3396 3395//3395
f 3315//3315 3316//3316 3397//3397
f 3315//3315 3397//3397 3396//3396
f 3316//3316 3317//3317 3398//3398
f 3316//3316 3398//3398 3397//3397
f 3317//3317 3318//3318 3399//3399
f 3317//3317 3399//3399 3398//3398
f 3318//3318 3319//3319 3400//3400
f 3318//3318 3400//3400 3399//3399
f 3319//3319 3320//3320 3401//3401
f 3319//3319 3401//3401 3400//3400
f 3320//3320 3321//3321 3402//3402
f 3320//3320 3402//3402 3401//3401
f 3322//3322 3323//3323 3404//3404
f 3322//3322 3404//3404 3403//3403
f 3323//3323 3324//3324 3405//3405
f 3323//3323 3405//3405 3404//3404
f 3324//3324 3325//3325 3406//3406
f 3324//3324 3406//3406 3405//3405
f 3325//3325 3326//3326 3407//3407
f 3325//3325 3407//3407 3406//3406
f 3326//3326 3327//3327 3408//3408
f 3326//3326 3408//3408 3407//3407
f 3327//3327 3328//3328 3409//3409
f 3327//3327 3409//3409 3408//3408
f 3328//3328 3329//3329 3410//3410
f 3328//3328 3410//3410 3409//3409
f 3329//3329 3330//3330 3411//3411
f 3329//3329 3411//3411 3410//3410
f 3330//3330 3331//3331 3412//3412
f 3330//3330 3412//3412 3411//3411
f 3331//3331 3332//3332 3413//3413
f 3331//3331 3413//3413 3412//3412
f 3332//3332 3333//3333 3414//3414
f 3332//3332 3414//3414 3413//3413
f 3333//3333 3334//3334 3415//3415
f 3333//3333 3415//3415 3414//3414
f 3334//3334 3335//3335 3416//3416
f 3334//3334 3416//3416 3415//3415
f 3335//3335 3336//3336 3417//3417
f 3335//3335 3417//3417 3416//3416
f 3336//3336 3337//3337 3418//3418
f 3336//3336 3418//3418 3417//3417
f 3337//3337 3338//3338 3419//3419
f 3337//3337 3419//3419 3418//3418
f 3338//3338 3339//3339 3420//3420
f 3338//3338 3420//3420 3419//3419
f 3339//3339 3340//3340 3421//3421
f 3339//3339 3421//3421 3420//3420
f 3340//3340 3341//3341 3422//3422
f 3340//3340 3422//3422 3421//3421
f 3341//3341 3342//3342 3423//3423
f 3341//3341 3423//3423 3422//3422
f 3342//3342 3343//3343 3424//3424
f 3342//3342 3424//3424 3423//3423
f 3343//3343 3344//3344 3425//3425
f 3343//3343 3425//3425 3424//3424
f 3344//3344 3345//3345 3426//3426
f 3344//3344 3426//3426 3425//3425
f 3345//3345 3346//3346 3427//3427
f 3345//3345 3427//3427 3426//3426
f 3346//3346 3347//3347 3428//3428
f 3346//3346 3428//3428 3427//3427
f 3347//3347 3348//3348 3429//3429
f 3347//3347 3429//3429 3428//3428
f 3348//3348 3349//3349 3430//3430
f 3348//3348 3430//3430 3429//3429
f 3349//3349 3350//3350 3431//3431
f 3349//3349 3431//3431 3430//3430
f 3350//3350 3351//3351 3432//3432
f 3350//3350 3432//3432 3431//3431
f 3351//3351 3352//3352 3433//3433
f 3351//3351 3433//3433 3432//3432
f 3352//3352 3353//3353 3434//3434
f 3352//3352 3434//3434 3433//3433
f 3353//3353 3354//3354 3435//3435
f 3353//3353 3435//3435 3434//3434
f 3354//3354 3355//3355 3436//3436
f 3354//3354 3436//3436 3435//3435
f 3355//3355 3356//3356 3437//3437
f 3355//3355 3437//3437 3436//3436
f 3356//3356 3357//3357 3438//3438
f 3356//3356 3438//3438 3437//3437
f 3357//3357 3358//3358 3439//3439
f 3357//3357 3439//3439 3438//3438
f 3358//3358 3359//3359 3440//3440
f 3358//3358 3440//3440 3439//3439
f 3359//3359 3360//3360 3441//3441
f 3359//3359 3441//3441 3440//3440
f 3360//3360 3361//3361 3442//3442
f 3360//3360 3442//3442 3441//3441
f 3361//3361 3362//3362 3443//3443
f 3361//3361 3443//3443 3442//3442
f 3362//3362 3363//3363 3444//3444
f 3362//3362 3444//3444 3443//3443
f 3363//3363 3364//3364 3445//3445
f 3363//3363 3445//3445 3444//3444
f 3364//3364 3365//3365 3446//3446
f 3364//3364 3446//3446 3445//3445
f 3365//3365 3366//3366 3447//3447
f 3365//3365 3447//3447 3446//3446
f 3366//3366 3367//3367 3448//3448
f 3366//3366 3448//3448 3447//3447
f 3367//3367 3368//3368 3449//3449
f 3367//3367 3449//3449 3448//3448
f 3368//3368 3369//3369 3450//3450
f 3368//3368 3450//3450 3449//3449
f 3369//3369 3370//3370 3451//3451
f 3369//3369 3451//3451 3450//3450
f 3370//3370 3371//3371 3452//3452
f 3370//3370 3452//3452 3451//3451
f 3371//3371 3372//3372 3453//3453
f 3371//3371 3453//3453 3452//3452
f 3372//3372 3373//3373 3454//3454
f 3372//3372 3454//3454 3453//3453
f 3373//3373 3374//3374 3455//3455
f 3373//3373 3455//3455 3454//3454
f 3374//3374 3375//3375 3456//3456
f 3374//3374 3456//3456 3455//3455
f 3375//3375 3376//3376 3457//3457
f 3375//3375 3457//3457 3456//3456
f 3376//3376 3377//3377 3458//3458
f 3376//3376 3458//3458 3457//3457
f 3377//3377 3378//3378 3459//3459
f 3377//3377 3459//3459 3458//3458
f 3378//3378 3379//3379 3460//3460
f 3378//3378 3460//3460 3459//3459
f 3379//3379 3380//3380 3461//3461
f 3379//3379 3461//3461 3460//3460
f 3380//3380 3381//3381 3462//3462
f 3380//3380 3462//3462 3461//3461
f 3381//3381 3382//3382 3463//3463
f 3381//3381 3463//3463 3462//3462
f 3382//3382 3383//3383 3464//3464
f 3382//3382 3464//3464 3463//3463
f 3383//3383 3384//3384 3465//3465
f 3383//3383 3465//3465 3464//3464
f 3384//3384 3385//3385 3466//3466
f 3384//3384 3466//3466 3465//3465
f 3385//3385 3386//3386 3467//3467
f 3385//3385 3467//3467 3466//3466
f 3386//3386 3387//3387 3468//3468
f 3386//3386 3468//3468 3467//3467
f 3387//3387 3388//3388 3469//3469
f 3387//3387 3469//3469 3468//3468
f 3388//3388 3389//3389 3470//3470
f 3388//3388 3470//3470 3469//3469
f 3389//3389 3390//3390 3471//3471
f 3389//3389 3471//3471 3470//3470
f 3390//3390 3391//3391 3472//3472
f 3390//3390 3472//3472 3471//3471
f 3391//3391 3392//3392 3473//3473
f 3391//3391 3473//3473 3472//3472
f 3392//3392 3393//3393 3474//3474
f 3392//3392 3474//3474 3473//3473
f 3393//3393 3394//3394 3475//3475
f 3393//3393 3475//3475 3474//3474
f 3394//3394 3395//3395 3476//3476
f 3394//3394 3476//3476 3475//3475
f 3395//3395 3396//3396 3477//3477
f 3395//3395 3477//3477 3476//3476
f 3396//3396 3397//3397 3478//3478
f 3396//3396 3478//3478 3477//3477
f 3397//3397 3398//3398 3479//3479
f 3397//3397 3479//3479 3478//3478
f 3398//3398 3399//3399 3480//3480
f 3398//3398 3480//3480 3479//3479
f 3399//3399 3400//3400 3481//3481
f 3399//3399 3481//3481 3480//3480
f 3400//3400 3401//3401 3482//3482
f 3400//3400 3482//3482 3481//3481
f 3401//3401 3402//3402 3483//3483
f 3401//3401 3483//3483 3482//3482
f 3403//3403 3404//3404 3485//3485
f 3403//3403 3485//3485 3484//3484
f 3404//3404 3405//3405 3486//3486
f 3404//3404 3486//3486 3485//3485
f 3405//3405 3406//3406 3487//3487
f 3405//3405 3487//3487 3486//3486
f 3406//3406 3407//3407 3488//3488
f 3406//3406 3488//3488 3487//3487
f 3407//3407 3408//3408 3489//3489
f 3407//3407 3489//3489 3488//3488
f 3408//3408 3409//3409 3490//3490
f 3408//3408 3490//3490 3489//3489
f 3409//3409 3410//3410 3491//3491
f 3409//3409 3491//3491 3490//3490
f 3410//3410 3411//3411 3492//3492
f 3410//3410 3492//3492 3491//3491
f 3411//3411 3412//3412 3493//3493
f 3411//3411 3493//3493 3492//3492
f 3412//3412 3413//3413 3494//3494
f 3412//3412 3494//3494 3493//3493
f 3413//3413 3414//3414 3495//3495
f 3413//3413 3495//3495 3494//3494
f 3414//3414 3415//3415 3496//3496
f 3414//3414 3496//3496 3495//3495
f 3415//3415 3416//3416 3497//3497
f 3415//3415 3497//3497 3496//3496
f 3416//3416 3417//3417 3498//3498
f 3416//3416 3498//3498 3497//3497
f 3417//3417 3418//3418 3499//3499
f 3417//3417 3499//3499 3498//3498
f 3418//3418 3419//3419 3500//3500
f 3418//3418 3500//3500 3499//3499
f 3419//3419 3420//3420 3501//3501
f 3419//3419 3501//3501 3500//3500
f 3420//3420 3421//3421 3502//3502
f 3420//3420 3502//3502 3501//3501
f 3421//3421 3422//3422 3503//3503
f 3421//3421 3503//3503 3502//3502
f 3422//3422 3423//3423 3504//3504
f 3422//3422 3504//3504 3503//3503
f 3423//3423 3424//3424 3505//3505
f 3423//3423 3505//3505 3504//3504
f 3424//3424 3425//3425 3506//3506
f 3424//3424 3506//3506 3505//3505
f 3425//3425 3426//3426 3507//3507
f 3425//3425 3507//3507 3506//3506
f 3426//3426 3427//3427 3508//3508
f 3426//3426 3508//3508 3507//3507
f 3427//3427 3428//3428 3509//3509
f 3427//3427 3509//3509 3508//3508
f 3428//3428 3429//3429 3510//3510
f 3428//3428 3510//3510 3509//3509
f 3429//3429 3430//3430 3511//3511
f 3429//3429 3511//3511 3510//3510
f 3430//3430 3431//3431 3512//3512
f 3430//3430 3512//3512 3511//3511
f 3431//3431 3432//3432 3513//3513
f 3431//3431 3513//3513 3512//3512
f 3432//3432 3433//3433 3514//3514
f 3432//3432 3514//3514 3513//3513
f 3433//3433 3434//3434 3515//3515
f 3433//3433 3515//3515 3514//3514
f 3434//3434 3435//3435 3516//3516
f 3434//3434 3516//3516 3515//3515
f 3435//3435 3436//3436 3517//3517
f 3435//3435 3517//3517 3516//3516
f 3436//3436 3437//3437 3518//3518
f 3436//3436 3518//3518 3517//3517
f 3437//3437 3438//3438 3519//3519
f 3437//3437 3519//3519 3518//3518
f 3438//3438 3439//3439 3520//3520
f 3438//3438 3520//3520 3519//3519
f 3439//3439 3440//3440 3521//3521
f 3439//3439 3521//3521 3520//3520
f 3440//3440 3441//3441 3522//3522
f 3440//3440 3522//3522 3521//3521
f 3441//3441 3442//3442 3523//3523
f 3441//3441 3523//3523 3522//3522
f 3442//3442 3443//3443 3524//3524
f 3442//3442 3524//3524 3523//3523
f 3443//3443 3444//3444 3525//3525
f 3443//3443 3525//3525 3524//3524
f 3444//3444 3445//3445 3526//3526
f 3444//3444 3526//3526 3525//3525
f 3445//3445 3446//3446 3527//3527
f 3445//3445 3527//3527 3526//3526
f 3446//3446 3447//3447 3528//3528
f 3446//3446 3528//3528 3527//3527
f 3447//3447 3448//3448 3529//3529
f 3447//3447 3529//3529 3528//3528
f 3448//3448 3449//3449 3530//3530
f 3448//3448 3530//3530 3529//3529
f 3449//3449 3450//3450 3531//3531
f 3449//3449 3531//3531 3530//3530
f 3450//3450 3451//3451 3532//3532
f 3450//3450 3532//3532 3531//3531
f 3451//3451 3452//3452 3533//3533
f 3451//3451 3533//3533 3532//3532
f 3452//3452 3453//3453 3534//3534
f 3452//3452 3534//3534 3533//3533
f 3453//3453 3454//3454 3535//3535
f 3453//3453 3535//3535 3534//3534
f 3454//3454 3455//3455 3536//3536
f 3454//3454 3536//3536 3535//3535
f 3455//3455 3456//3456 3537//3537
f 3455//3455 3537//3537 3536//3536
f 3456//3456 3457//3457 3538//3538
f 3456//3456 3538//3538 3537//3537
f 3457//3457 3458//3458 3539//3539
f 3457//3457 3539//3539 3538//3538
f 3458//3458 3459//3459 3540//3540
f 3458//3458 3540//3540 3539//3539
f 3459//3459 3460//3460 3541//3541
f 3459//3459 3541//3541 3540//3540
f 3460//3460 3461//3461 3542//3542
f 3460//3460 3542//3542 3541//3541
f 3461//3461 3462//3462 3543//3543
f 3461//3461 3543//3543 3542//3542
f 3462//3462 3463//3463 3544//3544
f 3462//3462 3544//3544 3543//3543
f 3463//3463 3464//3464 3545//3545
f 3463//3463 3545//3545 3544//3544
f 3464//3464 3465//3465 3546//3546
f 3464//3464 3546//3546 3545//3545
f 3465//3465 3466//3466 3547//3547
f 3465//3465 3547//3547 3546//3546
f 3466//3466 3467//3467 3548//3548
f 3466//3466 3548//3548 3547//3547
f 3467//3467 3468//3468 3549//3549
f 3467//3467 3549//3549 3548//3548
f 3468//3468 3469//3469 3550//3550
f 3468//3468 3550//3550 3549//3549
f 3469//3469 3470//3470 3551//3551
f 3469//3469 3551//3551 3550//3550
f 3470//3470 3471//3471 3552//3552
f 3470//3470 3552//3552 3551//3551
f 3471//3471 3472//3472 3553//3553
f 3471//3471 3553//3553 3552//3552
f 3472//3472 3473//3473 3554//3554
f 3472//3472 3554//3554 3553//3553
f 3473//3473 3474//3474 3555//3555
f 3473//3473 3555//3555 3554//3554
f 3474//3474 3475//3475 3556//3556
f 3474//3474 3556//3556 3555//3555
f 3475//3475 3476//3476 3557//3557
f 3475//3475 3557//3557 3556//3556
f 3476//3476 3477//3477 3558//3558
f 3476//3476 3558//3558 3557//3557
f 3477//3477 3478//3478 3559//3559
f 3477//3477 3559//3559 3558//3558
f 3478//3478 3479//3479 3560//3560
f 3478//3478 3560//3560 3559//3559
f 3479//3479 3480//3480 3561//3561
f 3479//3479 3561//3561 3560//3560
f 3480//3480 3481//3481 3562//3562
f 3480//3480 3562//3562 3561//3561
f 3481//3481 3482//3482 3563//3563
f 3481//3481 3563//3563 3562//3562
f 3482//3482 3483//3483 3564//3564
f 3482//3482 3564//3564 3563//3563
f 3484//3484 3485//3485 3566//3566
f 3484//3484 3566//3566 3565//3565
f 3485//3485 3486//3486 3567//3567
f 3485//3485 3567//3567 3566//3566
f 3486//3486 3487//3487 3568//3568
f 3486//3486 3568//3568 3567//3567
f 3487//3487 3488//3488 3569//3569
f 3487//3487 3569//3569 3568//3568
f 3488//3488 3489//3489 3570//3570
f 3488//3488 3570//3570 3569//3569
f 3489//3489 3490//3490 3571//3571
f 3489//3489 3571//3571 3570//3570
f 3490//3490 3491//3491 3572//3572
f 3490//3490 3572//3572 3571//3571
f 3491//3491 3492//3492 3573//3573
f 3491//3491 3573//3573 3572//3572
f 3492//3492 3493//3493 3574//3574
f 3492//3492 3574//3574 3573//3573
f 3493//3493 3494//3494 3575//3575
f 3493//3493 3575//3575 3574//3574
f 3494//3494 3495//3495 3576//3576
f 3494//3494 3576//3576 3575//3575
f 3495//3495 3496//3496 3577//3577
f 3495//3495 3577//3577 3576//3576
f 3496//3496 3497//3497 3578//3578
f 3496//3496 3578//3578 3577//3577
f 3497//3497 3498//3498 3579//3579
f 3497//3497 3579//3579 3578//3578
f 3498//3498 3499//3499 3580//3580
f 3498//3498 3580//3580 3579//3579
f 3499//3499 3500//3500 3581//3581
f 3499//3499 3581//3581 3580//3580
f 3500//3500 3501//3501 3582//3582
f 3500//3500 3582//3582 3581//3581
f 3501//3501 3502//3502 3583//3583
f 3501//3501 3583//3583 3582//3582
f 3502//3502 3503//3503 3584//3584
f 3502//3502 3584//3584 3583//3583
f 3503//3503 3504//3504 3585//3585
f 3503//3503 3585//3585 3584//3584
f 3504//3504 3505//3505 3586//3586
f 3504//3504 3586//3586 3585//3585
f 3505//3505 3506//3506 3587//3587
f 3505//3505 3587//3587 3586//3586
f 3506//3506 3507//3507 3588//3588
f 3506//3506 3588//3588 3587//3587
f 3507//3507 3508//3508 3589//3589
f 3507//3507 3589//3589 3588//3588
f 3508//3508 3509//3509 3590//3590
f 3508//3508 3590//3590 3589//3589
f 3509//3509 3510//3510 3591//3591
f 3509//3509 3591//3591 3590//3590
f 3510//3510 3511//3511 3592//3592
f 3510//3510 3592//3592 3591//3591
f 3511//3511 3512//3512 3593//3593
f 3511//3511 3593//3593 3592//3592
f 3512//3512 3513//3513 3594//3594
f 3512//3512 3594//3594 3593//3593
f 3513//3513 3514//3514 3595//3595
f 3513//3513 3595//3595 3594//3594
f 3514//3514 3515//3515 3596//3596
f 3514//3514 3596//3596 3595//3595
f 3515//3515 3516//3516 3597//3597
f 3515//3515 3597//3597 3596//3596
f 3516//3516 3517//3517 3598//3598
f 3516//3516 3598//3598 3597//3597
f 3517//3517 3518//3518 3599//3599
f 3517//3517 3599//3599 3598//3598
f 3518//3518 3519//3519 3600//3600
f 3518//3518 3600//3600 3599//3599
f 3519//3519 3520//3520 3601//3601
f 3519//3519 3601//3601 3600//3600
f 3520//3520 3521//3521 3602//3602
f 3520//3520 3602//3602 3601//3601
f 3521//3521 3522//3522 3603//3603
f 3521//3521 3603//3603 3602//3602
f 3522//3522 3523//3523 3604//3604
f 3522//3522 3604//3604 3603//3603
f 3523//3523 3524//3524 3605//3605
f 3523//3523 3605//3605 3604//3604
f 3524//3524 3525//3525 3606//3606
f 3524//3524 3606//3606 3605//3605
f 3525//3525 3526//3526 3607//3607
f 3525//3525 3607//3607 3606//3606
f 3526//3526 3527//3527 3608//3608
f 3526//3526 3608//3608 3607//3607
f 3527//3527 3528//3528 3609//3609
f 3527//3527 3609//3609 3608//3608
f 3528//3528 3529//3529 3610//3610
f 3528//3528 3610//3610 3609//3609
f 3529//3529 3530//3530 3611//3611
f 3529//3529 3611//3611 3610//3610
f 3530//3530 3531//3531 3612//3612
f 3530//3530 3612//3612 3611//3611
f 3531//3531 3532//3532 3613//3613
f 3531//3531 3613//3613 3612//3612
f 3532//3532 3533//3533 3614//3614
f 3532//3532 3614//3614 3613//3613
f 3533//3533 3534//3534 3615//3615
f 3533//3533 3615//3615 3614//3614
f 3534//3534 3535//3535 3616//3616
f 3534//3534 3616//3616 3615//3615
f 3535//3535 3536//3536 3617//3617
f 3535//3535 3617//3617 3616//3616
f 3536//3536 3537//3537 3618//3618
f 3536//3536 3618//3618 3617//3617
f 3537//3537 3538//3538 3619//3619
f 3537//3537 3619//3619 3618//3618
f 3538//3538 3539//3539 3620//3620
f 3538//3538 3620//3620 3619//3619
f 3539//3539 3540//3540 3621//3621
f 3539//3539 3621//3621 3620//3620
f 3540//3540 3541//3541 3622//3622
f 3540//3540 3622//3622 3621//3621
f 3541//3541 3542//3542 3623//3623
f 3541//3541 3623//3623 3622//3622
f 3542//3542 3543//3543 3624//3624
f 3542//3542 3624//3624 3623//3623
f 3543//3543 3544//3544 3625//3625
f 3543//3543 3625//3625 3624//3624
f 3544//3544 3545//3545 3626//3626
f 3544//3544 3626//3626 3625//3625
f 3545//3545 3546//3546 3627//3627
f 3545//3545 3627//3627 3626//3626
f 3546//3546 3547//3547 3628//3628
f 3546//3546 3628//3628 3627//3627
f 3547//3547 3548//3548 3629//3629
f 3547//3547 3629//3629 3628//3628
f 3548//3548 3549//3549 3630//3630
f 3548//3548 3630//3630 3629//3629
f 3549//3549 3550//3550 3631//3631
f 3549//3549 3631//3631 3630//3630
f 3550//3550 3551//3551 3632//3632
f 3550//3550 3632//3632 3631//3631
f 3551//3551 3552//3552 3633//3633
f 3551//3551 3633//3633 3632//3632
f 3552//3552 3553//3553 3634//3634
f 3552//3552 3634//3634 3633//3633
f 3553//3553 3554//3554 3635//3635
f 3553//3553 3635//3635 3634//3634
f 3554//3554 3555//3555 3636//3636
f 3554//3554 3636//3636 3635//3635
f 3555//3555 3556//3556 3637//3637
f 3555//3555 3637//3637 3636//3636
f 3556//3556 3557//3557 3638//3638
f 3556//3556 3638//3638 3637//3637
f 3557//3557 3558//3558 3639//3639
f 3557//3557 3639//3639 3638//3638
f 3558//3558 3559//3559 3640//3640
f 3558//3558 3640//3640 3639//3639
f 3559//3559 3560//3560 3641//3641
f 3559//3559 3641//3641 3640//3640
f 3560//3560 3561//3561 3642//3642
f 3560//3560 3642//3642 3641//3641
f 3561//3561 3562//3562 3643//3643
f 3561//3561 3643//3643 3642//3642
f 3562//3562 3563//3563 3644//3644
f 3562//3562 3644//3644 3643//3643
f 3563//3563 3564//3564 3645//3645
f 3563//3563 3645//3645 3644//3644
f 3565//3565 3566//3566 3647//3647
f 3565//3565 3647//3647 3646//3646
f 3566//3566 3567//3567 3648//3648
f 3566//3566 3648//3648 3647//3647
f 3567//3567 3568//3568 3649//3649
f 3567//3567 3649//3649 3648//3648
f 3568//3568 3569//3569 3650//3650
f 3568//3568 3650//3650 3649//3649
f 3569//3569 3570//3570 3651//3651
f 3569//3569 3651//3651 3650//3650
f 3570//3570 3571//3571 3652//3652
f 3570//3570 3652//3652 3651//3651
f 3571//3571 3572//3572 3653//3653
f 3571//3571 3653//3653 3652//3652
f 3572//3572 3573//3573 3654//3654
f 3572//3572 3654//3654 3653//3653
f 3573//3573 3574//3574 3655//3655
f 3573//3573 3655//3655 3654//3654
f 3574//3574 3575//3575 3656//3656
f 3574//3574 3656//3656 3655//3655
f 3575//3575 3576//3576 3657//3657
f 3575//3575 3657//3657 3656//3656
f 3576//3576 3577//3577 3658//3658
f 3576//3576 3658//3658 3657//3657
f 3577//3577 3578//3578 3659//3659
f 3577//3577 3659//3659 3658//3658
f 3578//3578 3579//3579 3660//3660
f 3578//3578 3660//3660 3659//3659
f 3579//3579 3580//3580 3661//3661
f 3579//3579 3661//3661 3660//3660
f 3580//3580 3581//3581 3662//3662
f 3580//3580 3662//3662 3661//3661
f 3581//3581 3582//3582 3663//3663
f 3581//3581 3663//3663 3662//3662
f 3582//3582 3583//3583 3664//3664
f 3582//3582 3664//3664 3663//3663
f 3583//3583 3584//3584 3665//3665
f 3583//3583 3665//3665 3664//3664
f 3584//3584 3585//3585 3666//3666
f 3584//3584 3666//3666 3665//3665
f 3585//3585 3586//3586 3667//3667
f 3585//3585 3667//3667 3666//3666
f 3586//3586 3587//3587 3668//3668
f 3586//3586 3668//3668 3667//3667
f 3587//3587 3588//3588 3669//3669
f 3587//3587 3669//3669 3668//3668
f 3588//3588 3589//3589 3670//3670
f 3588//3588 3670//3670 3669//3669
f 3589//3589 3590//3590 3671//3671
f 3589//3589 3671//3671 3670//3670
f 3590//3590 3591//3591 3672//3672
f 3590//3590 3672//3672 3671//3671
f 3591//3591 3592//3592 3673//3673
f 3591//3591 3673//3673 3672//3672
f 3592//3592 3593//3593 3674//3674
f 3592//3592 3674//3674 3673//3673
f 3593//3593 3594//3594 3675//3675
f 3593//3593 3675//3675 3674//3674
f 3594//3594 3595//3595 3676//3676
f 3594//3594 3676//3676 3675//3675
f 3595//3595 3596//3596 3677//3677
f 3595//3595 3677//3677 3676//3676
f 3596//3596 3597//3597 3678//3678
f 3596//3596 3678//3678 3677//3677
f 3597//3597 3598//3598 3679//3679
f 3597//3597 3679//3679 3678//3678
f 3598//3598 3599//3599 3680//3680
f 3598//3598 3680//3680 3679//3679
f 3599//3599 3600//3600 3681//3681
f 3599//3599 3681//3681 3680//3680
f 3600//3600 3601//3601 3682//3682
f 3600//3600 3682//3682 3681//3681
f 3601//3601 3602//3602 3683//3683
f 3601//3601 3683//3683 3682//3682
f 3602//3602 3603//3603 3684//3684
f 3602//3602 3684//3684 3683//3683
f 3603//3603 3604//3604 3685//3685
f 3603//3603 3685//3685 3684//3684
f 3604//3604 3605//3605 3686//3686
f 3604//3604 3686//3686 3685//3685
f 3605//3605 3606//3606 3687//3687
f 3605//3605 3687//3687 3686//3686
f 3606//3606 3607//3607 3688//3688
f 3606//3606 3688//3688 3687//3687
f 3607//3607 3608//3608 3689//3689
f 3607//3607 3689//3689 3688//3688
f 3608//3608 3609//3609 3690//3690
f 3608//3608 3690//3690 3689//3689
f 3609//3609 3610//3610 3691//3691
f 3609//3609 3691//3691 3690//3690
f 3610//3610 3611//3611 3692//3692
f 3610//3610 3692//3692 3691//3691
f 3611//3611 3612//3612 3693//3693
f 3611//3611 3693//3693 3692//3692
f 3612//3612 3613//3613 3694//3694
f 3612//3612 3694//3694 3693//3693
f 3613//3613 3614//3614 3695//3695
f 3613//3613 3695//3695 3694//3694
f 3614//3614 3615//3615 3696//3696
f 3614//3614 3696//3696 3695//3695
f 3615//3615 3616//3616 3697//3697
f 3615//3615 3697//3697 3696//3696
f 3616//3616 3617//3617 3698//3698
f 3616//3616 3698//3698 3697//3697
f 3617//3617 3618//3618 3699//3699
f 3617//3617 3699//3699 3698//3698
f 3618//3618 3619//3619 3700//3700
f 3618//3618 3700//3700 3699//3699
f 3619//3619 3620//3620 3701//3701
f 3619//3619 3701//3701 3700//3700
f 3620//3620 3621//3621 3702//3702
f 3620//3620 3702//3702 3701//3701
f 3621//3621 3622//3622 3703//3703
f 3621//3621 3703//3703 3702//3702
f 3622//3622 3623//3623 3704//3704
f 3622//3622 3704//3704 3703//3703
f 3623//3623 3624//3624 3705//3705
f 3623//3623 3705//3705 3704//3704
f 3624//3624 3625//3625 3706//3706
f 3624//3624 3706//3706 3705//3705
f 3625//3625 3626//3626 3707//3707
f 3625//3625 3707//3707 3706//3706
f 3626//3626 3627//3627 3708//3708
f 3626//3626 3708//3708 3707//3707
f 3627//3627 3628//3628 3709//3709
f 3627//3627 3709//3709 3708//3708
f 3628//3628 3629//3629 3710//3710
f 3628//3628 3710//3710 3709//3709
f 3629//3629 3630//3630 3711//3711
f 3629//3629 3711//3711 3710//3710
f 3630//3630 3631//3631 3712//3712
f 3630//3630 3712//3712 3711//3711
f 3631//3631 3632//3632 3713//3713
f 3631//3631 3713//3713 3712//3712
f 3632//3632 3633//3633 3714//3714
f 3632//3632 3714//3714 3713//3713
f 3633//3633 3634//3634 3715//3715
f 3633//3633 3715//3715 3714//3714
f 3634//3634 3635//3635 3716//3716
f 3634//3634 3716//3716 3715//3715
f 3635//3635 3636//3636 3717//3717
f 3635//3635 3717//3717 3716//3716
f 3636//3636 3637//3637 3718//3718
f 3636//3636 3718//3718 3717//3717
f 3637//3637 3638//3638 3719//3719
f 3637//3637 3719//3719 3718//3718
f 3638//3638 3639//3639 3720//3720
f 3638//3638 3720//3720 3719//3719
f 3639//3639 3640//3640 3721//3721
f 3639//3639 3721//3721 3720//3720
f 3640//3640 3641//3641 3722//3722
f 3640//3640 3722//3722 3721//3721
f 3641//3641 3642//3642 3723//3723
f 3641//3641 3723//3723 3722//3722
f 3642//3642 3643//3643 3724//3724
f 3642//3642 3724//3724 3723//3723
f 3643//3643 3644//3644 3725//3725
f 3643//3643 3725//3725 3724//3724
f 3644//3644 3645//3645 3726//3726
f 3644//3644 3726//3726 3725//3725
f 3646//3646 3647//3647 3728//3728
f 3646//3646 3728//3728 3727//3727
f 3647//3647 3648//3648 3729//3729
f 3647//3647 3729//3729 3728//3728
f 3648//3648 3649//3649 3730//3730
f 3648//3648 3730//3730 3729//3729
f 3649//3649 3650//3650 3731//3731
f 3649//3649 3731//3731 3730//3730
f 3650//3650 3651//3651 3732//3732
f 3650//3650 3732//3732 3731//3731
f 3651//3651 3652//3652 3733//3733
f 3651//3651 3733//3733 3732//3732
f 3652//3652 3653//3653 3734//3734
f 3652//3652 3734//3734 3733//3733
f 3653//3653 3654//3654 3735//3735
f 3653//3653 3735//3735 3734//3734
f 3654//3654 3655//3655 3736//3736
f 3654//3654 3736//3736 3735//3735
f 3655//3655 3656//3656 3737//3737
f 3655//3655 3737//3737 3736//3736
f 3656//3656 3657//3657 3738//3738
f 3656//3656 3738//3738 3737//3737
f 3657//3657 3658//3658 3739//3739
f 3657//3657 3739//3739 3738//3738
f 3658//3658 3659//3659 3740//3740
f 3658//3658 3740//3740 3739//3739
f 3659//3659 3660//3660 3741//3741
f 3659//3659 3741//3741 3740//3740
f 3660//3660 3661//3661 3742//3742
f 3660//3660 3742//3742 3741//3741
f 3661//3661 3662//3662 3743//3743
f 3661//3661 3743//3743 3742//3742
f 3662//3662 3663//3663 3744//3744
f 3662//3662 3744//3744 3743//3743
f 3663//3663 3664//3664 3745//3745
f 3663//3663 3745//3745 3744//3744
f 3664//3664 3665//3665 3746//3746
f 3664//3664 3746//3746 3745//3745
f 3665//3665 3666//3666 3747//3747
f 3665//3665 3747//3747 3746//3746
f 3666//3666 3667//3667 3748//3748
f 3666//3666 3748//3748 3747//3747
f 3667//3667 3668//3668 3749//3749
f 3667//3667 3749//3749 3748//3748
f 3668//3668 3669//3669 3750//3750
f 3668//3668 3750//3750 3749//3749
f 3669//3669 3670//3670 3751//3751
f 3669//3669 3751//3751 3750//3750
f 3670//3670 3671//3671 3752//3752
f 3670//3670 3752//3752 3751//3751
f 3671//3671 3672//3672 3753//3753
f 3671//3671 3753//3753 3752//3752
f 3672//3672 3673//3673 3754//3754
f 3672//3672 3754//3754 3753//3753
f 3673//3673 3674//3674 3755//3755
f 3673//3673 3755//3755 3754//3754
f 3674//3674 3675//3675 3756//3756
f 3674//3674 3756//3756 3755//3755
f 3675//3675 3676//3676 3757//3757
f 3675//3675 3757//3757 3756//3756
f 3676//3676 3677//3677 3758//3758
f 3676//3676 3758//3758 3757//3757
f 3677//3677 3678//3678 3759//3759
f 3677//3677 3759//3759 3758//3758
f 3678//3678 3679//3679 3760//3760
f 3678//3678 3760//3760 3759//3759
f 3679//3679 3680//3680 3761//3761
f 3679//3679 3761//3761 3760//3760
f 3680//3680 3681//3681 3762//3762
f 3680//3680 3762//3762 3761//3761
f 3681//3681 3682//3682 3763//3763
f 3681//3681 3763//3763 3762//3762
f 3682//3682 3683//3683 3764//3764
f 3682//3682 3764//3764 3763//3763
f 3683//3683 3684//3684 3765//3765
f 3683//3683 3765//3765 3764//3764
f 3684//3684 3685//3685 3766//3766
f 3684//3684 3766//3766 3765//3765
f 3685//3685 3686//3686 3767//3767
f 3685//3685 3767//3767 3766//3766
f 3686//3686 3687//3687 3768//3768
f 3686//3686 3768//3768 3767//3767
f 3687//3687 3688//3688 3769//3769
f 3687//3687 3769//3769 3768//3768
f 3688//3688 3689//3689 3770//3770
f 3688//3688 3770//3770 3769//3769
f 3689//3689 3690//3690 3771//3771
f 3689//3689 3771//3771 3770//3770
f 3690//3690 3691//3691 3772//3772
f 3690//3690 3772//3772 3771//3771
f 3691//3691 3692//3692 3773//3773
f 3691//3691 3773//3773 3772//3772
f 3692//3692 3693//3693 3774//3774
f 3692//3692 3774//3774 3773//3773
f 3693//3693 3694//3694 3775//3775
f 3693//3693 3775//3775 3774//3774
f 3694//3694 3695//3695 3776//3776
f 3694//3694 3776//3776 3775//3775
f 3695//3695 3696//3696 3777//3777
f 3695//3695 3777//3777 3776//3776
f 3696//3696 3697//3697 3778//3778
f 3696//3696 3778//3778 3777//3777
f 3697//3697 3698//3698 3779//3779
f 3697//3697 3779//3779 3778//3778
f 3698//3698 3699//3699 3780//3780
f 3698//3698 3780//3780 3779//3779
f 3699//3699 3700//3700 3781//3781
f 3699//3699 3781//3781 3780//3780
f 3700//3700 3701//3701 3782//3782
f 3700//3700 3782//3782 3781//3781
f 3701//3701 3702//3702 3783//3783
f 3701//3701 3783//3783 3782//3782
f 3702//3702 3703//3703 3784//3784
f 3702//3702 3784//3784 3783//3783
f 3703//3703 3704//3704 3785//3785
f 3703//3703 3785//3785 3784//3784
f 3704//3704 3705//3705 3786//3786
f 3704//3704 3786//3786 3785//3785
f 3705//3705 3706//3706 3787//3787
f 3705//3705 3787//3787 3786//3786
f 3706//3706 3707//3707 3788//3788
f 3706//3706 3788//3788 3787//3787
f 3707//3707 3708//3708 3789//3789
f 3707//3707 3789//3789 3788//3788
f 3708//3708 3709//3709 3790//3790
f 3708//3708 3790//3790 3789//3789
f 3709//3709 3710//3710 3791//3791
f 3709//3709 3791//3791 3790//3790
f 3710//3710 3711//3711 3792//3792
f 3710//3710 3792//3792 3791//3791
f 3711//3711 3712//3712 3793//3793
f 3711//3711 3793//3793 3792//3792
f 3712//3712 3713//3713 3794//3794
f 3712//3712 3794//3794 3793//3793
f 3713//3713 3714//3714 3795//3795
f 3713//3713 3795//3795 3794//3794
f 3714//3714 3715//3715 3796//3796
f 3714//3714 3796//3796 3795//3795
f 3715//3715 3716//3716 3797//3797
f 3715//3715 3797//3797 3796//3796
f 3716//3716 3717//3717 3798//3798
f 3716//3716 3798//3798 3797//3797
f 3717//3717 3718//3718 3799//3799
f 3717//3717 3799//3799 3798//3798
f 3718//3718 3719//3719 3800//3800
f 3718//3718 3800//3800 3799//3799
f 3719//3719 3720//3720 3801//3801
f 3719//3719 3801//3801 3800//3800
f 3720//3720 3721//3721 3802//3802
f 3720//3720 3802//3802 3801//3801
f 3721//3721 3722//3722 3803//3803
f 3721//3721 3803//3803 3802//3802
f 3722//3722 3723//3723 3804//3804
f 3722//3722 3804//3804 3803//3803
f 3723//3723 3724//3724 3805//3805
f 3723//3723 3805//3805 3804//3804
f 3724//3724 3725//3725 3806//3806
f 3724//3724 3806//3806 3805//3805
f 3725//3725 3726//3726 3807//3807
f 3725//3725 3807//3807 3806//3806
f 3727//3727 3728//3728 3809//3809
f 3727//3727 3809//3809 3808//3808
f 3728//3728 3729//3729 3810//3810
f 3728//3728 3810//3810 3809//3809
f 3729//3729 3730//3730 3811//3811
f 3729//3729 3811//3811 3810//3810
f 3730//3730 3731//3731 3812//3812
f 3730//3730 3812//3812 3811//3811
f 3731//3731 3732//3732 3813//3813
f 3731//3731 3813//3813 3812//3812
f 3732//3732 3733//3733 3814//3814
f 3732//3732 3814//3814 3813//3813
f 3733//3733 3734//3734 3815//3815
f 3733//3733 3815//3815 3814//3814
f 3734//3734 3735//3735 3816//3816
f 3734//3734 3816//3816 3815//3815
f 3735//3735 3736//3736 3817//3817
f 3735//3735 3817//3817 3816//3816
f 3736//3736 3737//3737 3818//3818
f 3736//3736 3818//3818 3817//3817
f 3737//3737 3738//3738 3819//3819
f 3737//3737 3819//3819 3818//3818
f 3738//3738 3739//3739 3820//3820
f 3738//3738 3820//3820 3819//3819
f 3739//3739 3740//3740 3821//3821
f 3739//3739 3821//3821 3820//3820
f 3740//3740 3741//3741 3822//3822
f 3740//3740 3822//3822 3821//3821
f 3741//3741 3742//3742 3823//3823
f 3741//3741 3823//3823 3822//3822
f 3742//3742 3743//3743 3824//3824
f 3742//3742 3824//3824 3823//3823
f 3743//3743 3744//3744 3825//3825
f 3743//3743 3825//3825 3824//3824
f 3744//3744 3745//3745 3826//3826
f 3744//3744 3826//3826 3825//3825
f 3745//3745 3746//3746 3827//3827
f 3745//3745 3827//3827 3826//3826
f 3746//3746 3747//3747 3828//3828
f 3746//3746 3828//3828 3827//3827
f 3747//3747 3748//3748 3829//3829
f 3747//3747 3829//3829 3828//3828
f 3748//3748 3749//3749 3830//3830
f 3748//3748 3830//3830 3829//3829
f 3749//3749 3750//3750 3831//3831
f 3749//3749 3831//3831 3830//3830
f 3750//3750 3751//3751 3832//3832
f 3750//3750 3832//3832 3831//3831
f 3751//3751 3752//3752 3833//3833
f 3751//3751 3833//3833 3832//3832
f 3752//3752 3753//3753 3834//3834
f 3752//3752 3834//3834 3833//3833
f 3753//3753 3754//3754 3835//3835
f 3753//3753 3835//3835 3834//3834
f 3754//3754 3755//3755 3836//3836
f 3754//3754 3836//3836 3835//3835
f 3755//3755 3756//3756 3837//3837
f 3755//3755 3837//3837 3836//3836
f 3756//3756 3757//3757 3838//3838
f 3756//3756 3838//3838 3837//3837
f 3757//3757 3758//3758 3839//3839
f 3757//3757 3839//3839 3838//3838
f 3758//3758 3759//3759 3840//3840
f 3758//3758 3840//3840 3839//3839
f 3759//3759 3760//3760 3841//3841
f 3759//3759 3841//3841 3840//3840
f 3760//3760 3761//3761 3842//3842
f 3760//3760 3842//3842 3841//3841
f 3761//3761 3762//3762 3843//3843
f 3761//3761 3843//3843 3842//3842
f 3762//3762 3763//3763 3844//3844
f 3762//3762 3844//3844 3843//3843
f 3763//3763 3764//3764 3845//3845
f 3763//3763 3845//3845 3844//3844
f 3764//3764 3765//3765 3846//3846
f 3764//3764 3846//3846 3845//3845
f 3765//3765 3766//3766 3847//3847
f 3765//3765 3847//3847 3846//3846
f 3766//3766 3767//3767 3848//3848
f 3766//3766 3848//3848 3847//3847
f 3767//3767 3768//3768 3849//3849
f 3767//3767 3849//3849 3848//3848
f 3768//3768 3769//3769 3850//3850
f 3768//3768 3850//3850 3849//3849
f 3769//3769 3770//3770 3851//3851
f 3769//3769 3851//3851 3850//3850
f 3770//3770 3771//3771 3852//3852
f 3770//3770 3852//3852 3851//3851
f 3771//3771 3772//3772 3853//3853
f 3771//3771 3853//3853 3852//3852
f 3772//3772 3773//3773 3854//3854
f 3772//3772 3854//3854 3853//3853
f 3773//3773 3774//3774 3855//3855
f 3773//3773 3855//3855 3854//3854
f 3774//3774 3775//3775 3856//3856
f 3774//3774 3856//3856 3855//3855
f 3775//3775 3776//3776 3857//3857
f 3775//3775 3857//3857 3856//3856
f 3776//3776 3777//3777 3858//3858
f 3776//3776 3858//3858 3857//3857
f 3777//3777 3778//3778 3859//3859
f 3777//3777 3859//3859 3858//3858
f 3778//3778 3779//3779 3860//3860
f 3778//3778 3860//3860 3859//3859
f 3779//3779 3780//3780 3861//3861
f 3779//3779 3861//3861 3860//3860
f 3780//3780 3781//3781 3862//3862
f 3780//3780 3862//3862 3861//3861
f 3781//3781 3782//3782 3863//3863
f 3781//3781 3863//3863 3862//3862
f 3782//3782 3783//3783 3864//3864
f 3782//3782 3864//3864 3863//3863
f 3783//3783 3784//3784 3865//3865
f 3783//3783 3865//3865 3864//3864
f 3784//3784 3785//3785 3866//3866
f 3784//3784 3866//3866 3865//3865
f 3785//3785 3786//3786 3867//3867
f 3785//3785 3867//3867 3866//3866
f 3786//3786 3787//3787 3868//3868
f 3786//3786 3868//3868 3867//3867
f 3787//3787 3788//3788 3869//3869
f 3787//3787 3869//3869 3868//3868
f 3788//3788 3789//3789 3870//3870
f 3788//3788 3870//3870 3869//3869
f 3789//3789 3790//3790 3871//3871
f 3789//3789 3871//3871 3870//3870
f 3790//3790 3791//3791 3872//3872
f 3790//3790 3872//3872 3871//3871
f 3791//3791 3792//3792 3873//3873
f 3791//3791 3873//3873 3872//3872
f 3792//3792 3793//3793 3874//3874
f 3792//3792 3874//3874 3873//3873
f 3793//3793 3794//3794 3875//3875
f 3793//3793 3875//3875 3874//3874
f 3794//3794 3795//3795 3876//3876
f 3794//3794 3876//3876 3875//3875
f 3795//3795 3796//3796 3877//3877
f 3795//3795 3877//3877 3876//3876
f 3796//3796 3797//3797 3878//3878
f 3796//3796 3878//3878 3877//3877
f 3797//3797 3798//3798 3879//3879
f 3797//3797 3879//3879 3878//3878
f 3798//3798 3799//3799 3880//3880
f 3798//3798 3880//3880 3879//3879
f 3799//3799 3800//3800 3881//3881
f 3799//3799 3881//3881 3880//3880
f 3800//3800 3801//3801 3882//3882
f 3800//3800 3882//3882 3881//3881
f 3801//3801 3802//3802 3883//3883
f 3801//3801 3883//3883 3882//3882
f 3802//3802 3803//3803 3884//3884
f 3802//3802 3884//3884 3883//3883
f 3803//3803 3804//3804 3885//3885
f 3803//3803 3885//3885 3884//3884
f 3804//3804 3805//3805 3886//3886
f 3804//3804 3886//3886 3885//3885
f 3805//3805 3806//3806 3887//3887
f 3805//3805 3887//3887 3886//3886
f 3806//3806 3807//3807 3888//3888
f 3806//3806 3888//3888 3887//3887
f 3808//3808 3809//3809 3890//3890
f 3808//3808 3890//3890 3889//3889
f 3809//3809 3810//3810 3891//3891
f 3809//3809 3891//3891 3890//3890
f 3810//3810 3811//3811 3892//3892
f 3810//3810 3892//3892 3891//3891
f 3811//3811 3812//3812 3893//3893
f 3811//3811 3893//3893 3892//3892
f 3812//3812 3813//3813 3894//3894
f 3812//3812 3894//3894 3893//3893
f 3813//3813 3814//3814 3895//3895
f 3813//3813 3895//3895 3894//3894
f 3814//3814 3815//3815 3896//3896
f 3814//3814 3896//3896 3895//3895
f 3815//3815 3816//3816 3897//3897
f 3815//3815 3897//3897 3896//3896
f 3816//3816 3817//3817 3898//3898
f 3816//3816 3898//3898 3897//3897
f 3817//3817 3818//3818 3899//3899
f 3817//3817 3899//3899 3898//3898
f 3818//3818 3819//3819 3900//3900
f 3818//3818 3900//3900 3899//3899
f 3819//3819 3820//3820 3901//3901
f 3819//3819 3901//3901 3900//3900
f 3820//3820 3821//3821 3902//3902
f 3820//3820 3902//3902 3901//3901
f 3821//3821 3822//3822 3903//3903
f 3821//3821 3903//3903 3902//3902
f 3822//3822 3823//3823 3904//3904
f 3822//3822 3904//3904 3903//3903
f 3823//3823 3824//3824 3905//3905
f 3823//3823 3905//3905 3904//3904
f 3824//3824 3825//3825 3906//3906
f 3824//3824 3906//3906 3905//3905
f 3825//3825 3826//3826 3907//3907
f 3825//3825 3907//3907 3906//3906
f 3826//3826 3827//3827 3908//3908
f 3826//3826 3908//3908 3907//3907
f 3827//3827 3828//3828 3909//3909
f 3827//3827 3909//3909 3908//3908
f 3828//3828 3829//3829 3910//3910
f 3828//3828 3910//3910 3909//3909
f 3829//3829 3830//3830 3911//3911
f 3829//3829 3911//3911 3910//3910
f 3830//3830 3831//3831 3912//3912
f 3830//3830 3912//3912 3911//3911
f 3831//3831 3832//3832 3913//3913
f 3831//3831 3913//3913 3912//3912
f 3832//3832 3833//3833 3914//3914
f 3832//3832 3914//3914 3913//3913
f 3833//3833 3834//3834 3915//3915
f 3833//3833 3915//3915 3914//3914
f 3834//3834 3835//3835 3916//3916
f 3834//3834 3916//3916 3915//3915
f 3835//3835 3836//3836 3917//3917
f 3835//3835 3917//3917 3916//3916
f 3836//3836 3837//3837 3918//3918
f 3836//3836 3918//3918 3917//3917
f 3837//3837 3838//3838 3919//3919
f 3837//3837 3919//3919 3918//3918
f 3838//3838 3839//3839 3920//3920
f 3838//3838 3920//3920 3919//3919
f 3839//3839 3840//3840 3921//3921
f 3839//3839 3921//3921 3920//3920
f 3840//3840 3841//3841 3922//3922
f 3840//3840 3922//3922 3921//3921
f 3841//3841 3842//3842 3923//3923
f 3841//3841 3923//3923 3922//3922
f 3842//3842 3843//3843 3924//3924
f 3842//3842 3924//3924 3923//3923
f 3843//3843 3844//3844 3925//3925
f 3843//3843 3925//3925 3924//3924
f 3844//3844 3845//3845 3926//3926
f 3844//3844 3926//3926 3925//3925
f 3845//3845 3846//3846 3927//3927
f 3845//3845 3927//3927 3926//3926
f 3846//3846 3847//3847 3928//3928
f 3846//3846 3928//3928 3927//3927
f 3847//3847 3848//3848 3929//3929
f 3847//3847 3929//3929 3928//3928
f 3848//3848 3849//3849 3930//3930
f 3848//3848 3930//3930 3929//3929
f 3849//3849 3850//3850 3931//3931
f 3849//3849 3931//3931 3930//3930
f 3850//3850 3851//3851 3932//3932
f 3850//3850 3932//3932 3931//3931
f 3851//3851 3852//3852 3933//3933
f 3851//3851 3933//3933 3932//3932
f 3852//3852 3853//3853 3934//3934
f 3852//3852 3934//3934 3933//3933
f 3853//3853 3854//3854 3935//3935
f 3853//3853 3935//3935 3934//3934
f 3854//3854 3855//3855 3936//3936
f 3854//3854 3936//3936 3935//3935
f 3855//3855 3856//3856 3937//3937
f 3855//3855 3937//3937 3936//3936
f 3856//3856 3857//3857 3938//3938
f 3856//3856 3938//3938 3937//3937
f 3857//3857 3858//3858 3939//3939
f 3857//3857 3939//3939 3938//3938
f 3858//3858 3859//3859 3940//3940
f 3858//3858 3940//3940 3939//3939
f 3859//3859 3860//3860 3941//3941
f 3859//3859 3941//3941 3940//3940
f 3860//3860 3861//3861 3942//3942
f 3860//3860 3942//3942 3941//3941
f 3861//3861 3862//3862 3943//3943
f 3861//3861 3943//3943 3942//3942
f 3862//3862 3863//3863 3944//3944
f 3862//3862 3944//3944 3943//3943
f 3863//3863 3864//3864 3945//3945
f 3863//3863 3945//3945 3944//3944
f 3864//3864 3865//3865 3946//3946
f 3864//3864 3946//3946 3945//3945
f 3865//3865 3866//3866 3947//3947
f 3865//3865 3947//3947 3946//3946
f 3866//3866 3867//3867 3948//3948
f 3866//3866 3948//3948 3947//3947
f 3867//3867 3868//3868 3949//3949
f 3867//3867 3949//3949 3948//3948
f 3868//3868 3869//3869 3950//3950
f 3868//3868 3950//3950 3949//3949
f 3869//3869 3870//3870 3951//3951
f 3869//3869 3951//3951 3950//3950
f 3870//3870 3871//3871 3952//3952
f 3870//3870 3952//3952 3951//3951
f 3871//3871 3872//3872 3953//3953
f 3871//3871 3953//3953 3952//3952
f 3872//3872 3873//3873 3954//3954
f 3872//3872 3954//3954 3953//3953
f 3873//3873 3874//3874 3955//3955
f 3873//3873 3955//3955 3954//3954
f 3874//3874 3875//3875 3956//3956
f 3874//3874 3956//3956 3955//3955
f 3875//3875 3876//3876 3957//3957
f 3875//3875 3957//3957 3956//3956
f 3876//3876 3877//3877 3958//3958
f 3876//3876 3958//3958 3957//3957
f 3877//3877 3878//3878 3959//3959
f 3877//3877 3959//3959 3958//3958
f 3878//3878 3879//3879 3960//3960
f 3878//3878 3960//3960 3959//3959
f 3879//3879 3880//3880 3961//3961
f 3879//3879 3961//3961 3960//3960
f 3880//3880 3881//3881 3962//3962
f 3880//3880 3962//3962 3961//3961
f 3881//3881 3882//3882 3963//3963
f 3881//3881 3963//3963 3962//3962
f 3882//3882 3883//3883 3964//3964
f 3882//3882 3964//3964 3963//3963
f 3883//3883 3884//3884 3965//3965
f 3883//3883 3965//3965 3964//3964
f 3884//3884 3885//3885 3966//3966
f 3884//3884 3966//3966 3965//3965
f 3885//3885 3886//3886 3967//3967
f 3885//3885 3967//3967 3966//3966
f 3886//3886 3887//3887 3968//3968
f 3886//3886 3968//3968 3967//3967
f 3887//3887 3888//3888 3969//3969
f 3887//3887 3969//3969 3968//3968
f 3889//3889 3890//3890 3971//3971
f 3889//3889 3971//3971 3970//3970
f 3890//3890 3891//3891 3972//3972
f 3890//3890 3972//3972 3971//3971
f 3891//3891 3892//3892 3973//3973
f 3891//3891 3973//3973 3972//3972
f 3892//3892 3893//3893 3974//3974
f 3892//3892 3974//3974 3973//3973
f 3893//3893 3894//3894 3975//3975
f 3893//3893 3975//3975 3974//3974
f 3894//3894 3895//3895 3976//3976
f 3894//3894 3976//3976 3975//3975
f 3895//3895 3896//3896 3977//3977
f 3895//3895 3977//3977 3976//3976
f 3896//3896 3897//3897 3978//3978
f 3896//3896 3978//3978 3977//3977
f 3897//3897 3898//3898 3979//3979
f 3897//3897 3979//3979 3978//3978
f 3898//3898 3899//3899 3980//3980
f 3898//3898 3980//3980 3979//3979
f 3899//3899 3900//3900 3981//3981
f 3899//3899 3981//3981 3980//3980
f 3900//3900 3901//3901 3982//3982
f 3900//3900 3982//3982 3981//3981
f 3901//3901 3902//3902 3983//3983
f 3901//3901 3983//3983 3982//3982
f 3902//3902 3903//3903 3984//3984
f 3902//3902 3984//3984 3983//3983
f 3903//3903 3904//3904 3985//3985
f 3903//3903 3985//3985 3984//3984
f 3904//3904 3905//3905 3986//3986
f 3904//3904 3986//3986 3985//3985
f 3905//3905 3906//3906 3987//3987
f 3905//3905 3987//3987 3986//3986
f 3906//3906 3907//3907 3988//3988
f 3906//3906 3988//3988 3987//3987
f 3907//3907 3908//3908 3989//3989
f 3907//3907 3989//3989 3988//3988
f 3908//3908 3909//3909 3990//3990
f 3908//3908 3990//3990 3989//3989
f 3909//3909 3910//3910 3991//3991
f 3909//3909 3991//3991 3990//3990
f 3910//3910 3911//3911 3992//3992
f 3910//3910 3992//3992 3991//3991
f 3911//3911 3912//3912 3993//3993
f 3911//3911 3993//3993 3992//3992
f 3912//3912 3913//3913 3994//3994
f 3912//3912 3994//3994 3993//3993
f 3913//3913 3914//3914 3995//3995
f 3913//3913 3995//3995 3994//3994
f 3914//3914 3915//3915 3996//3996
f 3914//3914 3996//3996 3995//3995
f 3915//3915 3916//3916 3997//3997
f 3915//3915 3997//3997 3996//3996
f 3916//3916 3917//3917 3998//3998
f 3916//3916 3998//3998 3997//3997
f 3917//3917 3918//3918 3999//3999
f 3917//3917 3999//3999 3998//3998
f 3918//3918 3919//3919 4000//4000
f 3918//3918 4000//4000 3999//3999
f 3919//3919 3920//3920 4001//4001
f 3919//3919 4001//4001 4000//4000
f 3920//3920 3921//3921 4002//4002
f 3920//3920 4002//4002 4001//4001
f 3921//3921 3922//3922 4003//4003
f 3921//3921 4003//4003 4002//4002
f 3922//3922 3923//3923 4004//4004
f 3922//3922 4004//4004 4003//4003
f 3923//3923 3924//3924 4005//4005
f 3923//3923 4005//4005 4004//4004
f 3924//3924 3925//3925 4006//4006
f 3924//3924 4006//4006 4005//4005
f 3925//3925 3926//3926 4007//4007
f 3925//3925 4007//4007 4006//4006
f 3926//3926 3927//3927 4008//4008
f 3926//3926 4008//4008 4007//4007
f 3927//3927 3928//3928 4009//4009
f 3927//3927 4009//4009 4008//4008
f 3928//3928 3929//3929 4010//4010
f 3928//3928 4010//4010 4009//4009
f 3929//3929 3930//3930 4011//4011
f 3929//3929 4011//4011 4010//4010
f 3930//3930 3931//3931 4012//4012
f 3930//3930 4012//4012 4011//4011
f 3931//3931 3932//3932 4013//4013
f 3931//3931 4013//4013 4012//4012
f 3932//3932 3933//3933 4014//4014
f 3932//3932 4014//4014 4013//4013
f 3933//3933 3934//3934 4015//4015
f 3933//3933 4015//4015 4014//4014
f 3934//3934 3935//3935 4016//4016
f 3934//3934 4016//4016 4015//4015
f 3935//3935 3936//3936 4017//4017
f 3935//3935 4017//4017 4016//4016
f 3936//3936 3937//3937 4018//4018
f 3936//3936 4018//4018 4017//4017
f 3937//3937 3938//3938 4019//4019
f 3937//3937 4019//4019 4018//4018
f 3938//3938 3939//3939 4020//4020
f 3938//3938 4020//4020 4019//4019
f 3939//3939 3940//3940 4021//4021
f 3939//3939 4021//4021 4020//4020
f 3940//3940 3941//3941 4022//4022
f 3940//3940 4022//4022 4021//4021
f 3941//3941 3942//3942 4023//4023
f 3941//3941 4023//4023 4022//4022
f 3942//3942 3943//3943 4024//4024
f 3942//3942 4024//4024 4023//4023
f 3943//3943 3944//3944 4025//4025
f 3943//3943 4025//4025 4024//4024
f 3944//3944 3945//3945 4026//4026
f 3944//3944 4026//4026 4025//4025
f 3945//3945 3946//3946 4027//4027
f 3945//3945 4027//4027 4026//4026
f 3946//3946 3947//3947 4028//4028
f 3946//3946 4028//4028 4027//4027
f 3947//3947 3948//3948 4029//4029
f 3947//3947 4029//4029 4028//4028
f 3948//3948 3949//3949 4030//4030
f 3948//3948 4030//4030 4029//4029
f 3949//3949 3950//3950 4031//4031
f 3949//3949 4031//4031 4030//4030
f 3950//3950 3951//3951 4032//4032
f 3950//3950 4032//4032 4031//4031
f 3951//3951 3952//3952 4033//4033
f 3951//3951 4033//4033 4032//4032
f 3952//3952 3953//3953 4034//4034
f 3952//3952 4034//4034 4033//4033
f 3953//3953 3954//3954 4035//4035
f 3953//3953 4035//4035 4034//4034
f 3954//3954 3955//3955 4036//4036
f 3954//3954 4036//4036 4035//4035
f 3955//3955 3956//3956 4037//4037
f 3955//3955 4037//4037 4036//4036
f 3956//3956 3957//3957 4038//4038
f 3956//3956 4038//4038 4037//4037
f 3957//3957 3958//3958 4039//4039
f 3957//3957 4039//4039 4038//4038
f 3958//3958 3959//3959 4040//4040
f 3958//3958 4040//4040 4039//4039
f 3959//3959 3960//3960 4041//4041
f 3959//3959 4041//4041 4040//4040
f 3960//3960 3961//3961 4042//4042
f 3960//3960 4042//4042 4041//4041
f 3961//3961 3962//3962 4043//4043
f 3961//3961 4043//4043 4042//4042
f 3962//3962 3963//3963 4044//4044
f 3962//3962 4044//4044 4043//4043
f 3963//3963 3964//3964 4045//4045
f 3963//3963 4045//4045 4044//4044
f 3964//3964 3965//3965 4046//4046
f 3964//3964 4046//4046 4045//4045
f 3965//3965 3966//3966 4047//4047
f 3965//3965 4047//4047 4046//4046
f 3966//3966 3967//3967 4048//4048
f 3966//3966 4048//4048 4047//4047
f 3967//3967 3968//3968 4049//4049
f 3967//3967 4049//4049 4048//4048
f 3968//3968 3969//3969 4050//4050
f 3968//3968 4050//4050 4049//4049
f 3970//3970 3971//3971 4052//4052
f 3970//3970 4052//4052 4051//4051
f 3971//3971 3972//3972 4053//4053
f 3971//3971 4053//4053 4052//4052
f 3972//3972 3973//3973 4054//4054
f 3972//3972 4054//4054 4053//4053
f 3973//3973 3974//3974 4055//4055
f 3973//3973 4055//4055 4054//4054
f 3974//3974 3975//3975 4056//4056
f 3974//3974 4056//4056 4055//4055
f 3975//3975 3976//3976 4057//4057
f 3975//3975 4057//4057 4056//4056
f 3976//3976 3977//3977 4058//4058
f 3976//3976 4058//4058 4057//4057
f 3977//3977 3978//3978 4059//4059
f 3977//3977 4059//4059 4058//4058
f 3978//3978 3979//3979 4060//4060
f 3978//3978 4060//4060 4059//4059
f 3979//3979 3980//3980 4061//4061
f 3979//3979 4061//4061 4060//4060
f 3980//3980 3981//3981 4062//4062
f 3980//3980 4062//4062 4061//4061
f 3981//3981 3982//3982 4063//4063
f 3981//3981 4063//4063 4062//4062
f 3982//3982 3983//3983 4064//4064
f 3982//3982 4064//4064 4063//4063
f 3983//3983 3984//3984 4065//4065
f 3983//3983 4065//4065 4064//4064
f 3984//3984 3985//3985 4066//4066
f 3984//3984 4066//4066 4065//4065
f 3985//3985 3986//3986 4067//4067
f 3985//3985 4067//4067 4066//4066
f 3986//3986 3987//3987 4068//4068
f 3986//3986 4068//4068 4067//4067
f 3987//3987 3988//3988 4069//4069
f 3987//3987 4069//4069 4068//4068
f 3988//3988 3989//3989 4070//4070
f 3988//3988 4070//4070 4069//4069
f 3989//3989 3990//3990 4071//4071
f 3989//3989 4071//4071 4070//4070
f 3990//3990 3991//3991 4072//4072
f 3990//3990 4072//4072 4071//4071
f 3991//3991 3992//3992 4073//4073
f 3991//3991 4073//4073 4072//4072
f 3992//3992 3993//3993 4074//4074
f 3992//3992 4074//4074 4073//4073
f 3993//3993 3994//3994 4075//4075
f 3993//3993 4075//4075 4074//4074
f 3994//3994 3995//3995 4076//4076
f 3994//3994 4076//4076 4075//4075
f 3995//3995 3996//3996 4077//4077
f 3995//3995 4077//4077 4076//4076
f 3996//3996 3997//3997 4078//4078
f 3996//3996 4078//4078 4077//4077
f 3997//3997 3998//3998 4079//4079
f 3997//3997 4079//4079 4078//4078
f 3998//3998 3999//3999 4080//4080
f 3998//3998 4080//4080 4079//4079
f 3999//3999 4000//4000 4081//4081
f 3999//3999 4081//4081 4080//4080
f 4000//4000 4001//4001 4082//4082
f 4000//4000 4082//4082 4081//4081
f 4001//4001 4002//4002 4083//4083
f 4001//4001 4083//4083 4082//4082
f 4002//4002 4003//4003 4084//4084
f 4002//4002 4084//4084 4083//4083
f 4003//4003 4004//4004 4085//4085
f 4003//4003 4085//4085 4084//4084
f 4004//4004 4005//4005 4086//4086
f 4004//4004 4086//4086 4085//4085
f 4005//4005 4006//4006 4087//4087
f 4005//4005 4087//4087 4086//4086
f 4006//4006 4007//4007 4088//4088
f 4006//4006 4088//4088 4087//4087
f 4007//4007 4008//4008 4089//4089
f 4007//4007 4089//4089 4088//4088
f 4008//4008 4009//4009 4090//4090
f 4008//4008 4090//4090 4089//4089
f 4009//4009 4010//4010 4091//4091
f 4009//4009 4091//4091 4090//4090
f 4010//4010 4011//4011 4092//4092
f 4010//4010 4092//4092 4091//4091
f 4011//4011 4012//4012 4093//4093
f 4011//4011 4093//4093 4092//4092
f 4012//4012 4013//4013 4094//4094
f 4012//4012 4094//4094 4093//4093
f 4013//4013 4014//4014 4095//4095
f 4013//4013 4095//4095 4094//4094
f 4014//4014 4015//4015 4096//4096
f 4014//4014 4096//4096 4095//4095
f 4015//4015 4016//4016 4097//4097
f 4015//4015 4097//4097 4096//4096
f 4016//4016 4017//4017 4098//4098
f 4016//4016 4098//4098 4097//4097
f 4017//4017 4018//4018 4099//4099
f 4017//4017 4099//4099 4098//4098
f 4018//4018 4019//4019 4100//4100
f 4018//4018 4100//4100 4099//4099
f 4019//4019 4020//4020 4101//4101
f 4019//4019 4101//4101 4100//4100
f 4020//4020 4021//4021 4102//4102
f 4020//4020 4102//4102 4101//4101
f 4021//4021 4022//4022 4103//4103
f 4021//4021 4103//4103 4102//4102
f 4022//4022 4023//4023 4104//4104
f 4022//4022 4104//4104 4103//4103
f 4023//4023 4024//4024 4105//4105
f 4023//4023 4105//4105 4104//4104
f 4024//4024 4025//4025 4106//4106
f 4024//4024 4106//4106 4105//4105
f 4025//4025 4026//4026 4107//4107
f 4025//4025 4107//4107 4106//4106
f 4026//4026 4027//4027 4108//4108
f 4026//4026 4108//4108 4107//4107
f 4027//4027 4028//4028 4109//4109
f 4027//4027 4109//4109 4108//4108
f 4028//4028 4029//4029 4110//4110
f 4028//4028 4110//4110 4109//4109
f 4029//4029 4030//4030 4111//4111
f 4029//4029 4111//4111 4110//4110
f 4030//4030 4031//4031 4112//4112
f 4030//4030 4112//4112 4111//4111
f 4031//4031 4032//4032 4113//4113
f 4031//4031 4113//4113 4112//4112
f 4032//4032 4033//4033 4114//4114
f 4032//4032 4114//4114 4113//4113
f 4033//4033 4034//4034 4115//4115
f 4033//4033 4115//4115 4114//4114
f 4034//4034 4035//4035 4116//4116
f 4034//4034 4116//4116 4115//4115
f 4035//4035 4036//4036 4117//4117
f 4035//4035 4117//4117 4116//4116
f 4036//4036 4037//4037 4118//4118
f 4036//4036 4118//4118 4117//4117
f 4037//4037 4038//4038 4119//4119
f 4037//4037 4119//4119 4118//4118
f 4038//4038 4039//4039 4120//4120
f 4038//4038 4120//4120 4119//4119
f 4039//4039 4040//4040 4121//4121
f 4039//4039 4121//4121 4120//4120
f 4040//4040 4041//4041 4122//4122
f 4040//4040 4122//4122 4121//4121
f 4041//4041 4042//4042 4123//4123
f 4041//4041 4123//4123 4122//4122
f 4042//4042 4043//4043 4124//4124
f 4042//4042 4124//4124 4123//4123
f 4043//4043 4044//4044 4125//4125
f 4043//4043 4125//4125 4124//4124
f 4044//4044 4045//4045 4126//4126
f 4044//4044 4126//4126 4125//4125
f 4045//4045 4046//4046 4127//4127
f 4045//4045 4127//4127 4126//4126
f 4046//4046 4047//4047 4128//4128
f 4046//4046 4128//4128 4127//4127
f 4047//4047 4048//4048 4129//4129
f 4047//4047 4129//4129 4128//4128
f 4048//4048 4049//4049 4130//4130
f 4048//4048 4130//4130 4129//4129
f 4049//4049 4050//4050 4131//4131
f 4049//4049 4131//4131 4130//4130
f 4051//4051 4052//4052 4133//4133
f 4051//4051 4133//4133 4132//4132
f 4052//4052 4053//4053 4134//4134
f 4052//4052 4134//4134 4133//4133
f 4053//4053 4054//4054 4135//4135
f 4053//4053 4135//4135 4134//4134
f 4054//4054 4055//4055 4136//4136
f 4054//4054 4136//4136 4135//4135
f 4055//4055 4056//4056 4137//4137
f 4055//4055 4137//4137 4136//4136
f 4056//4056 4057//4057 4138//4138
f 4056//4056 4138//4138 4137//4137
f 4057//4057 4058//4058 4139//4139
f 4057//4057 4139//4139 4138//4138
f 4058//4058 4059//4059 4140//4140
f 4058//4058 4140//4140 4139//4139
f 4059//4059 4060//4060 4141//4141
f 4059//4059 4141//4141 4140//4140
f 4060//4060 4061//4061 4142//4142
f 4060//4060 4142//4142 4141//4141
f 4061//4061 4062//4062 4143//4143
f 4061//4061 4143//4143 4142//4142
f 4062//4062 4063//4063 4144//4144
f 4062//4062 4144//4144 4143//4143
f 4063//4063 4064//4064 4145//4145
f 4063//4063 4145//4145 4144//4144
f 4064//4064 4065//4065 4146//4146
f 4064//4064 4146//4146 4145//4145
f 4065//4065 4066//4066 4147//4147
f 4065//4065 4147//4147 4146//4146
f 4066//4066 4067//4067 4148//4148
f 4066//4066 4148//4148 4147//4147
f 4067//4067 4068//4068 4149//4149
f 4067//4067 4149//4149 4148//4148
f 4068//4068 4069//4069 4150//4150
f 4068//4068 4150//4150 4149//4149
f 4069//4069 4070//4070 4151//4151
f 4069//4069 4151//4151 4150//4150
f 4070//4070 4071//4071 4152//4152
f 4070//4070 4152//4152 4151//4151
f 4071//4071 4072//4072 4153//4153
f 4071//4071 4153//4153 4152//4152
f 4072//4072 4073//4073 4154//4154
f 4072//4072 4154//4154 4153//4153
f 4073//4073 4074//4074 4155//4155
f 4073//4073 4155//4155 4154//4154
f 4074//4074 4075//4075 4156//4156
f 4074//4074 4156//4156 4155//4155
f 4075//4075 4076//4076 4157//4157
f 4075//4075 4157//4157 4156//4156
f 4076//4076 4077//4077 4158//4158
f 4076//4076 4158//4158 4157//4157
f 4077//4077 4078//4078 4159//4159
f 4077//4077 4159//4159 4158//4158
f 4078//4078 4079//4079 4160//4160
f 4078//4078 4160//4160 4159//4159
f 4079//4079 4080//4080 4161//4161
f 4079//4079 4161//4161 4160//4160
f 4080//4080 4081//4081 4162//4162
f 4080//4080 4162//4162 4161//4161
f 4081//4081 4082//4082 4163//4163
f 4081//4081 4163//4163 4162//4162
f 4082//4082 4083//4083 4164//4164
f 4082//4082 4164//4164 4163//4163
f 4083//4083 4084//4084 4165//4165
f 4083//4083 4165//4165 4164//4164
f 4084//4084 4085//4085 4166//4166
f 4084//4084 4166//4166 4165//4165
f 4085//4085 4086//4086 4167//4167
f 4085//4085 4167//4167 4166//4166
f 4086//4086 4087//4087 4168//4168
f 4086//4086 4168//4168 4167//4167
f 4087//4087 4088//4088 4169//4169
f 4087//4087 4169//4169 4168//4168
f 4088//4088 4089//4089 4170//4170
f 4088//4088 4170//4170 4169//4169
f 4089//4089 4090//4090 4171//4171
f 4089//4089 4171//4171 4170//4170
f 4090//4090 4091//4091 4172//4172
f 4090//4090 4172//4172 4171//4171
f 4091//4091 4092//4092 4173//4173
f 4091//4091 4173//4173 4172//4172
f 4092//4092 4093//4093 4174//4174
f 4092//4092 4174//4174 4173//4173
f 4093//4093 4094//4094 4175//4175
f 4093//4093 4175//4175 4174//4174
f 4094//4094 4095//4095 4176//4176
f 4094//4094 4176//4176 4175//4175
f 4095//4095 4096//4096 4177//4177
f 4095//4095 4177//4177 4176//4176
f 4096//4096 4097//4097 4178//4178
f 4096//4096 4178//4178 4177//4177
f 4097//4097 4098//4098 4179//4179
f 4097//4097 4179//4179 4178//4178
f 4098//4098 4099//4099 4180//4180
f 4098//4098 4180//4180 4179//4179
f 4099//4099 4100//4100 4181//4181
f 4099//4099 4181//4181 4180//4180
f 4100//4100 4101//4101 4182//4182
f 4100//4100 4182//4182 4181//4181
f 4101//4101 4102//4102 4183//4183
f 4101//4101 4183//4183 4182//4182
f 4102//4102 4103//4103 4184//4184
f 4102//4102 4184//4184 4183//4183
f 4103//4103 4104//4104 4185//4185
f 4103//4103 4185//4185 4184//4184
f 4104//4104 4105//4105 4186//4186
f 4104//4104 4186//4186 4185//4185
f 4105//4105 4106//4106 4187//4187
f 4105//4105 4187//4187 4186//4186
f 4106//4106 4107//4107 4188//4188
f 4106//4106 4188//4188 4187//4187
f 4107//4107 4108//4108 4189//4189
f 4107//4107 4189//4189 4188//4188
f 4108//4108 4109//4109 4190//4190
f 4108//4108 4190//4190 4189//4189
f 4109//4109 4110//4110 4191//4191
f 4109//4109 4191//4191 4190//4190
f 4110//4110 4111//4111 4192//4192
f 4110//4110 4192//4192 4191//4191
f 4111//4111 4112//4112 4193//4193
f 4111//4111 4193//4193 4192//4192
f 4112//4112 4113//4113 4194//4194
f 4112//4112 4194//4194 4193//4193
f 4113//4113 4114//4114 4195//4195
f 4113//4113 4195//4195 4194//4194
f 4114//4114 4115//4115 4196//4196
f 4114//4114 4196//4196 4195//4195
f 4115//4115 4116//4116 4197//4197
f 4115//4115 4197//4197 4196//4196
f 4116//4116 4117//4117 4198//4198
f 4116//4116 4198//4198 4197//4197
f 4117//4117 4118//4118 4199//4199
f 4117//4117 4199//4199 4198//4198
f 4118//4118 4119//4119 4200//4200
f 4118//4118 4200//4200 4199//4199
f 4119//4119 4120//4120 4201//4201
f 4119//4119 4201//4201 4200//4200
f 4120//4120 4121//4121 4202//4202
f 4120//4120 4202//4202 4201//4201
f 4121//4121 4122//4122 4203//4203
f 4121//4121 4203//4203 4202//4202
f 4122//4122 4123//4123 4204//4204
f 4122//4122 4204//4204 4203//4203
f 4123//4123 4124//4124 4205//4205
f 4123//4123 4205//4205 4204//4204
f 4124//4124 4125//4125 4206//4206
f 4124//4124 4206//4206 4205//4205
f 4125//4125 4126//4126 4207//4207
f 4125//4125 4207//4207 4206//4206
f 4126//4126 4127//4127 4208//4208
f 4126//4126 4208//4208 4207//4207
f 4127//4127 4128//4128 4209//4209
f 4127//4127 4209//4209 4208//4208
f 4128//4128 4129//4129 4210//4210
f 4128//4128 4210//4210 4209//4209
f 4129//4129 4130//4130 4211//4211
f 4129//4129 4211//4211 4210//4210
f 4130//4130 4131//4131 4212//4212
f 4130//4130 4212//4212 4211//4211
f 4132//4132 4133//4133 4214//4214
f 4132//4132 4214//4214 4213//4213
f 4133//4133 4134//4134 4215//4215
f 4133//4133 4215//4215 4214//4214
f 4134//4134 4135//4135 4216//4216
f 4134//4134 4216//4216 4215//4215
f 4135//4135 4136//4136 4217//4217
f 4135//4135 4217//4217 4216//4216
f 4136//4136 4137//4137 4218//4218
f 4136//4136 4218//4218 4217//4217
f 4137//4137 4138//4138 4219//4219
f 4137//4137 4219//4219 4218//4218
f 4138//4138 4139//4139 4220//4220
f 4138//4138 4220//4220 4219//4219
f 4139//4139 4140//4140 4221//4221
f 4139//4139 4221//4221 4220//4220
f 4140//4140 4141//4141 4222//4222
f 4140//4140 4222//4222 4221//4221
f 4141//4141 4142//4142 4223//4223
f 4141//4141 4223//4223 4222//4222
f 4142//4142 4143//4143 4224//4224
f 4142//4142 4224//4224 4223//4223
f 4143//4143 4144//4144 4225//4225
f 4143//4143 4225//4225 4224//4224
f 4144//4144 4145//4145 4226//4226
f 4144//4144 4226//4226 4225//4225
f 4145//4145 4146//4146 4227//4227
f 4145//4145 4227//4227 4226//4226
f 4146//4146 4147//4147 4228//4228
f 4146//4146 4228//4228 4227//4227
f 4147//4147 4148//4148 4229//4229
f 4147//4147 4229//4229 4228//4228
f 4148//4148 4149//4149 4230//4230
f 4148//4148 4230//4230 4229//4229
f 4149//4149 4150//4150 4231//4231
f 4149//4149 4231//4231 4230//4230
f 4150//4150 4151//4151 4232//4232
f 4150//4150 4232//4232 4231//4231
f 4151//4151 4152//4152 4233//4233
f 4151//4151 4233//4233 4232//4232
f 4152//4152 4153//4153 4234//4234
f 4152//4152 4234//4234 4233//4233
f 4153//4153 4154//4154 4235//4235
f 4153//4153 4235//4235 4234//4234
f 4154//4154 4155//4155 4236//4236
f 4154//4154 4236//4236 4235//4235
f 4155//4155 4156//4156 4237//4237
f 4155//4155 4237//4237 4236//4236
f 4156//4156 4157//4157 4238//4238
f 4156//4156 4238//4238 4237//4237
f 4157//4157 4158//4158 4239//4239
f 4157//4157 4239//4239 4238//4238
f 4158//4158 4159//4159 4240//4240
f 4158//4158 4240//4240 4239//4239
f 4159//4159 4160//4160 4241//4241
f 4159//4159 4241//4241 4240//4240
f 4160//4160 4161//4161 4242//4242
f 4160//4160 4242//4242 4241//4241
f 4161//4161 4162//4162 4243//4243
f 4161//4161 4243//4243 4242//4242
f 4162//4162 4163//4163 4244//4244
f 4162//4162 4244//4244 4243//4243
f 4163//4163 4164//4164 4245//4245
f 4163//4163 4245//4245 4244//4244
f 4164//4164 4165//4165 4246//4246
f 4164//4164 4246//4246 4245//4245
f 4165//4165 4166//4166 4247//4247
f 4165//4165 4247//4247 4246//4246
f 4166//4166 4167//4167 4248//4248
f 4166//4166 4248//4248 4247//4247
f 4167//4167 4168//4168 4249//4249
f 4167//4167 4249//4249 4248//4248
f 4168//4168 4169//4169 4250//4250
f 4168//4168 4250//4250 4249//4249
f 4169//4169 4170//4170 4251//4251
f 4169//4169 4251//4251 4250//4250
f 4170//4170 4171//4171 4252//4252
f 4170//4170 4252//4252 4251//4251
f 4171//4171 4172//4172 4253//4253
f 4171//4171 4253//4253 4252//4252
f 4172//4172 4173//4173 4254//4254
f 4172//4172 4254//4254 4253//4253
f 4173//4173 4174//4174 4255//4255
f 4173//4173 4255//4255 4254//4254
f 4174//4174 4175//4175 4256//4256
f 4174//4174 4256//4256 4255//4255
f 4175//4175 4176//4176 4257//4257
f 4175//4175 4257//4257 4256//4256
f 4176//4176 4177//4177 4258//4258
f 4176//4176 4258//4258 4257//4257
f 4177//4177 4178//4178 4259//4259
f 4177//4177 4259//4259 4258//4258
f 4178//4178 4179//4179 4260//4260
f 4178//4178 4260//4260 4259//4259
f 4179//4179 4180//4180 4261//4261
f 4179//4179 4261//4261 4260//4260
f 4180//4180 4181//4181 4262//4262
f 4180//4180 4262//4262 4261//4261
f 4181//4181 4182//4182 4263//4263
f 4181//4181 4263//4263 4262//4262
f 4182//4182 4183//4183 4264//4264
f 4182//4182 4264//4264 4263//4263
f 4183//4183 4184//4184 4265//4265
f 4183//4183 4265//4265 4264//4264
f 4184//4184 4185//4185 4266//4266
f 4184//4184 4266//4266 4265//4265
f 4185//4185 4186//4186 4267//4267
f 4185//4185 4267//4267 4266//4266
f 4186//4186 4187//4187 4268//4268
f 4186//4186 4268//4268 4267//4267
f 4187//4187 4188//4188 4269//4269
f 4187//4187 4269//4269 4268//4268
f 4188//4188 4189//4189 4270//4270
f 4188//4188 4270//4270 4269//4269
f 4189//4189 4190//4190 4271//4271
f 4189//4189 4271//4271 4270//4270
f 4190//4190 4191//4191 4272//4272
f 4190//4190 4272//4272 4271//4271
f 4191//4191 4192//4192 4273//4273
f 4191//4191 4273//4273 4272//4272
f 4192//4192 4193//4193 4274//4274
f 4192//4192 4274//4274 4273//4273
f 4193//4193 4194//4194 4275//4275
f 4193//4193 4275//4275 4274//4274
f 4194//4194 4195//4195 4276//4276
f 4194//4194 4276//4276 4275//4275
f 4195//4195 4196//4196 4277//4277
f 4195//4195 4277//4277 4276//4276
f 4196//4196 4197//4197 4278//4278
f 4196//4196 4278//4278 4277//4277
f 4197//4197 4198//4198 4279//4279
f 4197//4197 4279//4279 4278//4278
f 4198//4198 4199//4199 4280//4280
f 4198//4198 4280//4280 4279//4279
f 4199//4199 4200//4200 4281//4281
f 4199//4199 4281//4281 4280//4280
f 4200//4200 4201//4201 4282//4282
f 4200//4200 4282//4282 4281//4281
f 4201//4201 4202//4202 4283//4283
f 4201//4201 4283//4283 4282//4282
f 4202//4202 4203//4203 4284//4284
f 4202//4202 4284//4284 4283//4283
f 4203//4203 4204//4204 4285//4285
f 4203//4203 4285//4285 4284//4284
f 4204//4204 4205//4205 4286//4286
f 4204//4204 4286//4286 4285//4285
f 4205//4205 4206//4206 4287//4287
f 4205//4205 4287//4287 4286//4286
f 4206//4206 4207//4207 4288//4288
f 4206//4206 4288//4288 4287//4287
f 4207//4207 4208//4208 4289//4289
f 4207//4207 4289//4289 4288//4288
f 4208//4208 4209//4209 4290//4290
f 4208//4208 4290//4290 4289//4289
f 4209//4209 4210//4210 4291//4291
f 4209//4209 4291//4291 4290//4290
f 4210//4210 4211//4211 4292//4292
f 4210//4210 4292//4292 4291//4291
f 4211//4211 4212//4212 4293//4293
f 4211//4211 4293//4293 4292//4292
f 4213//4213 4214//4214 4295//4295
f 4213//4213 4295//4295 4294//4294
f 4214//4214 4215//4215 4296//4296
f 4214//4214 4296//4296 4295//4295
f 4215//4215 4216//4216 4297//4297
f 4215//4215 4297//4297 4296//4296
f 4216//4216 4217//4217 4298//4298
f 4216//4216 4298//4298 4297//4297
f 4217//4217 4218//4218 4299//4299
f 4217//4217 4299//4299 4298//4298
f 4218//4218 4219//4219 4300//4300
f 4218//4218 4300//4300 4299//4299
f 4219//4219 4220//4220 4301//4301
f 4219//4219 4301//4301 4300//4300
f 4220//4220 4221//4221 4302//4302
f 4220//4220 4302//4302 4301//4301
f 4221//4221 4222//4222 4303//4303
f 4221//4221 4303//4303 4302//4302
f 4222//4222 4223//4223 4304//4304
f 4222//4222 4304//4304 4303//4303
f 4223//4223 4224//4224 4305//4305
f 4223//4223 4305//4305 4304//4304
f 4224//4224 4225//4225 4306//4306
f 4224//4224 4306//4306 4305//4305
f 4225//4225 4226//4226 4307//4307
f 4225//4225 4307//4307 4306//4306
f 4226//4226 4227//4227 4308//4308
f 4226//4226 4308//4308 4307//4307
f 4227//4227 4228//4228 4309//4309
f 4227//4227 4309//4309 4308//4308
f 4228//4228 4229//4229 4310//4310
f 4228//4228 4310//4310 4309//4309
f 4229//4229 4230//4230 4311//4311
f 4229//4229 4311//4311 4310//4310
f 4230//4230 4231//4231 4312//4312
f 4230//4230 4312//4312 4311//4311
f 4231//4231 4232//4232 4313//4313
f 4231//4231 4313//4313 4312//4312
f 4232//4232 4233//4233 4314//4314
f 4232//4232 4314//4314 4313//4313
f 4233//4233 4234//4234 4315//4315
f 4233//4233 4315//4315 4314//4314
f 4234//4234 4235//4235 4316//4316
f 4234//4234 4316//4316 4315//4315
f 4235//4235 4236//4236 4317//4317
f 4235//4235 4317//4317 4316//4316
f 4236//4236 4237//4237 4318//4318
f 4236//4236 4318//4318 4317//4317
f 4237//4237 4238//4238 4319//4319
f 4237//4237 4319//4319 4318//4318
f 4238//4238 4239//4239 4320//4320
f 4238//4238 4320//4320 4319//4319
f 4239//4239 4240//4240 4321//4321
f 4239//4239 4321//4321 4320//4320
f 4240//4240 4241//4241 4322//4322
f 4240//4240 4322//4322 4321//4321
f 4241//4241 4242//4242 4323//4323
f 4241//4241 4323//4323 4322//4322
f 4242//4242 4243//4243 4324//4324
f 4242//4242 4324//4324 4323//4323
f 4243//4243 4244//4244 4325//4325
f 4243//4243 4325//4325 4324//4324
f 4244//4244 4245//4245 4326//4326
f 4244//4244 4326//4326 4325//4325
f 4245//4245 4246//4246 4327//4327
f 4245//4245 4327//4327 4326//4326
f 4246//4246 4247//4247 4328//4328
f 4246//4246 4328//4328 4327//4327
f 4247//4247 4248//4248 4329//4329
f 4247//4247 4329//4329 4328//4328
f 4248//4248 4249//4249 4330//4330
f 4248//4248 4330//4330 4329//4329
f 4249//4249 4250//4250 4331//4331
f 4249//4249 4331//4331 4330//4330
f 4250//4250 4251//4251 4332//4332
f 4250//4250 4332//4332 4331//4331
f 4251//4251 4252//4252 4333//4333
f 4251//4251 4333//4333 4332//4332
f 4252//4252 4253//4253 4334//4334
f 4252//4252 4334//4334 4333//4333
f 4253//4253 4254//4254 4335//4335
f 4253//4253 4335//4335 4334//4334
f 4254//4254 4255//4255 4336//4336
f 4254//4254 4336//4336 4335//4335
f 4255//4255 4256//4256 4337//4337
f 4255//4255 4337//4337 4336//4336
f 4256//4256 4257//4257 4338//4338
f 4256//4256 4338//4338 4337//4337
f 4257//4257 4258//4258 4339//4339
f 4257//4257 4339//4339 4338//4338
f 4258//4258 4259//4259 4340//4340
f 4258//4258 4340//4340 4339//4339
f 4259//4259 4260//4260 4341//4341
f 4259//4259 4341//4341 4340//4340
f 4260//4260 4261//4261 4342//4342
f 4260//4260 4342//4342 4341//4341
f 4261//4261 4262//4262 4343//4343
f 4261//4261 4343//4343 4342//4342
f 4262//4262 4263//4263 4344//4344
f 4262//4262 4344//4344 4343//4343
f 4263//4263 4264//4264 4345//4345
f 4263//4263 4345//4345 4344//4344
f 4264//4264 4265//4265 4346//4346
f 4264//4264 4346//4346 4345//4345
f 4265//4265 4266//4266 4347//4347
f 4265//4265 4347//4347 4346//4346
f 4266//4266 4267//4267 4348//4348
f 4266//4266 4348//4348 4347//4347
f 4267//4267 4268//4268 4349//4349
f 4267//4267 4349//4349 4348//4348
f 4268//4268 4269//4269 4350//4350
f 4268//4268 4350//4350 4349//4349
f 4269//4269 4270//4270 4351//4351
f 4269//4269 4351//4351 4350//4350
f 4270//4270 4271//4271 4352//4352
f 4270//4270 4352//4352 4351//4351
f 4271//4271 4272//4272 4353//4353
f 4271//4271 4353//4353 4352//4352
f 4272//4272 4273//4273 4354//4354
f 4272//4272 4354//4354 4353//4353
f 4273//4273 4274//4274 4355//4355
f 4273//4273 4355//4355 4354//4354
f 4274//4274 4275//4275 4356//4356
f 4274//4274 4356//4356 4355//4355
f 4275//4275 4276//4276 4357//4357
f 4275//4275 4357//4357 4356//4356
f 4276//4276 4277//4277 4358//4358
f 4276//4276 4358//4358 4357//4357
f 4277//4277 4278//4278 4359//4359
f 4277//4277 4359//4359 4358//4358
f 4278//4278 4279//4279 4360//4360
f 4278//4278 4360//4360 4359//4359
f 4279//4279 4280//4280 4361//4361
f 4279//4279 4361//4361 4360//4360
f 4280//4280 4281//4281 4362//4362
f 4280//4280 4362//4362 4361//4361
f 4281//4281 4282//4282 4363//4363
f 4281//4281 4363//4363 4362//4362
f 4282//4282 4283//4283 4364//4364
f 4282//4282 4364//4364 4363//4363
f 4283//4283 4284//4284 4365//4365
f 4283//4283 4365//4365 4364//4364
f 4284//4284 4285//4285 4366//4366
f 4284//4284 4366//4366 4365//4365
f 4285//4285 4286//4286 4367//4367
f 4285//4285 4367//4367 4366//4366
f 4286//4286 4287//4287 4368//4368
f 4286//4286 4368//4368 4367//4367
f 4287//4287 4288//4288 4369//4369
f 4287//4287 4369//4369 4368//4368
f 4288//4288 4289//4289 4370//4370
f 4288//4288 4370//4370 4369//4369
f 4289//4289 4290//4290 4371//4371
f 4289//4289 4371//4371 4370//4370
f 4290//4290 4291//4291 4372//4372
f 4290//4290 4372//4372 4371//4371
f 4291//4291 4292//4292 4373//4373
f 4291//4291 4373//4373 4372//4372
f 4292//4292 4293//4293 4374//4374
f 4292//4292 4374//4374 4373//4373
f 4294//4294 4295//4295 4376//4376
f 4294//4294 4376//4376 4375//4375
f 4295//4295 4296//4296 4377//4377
f 4295//4295 4377//4377 4376//4376
f 4296//4296 4297//4297 4378//4378
f 4296//4296 4378//4378 4377//4377
f 4297//4297 4298//4298 4379//4379
f 4297//4297 4379//4379 4378//4378
f 4298//4298 4299//4299 4380//4380
f 4298//4298 4380//4380 4379//4379
f 4299//4299 4300//4300 4381//4381
f 4299//4299 4381//4381 4380//4380
f 4300//4300 4301//4301 4382//4382
f 4300//4300 4382//4382 4381//4381
f 4301//4301 4302//4302 4383//4383
f 4301//4301 4383//4383 4382//4382
f 4302//4302 4303//4303 4384//4384
f 4302//4302 4384//4384 4383//4383
f 4303//4303 4304//4304 4385//4385
f 4303//4303 4385//4385 4384//4384
f 4304//4304 4305//4305 4386//4386
f 4304//4304 4386//4386 4385//4385
f 4305//4305 4306//4306 4387//4387
f 4305//4305 4387//4387 4386//4386
f 4306//4306 4307//4307 4388//4388
f 4306//4306 4388//4388 4387//4387
f 4307//4307 4308//4308 4389//4389
f 4307//4307 4389//4389 4388//4388
f 4308//4308 4309//4309 4390//4390
f 4308//4308 4390//4390 4389//4389
f 4309//4309 4310//4310 4391//4391
f 4309//4309 4391//4391 4390//4390
f 4310//4310 4311//4311 4392//4392
f 4310//4310 4392//4392 4391//4391
f 4311//4311 4312//4312 4393//4393
f 4311//4311 4393//4393 4392//4392
f 4312//4312 4313//4313 4394//4394
f 4312//4312 4394//4394 4393//4393
f 4313//4313 4314//4314 4395//4395
f 4313//4313 4395//4395 4394//4394
f 4314//4314 4315//4315 4396//4396
f 4314//4314 4396//4396 4395//4395
f 4315//4315 4316//4316 4397//4397
f 4315//4315 4397//4397 4396//4396
f 4316//4316 4317//4317 4398//4398
f 4316//4316 4398//4398 4397//4397
f 4317//4317 4318//4318 4399//4399
f 4317//4317 4399//4399 4398//4398
f 4318//4318 4319//4319 4400//4400
f 4318//4318 4400//4400 4399//4399
f 4319//4319 4320//4320 4401//4401
f 4319//4319 4401//4401 4400//4400
f 4320//4320 4321//4321 4402//4402
f 4320//4320 4402//4402 4401//4401
f 4321//4321 4322//4322 4403//4403
f 4321//4321 4403//4403 4402//4402
f 4322//4322 4323//4323 4404//4404
f 4322//4322 4404//4404 4403//4403
f 4323//4323 4324//4324 4405//4405
f 4323//4323 4405//4405 4404//4404
f 4324//4324 4325//4325 4406//4406
f 4324//4324 4406//4406 4405//4405
f 4325//4325 4326//4326 4407//4407
f 4325//4325 4407//4407 4406//4406
f 4326//4326 4327//4327 4408//4408
f 4326//4326 4408//4408 4407//4407
f 4327//4327 4328//4328 4409//4409
f 4327//4327 4409//4409 4408//4408
f 4328//4328 4329//4329 4410//4410
f 4328//4328 4410//4410 4409//4409
f 4329//4329 4330//4330 4411//4411
f 4329//4329 4411//4411 4410//4410
f 4330//4330 4331//4331 4412//4412
f 4330//4330 4412//4412 4411//4411
f 4331//4331 4332//4332 4413//4413
f 4331//4331 4413//4413 4412//4412
f 4332//4332 4333//4333 4414//4414
f 4332//4332 4414//4414 4413//4413
f 4333//4333 4334//4334 4415//4415
f 4333//4333 4415//4415 4414//4414
f 4334//4334 4335//4335 4416//4416
f 4334//4334 4416//4416 4415//4415
f 4335//4335 4336//4336 4417//4417
f 4335//4335 4417//4417 4416//4416
f 4336//4336 4337//4337 4418//4418
f 4336//4336 4418//4418 4417//4417
f 4337//4337 4338//4338 4419//4419
f 4337//4337 4419//4419 4418//4418
f 4338//4338 4339//4339 4420//4420
f 4338//4338 4420//4420 4419//4419
f 4339//4339 4340//4340 4421//4421
f 4339//4339 4421//4421 4420//4420
f 4340//4340 4341//4341 4422//4422
f 4340//4340 4422//4422 4421//4421
f 4341//4341 4342//4342 4423//4423
f 4341//4341 4423//4423 4422//4422
f 4342//4342 4343//4343 4424//4424
f 4342//4342 4424//4424 4423//4423
f 4343//4343 4344//4344 4425//4425
f 4343//4343 4425//4425 4424//4424
f 4344//4344 4345//4345 4426//4426
f 4344//4344 4426//4426 4425//4425
f 4345//4345 4346//4346 4427//4427
f 4345//4345 4427//4427 4426//4426
f 4346//4346 4347//4347 4428//4428
f 4346//4346 4428//4428 4427//4427
f 4347//4347 4348//4348 4429//4429
f 4347//4347 4429//4429 4428//4428
f 4348//4348 4349//4349 4430//4430
f 4348//4348 4430//4430 4429//4429
f 4349//4349 4350//4350 4431//4431
f 4349//4349 4431//4431 4430//4430
f 4350//4350 4351//4351 4432//4432
f 4350//4350 4432//4432 4431//4431
f 4351//4351 4352//4352 4433//4433
f 4351//4351 4433//4433 4432//4432
f 4352//4352 4353//4353 4434//4434
f 4352//4352 4434//4434 4433//4433
f 4353//4353 4354//4354 4435//4435
f 4353//4353 4435//4435 4434//4434
f 4354//4354 4355//4355 4436//4436
f 4354//4354 4436//4436 4435//4435
f 4355//4355 4356//4356 4437//4437
f 4355//4355 4437//4437 4436//4436
f 4356//4356 4357//4357 4438//4438
f 4356//4356 4438//4438 4437//4437
f 4357//4357 4358//4358 4439//4439
f 4357//4357 4439//4439 4438//4438
f 4358//4358 4359//4359 4440//4440
f 4358//4358 4440//4440 4439//4439
f 4359//4359 4360//4360 4441//4441
f 4359//4359 4441//4441 4440//4440
f 4360//4360 4361//4361 4442//4442
f 4360//4360 4442//4442 4441//4441
f 4361//4361 4362//4362 4443//4443
f 4361//4361 4443//4443 4442//4442
f 4362//4362 4363//4363 4444//4444
f 4362//4362 4444//4444 4443//4443
f 4363//4363 4364//4364 4445//4445
f 4363//4363 4445//4445 4444//4444
f 4364//4364 4365//4365 4446//4446
f 4364//4364 4446//4446 4445//4445
f 4365//4365 4366//4366 4447//4447
f 4365//4365 4447//4447 4446//4446
f 4366//4366 4367//4367 4448//4448
f 4366//4366 4448//4448 4447//4447
f 4367//4367 4368//4368 4449//4449
f 4367//4367 4449//4449 4448//4448
f 4368//4368 4369//4369 4450//4450
f 4368//4368 4450//4450 4449//4449
f 4369//4369 4370//4370 4451//4451
f 4369//4369 4451//4451 4450//4450
f 4370//4370 4371//4371 4452//4452
f 4370//4370 4452//4452 4451//4451
f 4371//4371 4372//4372 4453//4453
f 4371//4371 4453//4453 4452//4452
f 4372//4372 4373//4373 4454//4454
f 4372//4372 4454//4454 4453//4453
f 4373//4373 4374//4374 4455//4455
f 4373//4373 4455//4455 4454//4454
f 4375//4375 4376//4376 4457//4457
f 4375//4375 4457//4457 4456//4456
f 4376//4376 4377//4377 4458//4458
f 4376//4376 4458//4458 4457//4457
f 4377//4377 4378//4378 4459//4459
f 4377//4377 4459//4459 4458//4458
f 4378//4378 4379//4379 4460//4460
f 4378//4378 4460//4460 4459//4459
f 4379//4379 4380//4380 4461//4461
f 4379//4379 4461//4461 4460//4460
f 4380//4380 4381//4381 4462//4462
f 4380//4380 4462//4462 4461//4461
f 4381//4381 4382//4382 4463//4463
f 4381//4381 4463//4463 4462//4462
f 4382//4382 4383//4383 4464//4464
f 4382//4382 4464//4464 4463//4463
f 4383//4383 4384//4384 4465//4465
f 4383//4383 4465//4465 4464//4464
f 4384//4384 4385//4385 4466//4466
f 4384//4384 4466//4466 4465//4465
f 4385//4385 4386//4386 4467//4467
f 4385//4385 4467//4467 4466//4466
f 4386//4386 4387//4387 4468//4468
f 4386//4386 4468//4468 4467//4467
f 4387//4387 4388//4388 4469//4469
f 4387//4387 4469//4469 4468//4468
f 4388//4388 4389//4389 4470//4470
f 4388//4388 4470//4470 4469//4469
f 4389//4389 4390//4390 4471//4471
f 4389//4389 4471//4471 4470//4470
f 4390//4390 4391//4391 4472//4472
f 4390//4390 4472//4472 4471//4471
f 4391//4391 4392//4392 4473//4473
f 4391//4391 4473//4473 4472//4472
f 4392//4392 4393//4393 4474//4474
f 4392//4392 4474//4474 4473//4473
f 4393//4393 4394//4394 4475//4475
f 4393//4393 4475//4475 4474//4474
f 4394//4394 4395//4395 4476//4476
f 4394//4394 4476//4476 4475//4475
f 4395//4395 4396//4396 4477//4477
f 4395//4395 4477//4477 4476//4476
f 4396//4396 4397//4397 4478//4478
f 4396//4396 4478//4478 4477//4477
f 4397//4397 4398//4398 4479//4479
f 4397//4397 4479//4479 4478//4478
f 4398//4398 4399//4399 4480//4480
f 4398//4398 4480//4480 4479//4479
f 4399//4399 4400//4400 4481//4481
f 4399//4399 4481//4481 4480//4480
f 4400//4400 4401//4401 4482//4482
f 4400//4400 4482//4482 4481//4481
f 4401//4401 4402//4402 4483//4483
f 4401//4401 4483//4483 4482//4482
f 4402//4402 4403//4403 4484//4484
f 4402//4402 4484//4484 4483//4483
f 4403//4403 4404//4404 4485//4485
f 4403//4403 4485//4485 4484//4484
f 4404//4404 4405//4405 4486//4486
f 4404//4404 4486//4486 4485//4485
f 4405//4405 4406//4406 4487//4487
f 4405//4405 4487//4487 4486//4486
f 4406//4406 4407//4407 4488//4488
f 4406//4406 4488//4488 4487//4487
f 4407//4407 4408//4408 4489//4489
f 4407//4407 4489//4489 4488//4488
f 4408//4408 4409//4409 4490//4490
f 4408//4408 4490//4490 4489//4489
f 4409//4409 4410//4410 4491//4491
f 4409//4409 4491//4491 4490//4490
f 4410//4410 4411//4411 4492//4492
f 4410//4410 4492//4492 4491//4491
f 4411//4411 4412//4412 4493//4493
f 4411//4411 4493//4493 4492//4492
f 4412//4412 4413//4413 4494//4494
f 4412//4412 4494//4494 4493//4493
f 4413//4413 4414//4414 4495//4495
f 4413//4413 4495//4495 4494//4494
f 4414//4414 4415//4415 4496//4496
f 4414//4414 4496//4496 4495//4495
f 4415//4415 4416//4416 4497//4497
f 4415//4415 4497//4497 4496//4496
f 4416//4416 4417//4417 4498//4498
f 4416//4416 4498//4498 4497//4497
f 4417//4417 4418//4418 4499//4499
f 4417//4417 4499//4499 4498//4498
f 4418//4418 4419//4419 4500//4500
f 4418//4418 4500//4500 4499//4499
f 4419//4419 4420//4420 4501//4501
f 4419//4419 4501//4501 4500//4500
f 4420//4420 4421//4421 4502//4502
f 4420//4420 4502//4502 4501//4501
f 4421//4421 4422//4422 4503//4503
f 4421//4421 4503//4503 4502//4502
f 4422//4422 4423//4423 4504//4504
f 4422//4422 4504//4504 4503//4503
f 4423//4423 4424//4424 4505//4505
f 4423//4423 4505//4505 4504//4504
f 4424//4424 4425//4425 4506//4506
f 4424//4424 4506//4506 4505//4505
f 4425//4425 4426//4426 4507//4507
f 4425//4425 4507//4507 4506//4506
f 4426//4426 4427//4427 4508//4508
f 4426//4426 4508//4508 4507//4507
f 4427//4427 4428//4428 4509//4509
f 4427//4427 4509//4509 4508//4508
f 4428//4428 4429//4429 4510//4510
f 4428//4428 4510//4510 4509//4509
f 4429//4429 4430//4430 4511//4511
f 4429//4429 4511//4511 4510//4510
f 4430//4430 4431//4431 4512//4512
f 4430//4430 4512//4512 4511//4511
f 4431//4431 4432//4432 4513//4513
f 4431//4431 4513//4513 4512//4512
f 4432//4432 4433//4433 4514//4514
f 4432//4432 4514//4514 4513//4513
f 4433//4433 4434//4434 4515//4515
f 4433//4433 4515//4515 4514//4514
f 4434//4434 4435//4435 4516//4516
f 4434//4434 4516//4516 4515//4515
f 4435//4435 4436//4436 4517//4517
f 4435//4435 4517//4517 4516//4516
f 4436//4436 4437//4437 4518//4518
f 4436//4436 4518//4518 4517//4517
f 4437//4437 4438//4438 4519//4519
f 4437//4437 4519//4519 4518//4518
f 4438//4438 4439//4439 4520//4520
f 4438//4438 4520//4520 4519//4519
f 4439//4439 4440//4440 4521//4521
f 4439//4439 4521//4521 4520//4520
f 4440//4440 4441//4441 4522//4522
f 4440//4440 4522//4522 4521//4521
f 4441//4441 4442//4442 4523//4523
f 4441//4441 4523//4523 4522//4522
f 4442//4442 4443//4443 4524//4524
f 4442//4442 4524//4524 4523//4523
f 4443//4443 4444//4444 4525//4525
f 4443//4443 4525//4525 4524//4524
f 4444//4444 4445//4445 4526//4526
f 4444//4444 4526//4526 4525//4525
f 4445//4445 4446//4446 4527//4527
f 4445//4445 4527//4527 4526//4526
f 4446//4446 4447//4447 4528//4528
f 4446//4446 4528//4528 4527//4527
f 4447//4447 4448//4448 4529//4529
f 4447//4447 4529//4529 4528//4528
f 4448//4448 4449//4449 4530//4530
f 4448//4448 4530//4530 4529//4529
f 4449//4449 4450//4450 4531//4531
f 4449//4449 4531//4531 4530//4530
f 4450//4450 4451//4451 4532//4532
f 4450//4450 4532//4532 4531//4531
f 4451//4451 4452//4452 4533//4533
f 4451//4451 4533//4533 4532//4532
f 4452//4452 4453//4453 4534//4534
f 4452//4452 4534//4534 4533//4533
f 4453//4453 4454//4454 4535//4535
f 4453//4453 4535//4535 4534//4534
f 4454//4454 4455//4455 4536//4536
f 4454//4454 4536//4536 4535//4535
f 4456//4456 4457//4457 4538//4538
f 4456//4456 4538//4538 4537//4537
f 4457//4457 4458//4458 4539//4539
f 4457//4457 4539//4539 4538//4538
f 4458//4458 4459//4459 4540//4540
f 4458//4458 4540//4540 4539//4539
f 4459//4459 4460//4460 4541//4541
f 4459//4459 4541//4541 4540//4540
f 4460//4460 4461//4461 4542//4542
f 4460//4460 4542//4542 4541//4541
f 4461//4461 4462//4462 4543//4543
f 4461//4461 4543//4543 4542//4542
f 4462//4462 4463//4463 4544//4544
f 4462//4462 4544//4544 4543//4543
f 4463//4463 4464//4464 4545//4545
f 4463//4463 4545//4545 4544//4544
f 4464//4464 4465//4465 4546//4546
f 4464//4464 4546//4546 4545//4545
f 4465//4465 4466//4466 4547//4547
f 4465//4465 4547//4547 4546//4546
f 4466//4466 4467//4467 4548//4548
f 4466//4466 4548//4548 4547//4547
f 4467//4467 4468//4468 4549//4549
f 4467//4467 4549//4549 4548//4548
f 4468//4468 4469//4469 4550//4550
f 4468//4468 4550//4550 4549//4549
f 4469//4469 4470//4470 4551//4551
f 4469//4469 4551//4551 4550//4550
f 4470//4470 4471//4471 4552//4552
f 4470//4470 4552//4552 4551//4551
f 4471//4471 4472//4472 4553//4553
f 4471//4471 4553//4553 4552//4552
f 4472//4472 4473//4473 4554//4554
f 4472//4472 4554//4554 4553//4553
f 4473//4473 4474//4474 4555//4555
f 4473//4473 4555//4555 4554//4554
f 4474//4474 4475//4475 4556//4556
f 4474//4474 4556//4556 4555//4555
f 4475//4475 4476//4476 4557//4557
f 4475//4475 4557//4557 4556//4556
f 4476//4476 4477//4477 4558//4558
f 4476//4476 4558//4558 4557//4557
f 4477//4477 4478//4478 4559//4559
f 4477//4477 4559//4559 4558//4558
f 4478//4478 4479//4479 4560//4560
f 4478//4478 4560//4560 4559//4559
f 4479//4479 4480//4480 4561//4561
f 4479//4479 4561//4561 4560//4560
f 4480//4480 4481//4481 4562//4562
f 4480//4480 4562//4562 4561//4561
f 4481//4481 4482//4482 4563//4563
f 4481//4481 4563//4563 4562//4562
f 4482//4482 4483//4483 4564//4564
f 4482//4482 4564//4564 4563//4563
f 4483//4483 4484//4484 4565//4565
f 4483//4483 4565//4565 4564//4564
f 4484//4484 4485//4485 4566//4566
f 4484//4484 4566//4566 4565//4565
f 4485//4485 4486//4486 4567//4567
f 4485//4485 4567//4567 4566//4566
f 4486//4486 4487//4487 4568//4568
f 4486//4486 4568//4568 4567//4567
f 4487//4487 4488//4488 4569//4569
f 4487//4487 4569//4569 4568//4568
f 4488//4488 4489//4489 4570//4570
f 4488//4488 4570//4570 4569//4569
f 4489//4489 4490//4490 4571//4571
f 4489//4489 4571//4571 4570//4570
f 4490//4490 4491//4491 4572//4572
f 4490//4490 4572//4572 4571//4571
f 4491//4491 4492//4492 4573//4573
f 4491//4491 4573//4573 4572//4572
f 4492//4492 4493//4493 4574//4574
f 4492//4492 4574//4574 4573//4573
f 4493//4493 4494//4494 4575//4575
f 4493//4493 4575//4575 4574//4574
f 4494//4494 4495//4495 4576//4576
f 4494//4494 4576//4576 4575//4575
f 4495//4495 4496//4496 4577//4577
f 4495//4495 4577//4577 4576//4576
f 4496//4496 4497//4497 4578//4578
f 4496//4496 4578//4578 4577//4577
f 4497//4497 4498//4498 4579//4579
f 4497//4497 4579//4579 4578//4578
f 4498//4498 4499//4499 4580//4580
f 4498//4498 4580//4580 4579//4579
f 4499//4499 4500//4500 4581//4581
f 4499//4499 4581//4581 4580//4580
f 4500//4500 4501//4501 4582//4582
f 4500//4500 4582//4582 4581//4581
f 4501//4501 4502//4502 4583//4583
f 4501//4501 4583//4583 4582//4582
f 4502//4502 4503//4503 4584//4584
f 4502//4502 4584//4584 4583//4583
f 4503//4503 4504//4504 4585//4585
f 4503//4503 4585//4585 4584//4584
f 4504//4504 4505//4505 4586//4586
f 4504//4504 4586//4586 4585//4585
f 4505//4505 4506//4506 4587//4587
f 4505//4505 4587//4587 4586//4586
f 4506//4506 4507//4507 4588//4588
f 4506//4506 4588//4588 4587//4587
f 4507//4507 4508//4508 4589//4589
f 4507//4507 4589//4589 4588//4588
f 4508//4508 4509//4509 4590//4590
f 4508//4508 4590//4590 4589//4589
f 4509//4509 4510//4510 4591//4591
f 4509//4509 4591//4591 4590//4590
f 4510//4510 4511//4511 4592//4592
f 4510//4510 4592//4592 4591//4591
f 4511//4511 4512//4512 4593//4593
f 4511//4511 4593//4593 4592//4592
f 4512//4512 4513//4513 4594//4594
f 4512//4512 4594//4594 4593//4593
f 4513//4513 4514//4514 4595//4595
f 4513//4513 4595//4595 4594//4594
f 4514//4514 4515//4515 4596//4596
f 4514//4514 4596//4596 4595//4595
f 4515//4515 4516//4516 4597//4597
f 4515//4515 4597//4597 4596//4596
f 4516//4516 4517//4517 4598//4598
f 4516//4516 4598//4598 4597//4597
f 4517//4517 4518//4518 4599//4599
f 4517//4517 4599//4599 4598//4598
f 4518//4518 4519//4519 4600//4600
f 4518//4518 4600//4600 4599//4599
f 4519//4519 4520//4520 4601//4601
f 4519//4519 4601//4601 4600//4600
f 4520//4520 4521//4521 4602//4602
f 4520//4520 4602//4602 4601//4601
f 4521//4521 4522//4522 4603//4603
f 4521//4521 4603//4603 4602//4602
f 4522//4522 4523//4523 4604//4604
f 4522//4522 4604//4604 4603//4603
f 4523//4523 4524//4524 4605//4605
f 4523//4523 4605//4605 4604//4604
f 4524//4524 4525//4525 4606//4606
f 4524//4524 4606//4606 4605//4605
f 4525//4525 4526//4526 4607//4607
f 4525//4525 4607//4607 4606//4606
f 4526//4526 4527//4527 4608//4608
f 4526//4526 4608//4608 4607//4607
f 4527//4527 4528//4528 4609//4609
f 4527//4527 4609//4609 4608//4608
f 4528//4528 4529//4529 4610//4610
f 4528//4528 4610//4610 4609//4609
f 4529//4529 4530//4530 4611//4611
f 4529//4529 4611//4611 4610//4610
f 4530//4530 4531//4531 4612//4612
f 4530//4530 4612//4612 4611//4611
f 4531//4531 4532//4532 4613//4613
f 4531//4531 4613//4613 4612//4612
f 4532//4532 4533//4533 4614//4614
f 4532//4532 4614//4614 4613//4613
f 4533//4533 4534//4534 4615//4615
f 4533//4533 4615//4615 4614//4614
f 4534//4534 4535//4535 4616//4616
f 4534//4534 4616//4616 4615//4615
f 4535//4535 4536//4536 4617//4617
f 4535//4535 4617//4617 4616//4616
f 4537//4537 4538//4538 4619//4619
f 4537//4537 4619//4619 4618//4618
f 4538//4538 4539//4539 4620//4620
f 4538//4538 4620//4620 4619//4619
f 4539//4539 4540//4540 4621//4621
f 4539//4539 4621//4621 4620//4620
f 4540//4540 4541//4541 4622//4622
f 4540//4540 4622//4622 4621//4621
f 4541//4541 4542//4542 4623//4623
f 4541//4541 4623//4623 4622//4622
f 4542//4542 4543//4543 4624//4624
f 4542//4542 4624//4624 4623//4623
f 4543//4543 4544//4544 4625//4625
f 4543//4543 4625//4625 4624//4624
f 4544//4544 4545//4545 4626//4626
f 4544//4544 4626//4626 4625//4625
f 4545//4545 4546//4546 4627//4627
f 4545//4545 4627//4627 4626//4626
f 4546//4546 4547//4547 4628//4628
f 4546//4546 4628//4628 4627//4627
f 4547//4547 4548//4548 4629//4629
f 4547//4547 4629//4629 4628//4628
f 4548//4548 4549//4549 4630//4630
f 4548//4548 4630//4630 4629//4629
f 4549//4549 4550//4550 4631//4631
f 4549//4549 4631//4631 4630//4630
f 4550//4550 4551//4551 4632//4632
f 4550//4550 4632//4632 4631//4631
f 4551//4551 4552//4552 4633//4633
f 4551//4551 4633//4633 4632//4632
f 4552//4552 4553//4553 4634//4634
f 4552//4552 4634//4634 4633//4633
f 4553//4553 4554//4554 4635//4635
f 4553//4553 4635//4635 4634//4634
f 4554//4554 4555//4555 4636//4636
f 4554//4554 4636//4636 4635//4635
f 4555//4555 4556//4556 4637//4637
f 4555//4555 4637//4637 4636//4636
f 4556//4556 4557//4557 4638//4638
f 4556//4556 4638//4638 4637//4637
f 4557//4557 4558//4558 4639//4639
f 4557//4557 4639//4639 4638//4638
f 4558//4558 4559//4559 4640//4640
f 4558//4558 4640//4640 4639//4639
f 4559//4559 4560//4560 4641//4641
f 4559//4559 4641//4641 4640//4640
f 4560//4560 4561//4561 4642//4642
f 4560//4560 4642//4642 4641//4641
f 4561//4561 4562//4562 4643//4643
f 4561//4561 4643//4643 4642//4642
f 4562//4562 4563//4563 4644//4644
f 4562//4562 4644//4644 4643//4643
f 4563//4563 4564//4564 4645//4645
f 4563//4563 4645//4645 4644//4644
f 4564//4564 4565//4565 4646//4646
f 4564//4564 4646//4646 4645//4645
f 4565//4565 4566//4566 4647//4647
f 4565//4565 4647//4647 4646//4646
f 4566//4566 4567//4567 4648//4648
f 4566//4566 4648//4648 4647//4647
f 4567//4567 4568//4568 4649//4649
f 4567//4567 4649//4649 4648//4648
f 4568//4568 4569//4569 4650//4650
f 4568//4568 4650//4650 4649//4649
f 4569//4569 4570//4570 4651//4651
f 4569//4569 4651//4651 4650//4650
f 4570//4570 4571//4571 4652//4652
f 4570//4570 4652//4652 4651//4651
f 4571//4571 4572//4572 4653//4653
f 4571//4571 4653//4653 4652//4652
f 4572//4572 4573//4573 4654//4654
f 4572//4572 4654//4654 4653//4653
f 4573//4573 4574//4574 4655//4655
f 4573//4573 4655//4655 4654//4654
f 4574//4574 4575//4575 4656//4656
f 4574//4574 4656//4656 4655//4655
f 4575//4575 4576//4576 4657//4657
f 4575//4575 4657//4657 4656//4656
f 4576//4576 4577//4577 4658//4658
f 4576//4576 4658//4658 4657//4657
f 4577//4577 4578//4578 4659//4659
f 4577//4577 4659//4659 4658//4658
f 4578//4578 4579//4579 4660//4660
f 4578//4578 4660//4660 4659//4659
f 4579//4579 4580//4580 4661//4661
f 4579//4579 4661//4661 4660//4660
f 4580//4580 4581//4581 4662//4662
f 4580//4580 4662//4662 4661//4661
f 4581//4581 4582//4582 4663//4663
f 4581//4581 4663//4663 4662//4662
f 4582//4582 4583//4583 4664//4664
f 4582//4582 4664//4664 4663//4663
f 4583//4583 4584//4584 4665//4665
f 4583//4583 4665//4665 4664//4664
f 4584//4584 4585//4585 4666//4666
f 4584//4584 4666//4666 4665//4665
f 4585//4585 4586//4586 4667//4667
f 4585//4585 4667//4667 4666//4666
f 4586//4586 4587//4587 4668//4668
f 4586//4586 4668//4668 4667//4667
f 4587//4587 4588//4588 4669//4669
f 4587//4587 4669//4669 4668//4668
f 4588//4588 4589//4589 4670//4670
f 4588//4588 4670//4670 4669//4669
f 4589//4589 4590//4590 4671//4671
f 4589//4589 4671//4671 4670//4670
f 4590//4590 4591//4591 4672//4672
f 4590//4590 4672//4672 4671//4671
f 4591//4591 4592//4592 4673//4673
f 4591//4591 4673//4673 4672//4672
f 4592//4592 4593//4593 4674//4674
f 4592//4592 4674//4674 4673//4673
f 4593//4593 4594//4594 4675//4675
f 4593//4593 4675//4675 4674//4674
f 4594//4594 4595//4595 4676//4676
f 4594//4594 4676//4676 4675//4675
f 4595//4595 4596//4596 4677//4677
f 4595//4595 4677//4677 4676//4676
f 4596//4596 4597//4597 4678//4678
f 4596//4596 4678//4678 4677//4677
f 4597//4597 4598//4598 4679//4679
f 4597//4597 4679//4679 4678//4678
f 4598//4598 4599//4599 4680//4680
f 4598//4598 4680//4680 4679//4679
f 4599//4599 4600//4600 4681//4681
f 4599//4599 4681//4681 4680//4680
f 4600//4600 4601//4601 4682//4682
f 4600//4600 4682//4682 4681//4681
f 4601//4601 4602//4602 4683//4683
f 4601//4601 4683//4683 4682//4682
f 4602//4602 4603//4603 4684//4684
f 4602//4602 4684//4684 4683//4683
f 4603//4603 4604//4604 4685//4685
f 4603//4603 4685//4685 4684//4684
f 4604//4604 4605//4605 4686//4686
f 4604//4604 4686//4686 4685//4685
f 4605//4605 4606//4606 4687//4687
f 4605//4605 4687//4687 4686//4686
f 4606//4606 4607//4607 4688//4688
f 4606//4606 4688//4688 4687//4687
f 4607//4607 4608//4608 4689//4689
f 4607//4607 4689//4689 4688//4688
f 4608//4608 4609//4609 4690//4690
f 4608//4608 4690//4690 4689//4689
f 4609//4609 4610//4610 4691//4691
f 4609//4609 4691//4691 4690//4690
f 4610//4610 4611//4611 4692//4692
f 4610//4610 4692//4692 4691//4691
f 4611//4611 4612//4612 4693//4693
f 4611//4611 4693//4693 4692//4692
f 4612//4612 4613//4613 4694//4694
f 4612//4612 4694//4694 4693//4693
f 4613//4613 4614//4614 4695//4695
f 4613//4613 4695//4695 4694//4694
f 4614//4614 4615//4615 4696//4696
f 4614//4614 4696//4696 4695//4695
f 4615//4615 4616//4616 4697//4697
f 4615//4615 4697//4697 4696//4696
f 4616//4616 4617//4617 4698//4698
f 4616//4616 4698//4698 4697//4697
f 4618//4618 4619//4619 4700//4700
f 4618//4618 4700//4700 4699//4699
f 4619//4619 4620//4620 4701//4701
f 4619//4619 4701//4701 4700//4700
f 4620//4620 4621//4621 4702//4702
f 4620//4620 4702//4702 4701//4701
f 4621//4621 4622//4622 4703//4703
f 4621//4621 4703//4703 4702//4702
f 4622//4622 4623//4623 4704//4704
f 4622//4622 4704//4704 4703//4703
f 4623//4623 4624//4624 4705//4705
f 4623//4623 4705//4705 4704//4704
f 4624//4624 4625//4625 4706//4706
f 4624//4624 4706//4706 4705//4705
f 4625//4625 4626//4626 4707//4707
f 4625//4625 4707//4707 4706//4706
f 4626//4626 4627//4627 4708//4708
f 4626//4626 4708//4708 4707//4707
f 4627//4627 4628//4628 4709//4709
f 4627//4627 4709//4709 4708//4708
f 4628//4628 4629//4629 4710//4710
f 4628//4628 4710//4710 4709//4709
f 4629//4629 4630//4630 4711//4711
f 4629//4629 4711//4711 4710//4710
f 4630//4630 4631//4631 4712//4712
f 4630//4630 4712//4712 4711//4711
f 4631//4631 4632//4632 4713//4713
f 4631//4631 4713//4713 4712//4712
f 4632//4632 4633//4633 4714//4714
f 4632//4632 4714//4714 4713//4713
f 4633//4633 4634//4634 4715//4715
f 4633//4633 4715//4715 4714//4714
f 4634//4634 4635//4635 4716//4716
f 4634//4634 4716//4716 4715//4715
f 4635//4635 4636//4636 4717//4717
f 4635//4635 4717//4717 4716//4716
f 4636//4636 4637//4637 4718//4718
f 4636//4636 4718//4718 4717//4717
f 4637//4637 4638//4638 4719//4719
f 4637//4637 4719//4719 4718//4718
f 4638//4638 4639//4639 4720//4720
f 4638//4638 4720//4720 4719//4719
f 4639//4639 4640//4640 4721//4721
f 4639//4639 4721//4721 4720//4720
f 4640//4640 4641//4641 4722//4722
f 4640//4640 4722//4722 4721//4721
f 4641//4641 4642//4642 4723//4723
f 4641//4641 4723//4723 4722//4722
f 4642//4642 4643//4643 4724//4724
f 4642//4642 4724//4724 4723//4723
f 4643//4643 4644//4644 4725//4725
f 4643//4643 4725//4725 4724//4724
f 4644//4644 4645//4645 4726//4726
f 4644//4644 4726//4726 4725//4725
f 4645//4645 4646//4646 4727//4727
f 4645//4645 4727//4727 4726//4726
f 4646//4646 4647//4647 4728//4728
f 4646//4646 4728//4728 4727//4727
f 4647//4647 4648//4648 4729//4729
f 4647//4647 4729//4729 4728//4728
f 4648//4648 4649//4649 4730//4730
f 4648//4648 4730//4730 4729//4729
f 4649//4649 4650//4650 4731//4731
f 4649//4649 4731//4731 4730//4730
f 4650//4650 4651//4651 4732//4732
f 4650//4650 4732//4732 4731//4731
f 4651//4651 4652//4652 4733//4733
f 4651//4651 4733//4733 4732//4732
f 4652//4652 4653//4653 4734//4734
f 4652//4652 4734//4734 4733//4733
f 4653//4653 4654//4654 4735//4735
f 4653//4653 4735//4735 4734//4734
f 4654//4654 4655//4655 4736//4736
f 4654//4654 4736//4736 4735//4735
f 4655//4655 4656//4656 4737//4737
f 4655//4655 4737//4737 4736//4736
f 4656//4656 4657//4657 4738//4738
f 4656//4656 4738//4738 4737//4737
f 4657//4657 4658//4658 4739//4739
f 4657//4657 4739//4739 4738//4738
f 4658//4658 4659//4659 4740//4740
f 4658//4658 4740//4740 4739//4739
f 4659//4659 4660//4660 4741//4741
f 4659//4659 4741//4741 4740//4740
f 4660//4660 4661//4661 4742//4742
f 4660//4660 4742//4742 4741//4741
f 4661//4661 4662//4662 4743//4743
f 4661//4661 4743//4743 4742//4742
f 4662//4662 4663//4663 4744//4744
f 4662//4662 4744//4744 4743//4743
f 4663//4663 4664//4664 4745//4745
f 4663//4663 4745//4745 4744//4744
f 4664//4664 4665//4665 4746//4746
f 4664//4664 4746//4746 4745//4745
f 4665//4665 4666//4666 4747//4747
f 4665//4665 4747//4747 4746//4746
f 4666//4666 4667//4667 4748//4748
f 4666//4666 4748//4748 4747//4747
f 4667//4667 4668//4668 4749//4749
f 4667//4667 4749//4749 4748//4748
f 4668//4668 4669//4669 4750//4750
f 4668//4668 4750//4750 4749//4749
f 4669//4669 4670//4670 4751//4751
f 4669//4669 4751//4751 4750//4750
f 4670//4670 4671//4671 4752//4752
f 4670//4670 4752//4752 4751//4751
f 4671//4671 4672//4672 4753//4753
f 4671//4671 4753//4753 4752//4752
f 4672//4672 4673//4673 4754//4754
f 4672//4672 4754//4754 4753//4753
f 4673//4673 4674//4674 4755//4755
f 4673//4673 4755//4755 4754//4754
f 4674//4674 4675//4675 4756//4756
f 4674//4674 4756//4756 4755//4755
f 4675//4675 4676//4676 4757//4757
f 4675//4675 4757//4757 4756//4756
f 4676//4676 4677//4677 4758//4758
f 4676//4676 4758//4758 4757//4757
f 4677//4677 4678//4678 4759//4759
f 4677//4677 4759//4759 4758//4758
f 4678//4678 4679//4679 4760//4760
f 4678//4678 4760//4760 4759//4759
f 4679//4679 4680//4680 4761//4761
f 4679//4679 4761//4761 4760//4760
f 4680//4680 4681//4681 4762//4762
f 4680//4680 4762//4762 4761//4761
f 4681//4681 4682//4682 4763//4763
f 4681//4681 4763//4763 4762//4762
f 4682//4682 4683//4683 4764//4764
f 4682//4682 4764//4764 4763//4763
f 4683//4683 4684//4684 4765//4765
f 4683//4683 4765//4765 4764//4764
f 4684//4684 4685//4685 4766//4766
f 4684//4684 4766//4766 4765//4765
f 4685//4685 4686//4686 4767//4767
f 4685//4685 4767//4767 4766//4766
f 4686//4686 4687//4687 4768//4768
f 4686//4686 4768//4768 4767//4767
f 4687//4687 4688//4688 4769//4769
f 4687//4687 4769//4769 4768//4768
f 4688//4688 4689//4689 4770//4770
f 4688//4688 4770//4770 4769//4769
f 4689//4689 4690//4690 4771//4771
f 4689//4689 4771//4771 4770//4770
f 4690//4690 4691//4691 4772//4772
f 4690//4690 4772//4772 4771//4771
f 4691//4691 4692//4692 4773//4773
f 4691//4691 4773//4773 4772//4772
f 4692//4692 4693//4693 4774//4774
f 4692//4692 4774//4774 4773//4773
f 4693//4693 4694//4694 4775//4775
f 4693//4693 4775//4775 4774//4774
f 4694//4694 4695//4695 4776//4776
f 4694//4694 4776//4776 4775//4775
f 4695//4695 4696//4696 4777//4777
f 4695//4695 4777//4777 4776//4776
f 4696//4696 4697//4697 4778//4778
f 4696//4696 4778//4778 4777//4777
f 4697//4697 4698//4698 4779//4779
f 4697//4697 4779//4779 4778//4778
f 4699//4699 4700//4700 4781//4781
f 4699//4699 4781//4781 4780//4780
f 4700//4700 4701//4701 4782//4782
f 4700//4700 4782//4782 4781//4781
f 4701//4701 4702//4702 4783//4783
f 4701//4701 4783//4783 4782//4782
f 4702//4702 4703//4703 4784//4784
f 4702//4702 4784//4784 4783//4783
f 4703//4703 4704//4704 4785//4785
f 4703//4703 4785//4785 4784//4784
f 4704//4704 4705//4705 4786//4786
f 4704//4704 4786//4786 4785//4785
f 4705//4705 4706//4706 4787//4787
f 4705//4705 4787//4787 4786//4786
f 4706//4706 4707//4707 4788//4788
f 4706//4706 4788//4788 4787//4787
f 4707//4707 4708//4708 4789//4789
f 4707//4707 4789//4789 4788//4788
f 4708//4708 4709//4709 4790//4790
f 4708//4708 4790//4790 4789//4789
f 4709//4709 4710//4710 4791//4791
f 4709//4709 4791//4791 4790//4790
f 4710//4710 4711//4711 4792//4792
f 4710//4710 4792//4792 4791//4791
f 4711//4711 4712//4712 4793//4793
f 4711//4711 4793//4793 4792//4792
f 4712//4712 4713//4713 4794//4794
f 4712//4712 4794//4794 4793//4793
f 4713//4713 4714//4714 4795//4795
f 4713//4713 4795//4795 4794//4794
f 4714//4714 4715//4715 4796//4796
f 4714//4714 4796//4796 4795//4795
f 4715//4715 4716//4716 4797//4797
f 4715//4715 4797//4797 4796//4796
f 4716//4716 4717//4717 4798//4798
f 4716//4716 4798//4798 4797//4797
f 4717//4717 4718//4718 4799//4799
f 4717//4717 4799//4799 4798//4798
f 4718//4718 4719//4719 4800//4800
f 4718//4718 4800//4800 4799//4799
f 4719//4719 4720//4720 4801//4801
f 4719//4719 4801//4801 4800//4800
f 4720//4720 4721//4721 4802//4802
f 4720//4720 4802//4802 4801//4801
f 4721//4721 4722//4722 4803//4803
f 4721//4721 4803//4803 4802//4802
f 4722//4722 4723//4723 4804//4804
f 4722//4722 4804//4804 4803//4803
f 4723//4723 4724//4724 4805//4805
f 4723//4723 4805//4805 4804//4804
f 4724//4724 4725//4725 4806//4806
f 4724//4724 4806//4806 4805//4805
f 4725//4725 4726//4726 4807//4807
f 4725//4725 4807//4807 4806//4806
f 4726//4726 4727//4727 4808//4808
f 4726//4726 4808//4808 4807//4807
f 4727//4727 4728//4728 4809//4809
f 4727//4727 4809//4809 4808//4808
f 4728//4728 4729//4729 4810//4810
f 4728//4728 4810//4810 4809//4809
f 4729//4729 4730//4730 4811//4811
f 4729//4729 4811//4811 4810//4810
f 4730//4730 4731//4731 4812//4812
f 4730//4730 4812//4812 4811//4811
f 4731//4731 4732//4732 4813//4813
f 4731//4731 4813//4813 4812//4812
f 4732//4732 4733//4733 4814//4814
f 4732//4732 4814//4814 4813//4813
f 4733//4733 4734//4734 4815//4815
f 4733//4733 4815//4815 4814//4814
f 4734//4734 4735//4735 4816//4816
f 4734//4734 4816//4816 4815//4815
f 4735//4735 4736//4736 4817//4817
f 4735//4735 4817//4817 4816//4816
f 4736//4736 4737//4737 4818//4818
f 4736//4736 4818//4818 4817//4817
f 4737//4737 4738//4738 4819//4819
f 4737//4737 4819//4819 4818//4818
f 4738//4738 4739//4739 4820//4820
f 4738//4738 4820//4820 4819//4819
f 4739//4739 4740//4740 4821//4821
f 4739//4739 4821//4821 4820//4820
f 4740//4740 4741//4741 4822//4822
f 4740//4740 4822//4822 4821//4821
f 4741//4741 4742//4742 4823//4823
f 4741//4741 4823//4823 4822//4822
f 4742//4742 4743//4743 4824//4824
f 4742//4742 4824//4824 4823//4823
f 4743//4743 4744//4744 4825//4825
f 4743//4743 4825//4825 4824//4824
f 4744//4744 4745//4745 4826//4826
f 4744//4744 4826//4826 4825//4825
f 4745//4745 4746//4746 4827//4827
f 4745//4745 4827//4827 4826//4826
f 4746//4746 4747//4747 4828//4828
f 4746//4746 4828//4828 4827//4827
f 4747//4747 4748//4748 4829//4829
f 4747//4747 4829//4829 4828//4828
f 4748//4748 4749//4749 4830//4830
f 4748//4748 4830//4830 4829//4829
f 4749//4749 4750//4750 4831//4831
f 4749//4749 4831//4831 4830//4830
f 4750//4750 4751//4751 4832//4832
f 4750//4750 4832//4832 4831//4831
f 4751//4751 4752//4752 4833//4833
f 4751//4751 4833//4833 4832//4832
f 4752//4752 4753//4753 4834//4834
f 4752//4752 4834//4834 4833//4833
f 4753//4753 4754//4754 4835//4835
f 4753//4753 4835//4835 4834//4834
f 4754//4754 4755//4755 4836//4836
f 4754//4754 4836//4836 4835//4835
f 4755//4755 4756//4756 4837//4837
f 4755//4755 4837//4837 4836//4836
f 4756//4756 4757//4757 4838//4838
f 4756//4756 4838//4838 4837//4837
f 4757//4757 4758//4758 4839//4839
f 4757//4757 4839//4839 4838//4838
f 4758//4758 4759//4759 4840//4840
f 4758//4758 4840//4840 4839//4839
f 4759//4759 4760//4760 4841//4841
f 4759//4759 4841//4841 4840//4840
f 4760//4760 4761//4761 4842//4842
f 4760//4760 4842//4842 4841//4841
f 4761//4761 4762//4762 4843//4843
f 4761//4761 4843//4843 4842//4842
f 4762//4762 4763//4763 4844//4844
f 4762//4762 4844//4844 4843//4843
f 4763//4763 4764//4764 4845//4845
f 4763//4763 4845//4845 4844//4844
f 4764//4764 4765//4765 4846//4846
f 4764//4764 4846//4846 4845//4845
f 4765//4765 4766//4766 4847//4847
f 4765//4765 4847//4847 4846//4846
f 4766//4766 4767//4767 4848//4848
f 4766//4766 4848//4848 4847//4847
f 4767//4767 4768//4768 4849//4849
f 4767//4767 4849//4849 4848//4848
f 4768//4768 4769//4769 4850//4850
f 4768//4768 4850//4850 4849//4849
f 4769//4769 4770//4770 4851//4851
f 4769//4769 4851//4851 4850//4850
f 4770//4770 4771//4771 4852//4852
f 4770//4770 4852//4852 4851//4851
f 4771//4771 4772//4772 4853//4853
f 4771//4771 4853//4853 4852//4852
f 4772//4772 4773//4773 4854//4854
f 4772//4772 4854//4854 4853//4853
f 4773//4773 4774//4774 4855//4855
f 4773//4773 4855//4855 4854//4854
f 4774//4774 4775//4775 4856//4856
f 4774//4774 4856//4856 4855//4855
f 4775//4775 4776//4776 4857//4857
f 4775//4775 4857//4857 4856//4856
f 4776//4776 4777//4777 4858//4858
f 4776//4776 4858//4858 4857//4857
f 4777//4777 4778//4778 4859//4859
f 4777//4777 4859//4859 4858//4858
f 4778//4778 4779//4779 4860//4860
f 4778//4778 4860//4860 4859//4859
f 4780//4780 4781//4781 4862//4862
f 4780//4780 4862//4862 4861//4861
f 4781//4781 4782//4782 4863//4863
f 4781//4781 4863//4863 4862//4862
f 4782//4782 4783//4783 4864//4864
f 4782//4782 4864//4864 4863//4863
f 4783//4783 4784//4784 4865//4865
f 4783//4783 4865//4865 4864//4864
f 4784//4784 4785//4785 4866//4866
f 4784//4784 4866//4866 4865//4865
f 4785//4785 4786//4786 4867//4867
f 4785//4785 4867//4867 4866//4866
f 4786//4786 4787//4787 4868//4868
f 4786//4786 4868//4868 4867//4867
f 4787//4787 4788//4788 4869//4869
f 4787//4787 4869//4869 4868//4868
f 4788//4788 4789//4789 4870//4870
f 4788//4788 4870//4870 4869//4869
f 4789//4789 4790//4790 4871//4871
f 4789//4789 4871//4871 4870//4870
f 4790//4790 4791//4791 4872//4872
f 4790//4790 4872//4872 4871//4871
f 4791//4791 4792//4792 4873//4873
f 4791//4791 4873//4873 4872//4872
f 4792//4792 4793//4793 4874//4874
f 4792//4792 4874//4874 4873//4873
f 4793//4793 4794//4794 4875//4875
f 4793//4793 4875//4875 4874//4874
f 4794//4794 4795//4795 4876//4876
f 4794//4794 4876//4876 4875//4875
f 4795//4795 4796//4796 4877//4877
f 4795//4795 4877//4877 4876//4876
f 4796//4796 4797//4797 4878//4878
f 4796//4796 4878//4878 4877//4877
f 4797//4797 4798//4798 4879//4879
f 4797//4797 4879//4879 4878//4878
f 4798//4798 4799//4799 4880//4880
f 4798//4798 4880//4880 4879//4879
f 4799//4799 4800//4800 4881//4881
f 4799//4799 4881//4881 4880//4880
f 4800//4800 4801//4801 4882//4882
f 4800//4800 4882//4882 4881//4881
f 4801//4801 4802//4802 4883//4883
f 4801//4801 4883//4883 4882//4882
f 4802//4802 4803//4803 4884//4884
f 4802//4802 4884//4884 4883//4883
f 4803//4803 4804//4804 4885//4885
f 4803//4803 4885//4885 4884//4884
f 4804//4804 4805//4805 4886//4886
f 4804//4804 4886//4886 4885//4885
f 4805//4805 4806//4806 4887//4887
f 4805//4805 4887//4887 4886//4886
f 4806//4806 4807//4807 4888//4888
f 4806//4806 4888//4888 4887//4887
f 4807//4807 4808//4808 4889//4889
f 4807//4807 4889//4889 4888//4888
f 4808//4808 4809//4809 4890//4890
f 4808//4808 4890//4890 4889//4889
f 4809//4809 4810//4810 4891//4891
f 4809//4809 4891//4891 4890//4890
f 4810//4810 4811//4811 4892//4892
f 4810//4810 4892//4892 4891//4891
f 4811//4811 4812//4812 4893//4893
f 4811//4811 4893//4893 4892//4892
f 4812//4812 4813//4813 4894//4894
f 4812//4812 4894//4894 4893//4893
f 4813//4813 4814//4814 4895//4895
f 4813//4813 4895//4895 4894//4894
f 4814//4814 4815//4815 4896//4896
f 4814//4814 4896//4896 4895//4895
f 4815//4815 4816//4816 4897//4897
f 4815//4815 4897//4897 4896//4896
f 4816//4816 4817//4817 4898//4898
f 4816//4816 4898//4898 4897//4897
f 4817//4817 4818//4818 4899//4899
f 4817//4817 4899//4899 4898//4898
f 4818//4818 4819//4819 4900//4900
f 4818//4818 4900//4900 4899//4899
f 4819//4819 4820//4820 4901//4901
f 4819//4819 4901//4901 4900//4900
f 4820//4820 4821//4821 4902//4902
f 4820//4820 4902//4902 4901//4901
f 4821//4821 4822//4822 4903//4903
f 4821//4821 4903//4903 4902//4902
f 4822//4822 4823//4823 4904//4904
f 4822//4822 4904//4904 4903//4903
f 4823//4823 4824//4824 4905//4905
f 4823//4823 4905//4905 4904//4904
f 4824//4824 4825//4825 4906//4906
f 4824//4824 4906//4906 4905//4905
f 4825//4825 4826//4826 4907//4907
f 4825//4825 4907//4907 4906//4906
f 4826//4826 4827//4827 4908//4908
f 4826//4826 4908//4908 4907//4907
f 4827//4827 4828//4828 4909//4909
f 4827//4827 4909//4909 4908//4908
f 4828//4828 4829//4829 4910//4910
f 4828//4828 4910//4910 4909//4909
f 4829//4829 4830//4830 4911//4911
f 4829//4829 4911//4911 4910//4910
f 4830//4830 4831//4831 4912//4912
f 4830//4830 4912//4912 4911//4911
f 4831//4831 4832//4832 4913//4913
f 4831//4831 4913//4913 4912//4912
f 4832//4832 4833//4833 4914//4914
f 4832//4832 4914//4914 4913//4913
f 4833//4833 4834//4834 4915//4915
f 4833//4833 4915//4915 4914//4914
f 4834//4834 4835//4835 4916//4916
f 4834//4834 4916//4916 4915//4915
f 4835//4835 4836//4836 4917//4917
f 4835//4835 4917//4917 4916//4916
f 4836//4836 4837//4837 4918//4918
f 4836//4836 4918//4918 4917//4917
f 4837//4837 4838//4838 4919//4919
f 4837//4837 4919//4919 4918//4918
f 4838//4838 4839//4839 4920//4920
f 4838//4838 4920//4920 4919//4919
f 4839//4839 4840//4840 4921//4921
f 4839//4839 4921//4921 4920//4920
f 4840//4840 4841//4841 4922//4922
f 4840//4840 4922//4922 4921//4921
f 4841//4841 4842//4842 4923//4923
f 4841//4841 4923//4923 4922//4922
f 4842//4842 4843//4843 4924//4924
f 4842//4842 4924//4924 4923//4923
f 4843//4843 4844//4844 4925//4925
f 4843//4843 4925//4925 4924//4924
f 4844//4844 4845//4845 4926//4926
f 4844//4844 4926//4926 4925//4925
f 4845//4845 4846//4846 4927//4927
f 4845//4845 4927//4927 4926//4926
f 4846//4846 4847//4847 4928//4928
f 4846//4846 4928//4928 4927//4927
f 4847//4847 4848//4848 4929//4929
f 4847//4847 4929//4929 4928//4928
f 4848//4848 4849//4849 4930//4930
f 4848//4848 4930//4930 4929//4929
f 4849//4849 4850//4850 4931//4931
f 4849//4849 4931//4931 4930//4930
f 4850//4850 4851//4851 4932//4932
f 4850//4850 4932//4932 4931//4931
f 4851//4851 4852//4852 4933//4933
f 4851//4851 4933//4933 4932//4932
f 4852//4852 4853//4853 4934//4934
f 4852//4852 4934//4934 4933//4933
f 4853//4853 4854//4854 4935//4935
f 4853//4853 4935//4935 4934//4934
f 4854//4854 4855//4855 4936//4936
f 4854//4854 4936//4936 4935//4935
f 4855//4855 4856//4856 4937//4937
f 4855//4855 4937//4937 4936//4936
f 4856//4856 4857//4857 4938//4938
f 4856//4856 4938//4938 4937//4937
f 4857//4857 4858//4858 4939//4939
f 4857//4857 4939//4939 4938//4938
f 4858//4858 4859//4859 4940//4940
f 4858//4858 4940//4940 4939//4939
f 4859//4859 4860//4860 4941//4941
f 4859//4859 4941//4941 4940//4940
f 4861//4861 4862//4862 4943//4943
f 4861//4861 4943//4943 4942//4942
f 4862//4862 4863//4863 4944//4944
f 4862//4862 4944//4944 4943//4943
f 4863//4863 4864//4864 4945//4945
f 4863//4863 4945//4945 4944//4944
f 4864//4864 4865//4865 4946//4946
f 4864//4864 4946//4946 4945//4945
f 4865//4865 4866//4866 4947//4947
f 4865//4865 4947//4947 4946//4946
f 4866//4866 4867//4867 4948//4948
f 4866//4866 4948//4948 4947//4947
f 4867//4867 4868//4868 4949//4949
f 4867//4867 4949//4949 4948//4948
f 4868//4868 4869//4869 4950//4950
f 4868//4868 4950//4950 4949//4949
f 4869//4869 4870//4870 4951//4951
f 4869//4869 4951//4951 4950//4950
f 4870//4870 4871//4871 4952//4952
f 4870//4870 4952//4952 4951//4951
f 4871//4871 4872//4872 4953//4953
f 4871//4871 4953//4953 4952//4952
f 4872//4872 4873//4873 4954//4954
f 4872//4872 4954//4954 4953//4953
f 4873//4873 4874//4874 4955//4955
f 4873//4873 4955//4955 4954//4954
f 4874//4874 4875//4875 4956//4956
f 4874//4874 4956//4956 4955//4955
f 4875//4875 4876//4876 4957//4957
f 4875//4875 4957//4957 4956//4956
f 4876//4876 4877//4877 4958//4958
f 4876//4876 4958//4958 4957//4957
f 4877//4877 4878//4878 4959//4959
f 4877//4877 4959//4959 4958//4958
f 4878//4878 4879//4879 4960//4960
f 4878//4878 4960//4960 4959//4959
f 4879//4879 4880//4880 4961//4961
f 4879//4879 4961//4961 4960//4960
f 4880//4880 4881//4881 4962//4962
f 4880//4880 4962//4962 4961//4961
f 4881//4881 4882//4882 4963//4963
f 4881//4881 4963//4963 4962//4962
f 4882//4882 4883//4883 4964//4964
f 4882//4882 4964//4964 4963//4963
f 4883//4883 4884//4884 4965//4965
f 4883//4883 4965//4965 4964//4964
f 4884//4884 4885//4885 4966//4966
f 4884//4884 4966//4966 4965//4965
f 4885//4885 4886//4886 4967//4967
f 4885//4885 4967//4967 4966//4966
f 4886//4886 4887//4887 4968//4968
f 4886//4886 4968//4968 4967//4967
f 4887//4887 4888//4888 4969//4969
f 4887//4887 4969//4969 4968//4968
f 4888//4888 4889//4889 4970//4970
f 4888//4888 4970//4970 4969//4969
f 4889//4889 4890//4890 4971//4971
f 4889//4889 4971//4971 4970//4970
f 4890//4890 4891//4891 4972//4972
f 4890//4890 4972//4972 4971//4971
f 4891//4891 4892//4892 4973//4973
f 4891//4891 4973//4973 4972//4972
f 4892//4892 4893//4893 4974//4974
f 4892//4892 4974//4974 4973//4973
f 4893//4893 4894//4894 4975//4975
f 4893//4893 4975//4975 4974//4974
f 4894//4894 4895//4895 4976//4976
f 4894//4894 4976//4976 4975//4975
f 4895//4895 4896//4896 4977//4977
f 4895//4895 4977//4977 4976//4976
f 4896//4896 4897//4897 4978//4978
f 4896//4896 4978//4978 4977//4977
f 4897//4897 4898//4898 4979//4979
f 4897//4897 4979//4979 4978//4978
f 4898//4898 4899//4899 4980//4980
f 4898//4898 4980//4980 4979//4979
f 4899//4899 4900//4900 4981//4981
f 4899//4899 4981//4981 4980//4980
f 4900//4900 4901//4901 4982//4982
f 4900//4900 4982//4982 4981//4981
f 4901//4901 4902//4902 4983//4983
f 4901//4901 4983//4983 4982//4982
f 4902//4902 4903//4903 4984//4984
f 4902//4902 4984//4984 4983//4983
f 4903//4903 4904//4904 4985//4985
f 4903//4903 4985//4985 4984//4984
f 4904//4904 4905//4905 4986//4986
f 4904//4904 4986//4986 4985//4985
f 4905//4905 4906//4906 4987//4987
f 4905//4905 4987//4987 4986//4986
f 4906//4906 4907//4907 4988//4988
f 4906//4906 4988//4988 4987//4987
f 4907//4907 4908//4908 4989//4989
f 4907//4907 4989//4989 4988//4988
f 4908//4908 4909//4909 4990//4990
f 4908//4908 4990//4990 4989//4989
f 4909//4909 4910//4910 4991//4991
f 4909//4909 4991//4991 4990//4990
f 4910//4910 4911//4911 4992//4992
f 4910//4910 4992//4992 4991//4991
f 4911//4911 4912//4912 4993//4993
f 4911//4911 4993//4993 4992//4992
f 4912//4912 4913//4913 4994//4994
f 4912//4912 4994//4994 4993//4993
f 4913//4913 4914//4914 4995//4995
f 4913//4913 4995//4995 4994//4994
f 4914//4914 4915//4915 4996//4996
f 4914//4914 4996//4996 4995//4995
f 4915//4915 4916//4916 4997//4997
f 4915//4915 4997//4997 4996//4996
f 4916//4916 4917//4917 4998//4998
f 4916//4916 4998//4998 4997//4997
f 4917//4917 4918//4918 4999//4999
f 4917//4917 4999//4999 4998//4998
f 4918//4918 4919//4919 5000//5000
f 4918//4918 5000//5000 4999//4999
f 4919//4919 4920//4920 5001//5001
f 4919//4919 5001//5001 5000//5000
f 4920//4920 4921//4921 5002//5002
f 4920//4920 5002//5002 5001//5001
f 4921//4921 4922//4922 5003//5003
f 4921//4921 5003//5003 5002//5002
f 4922//4922 4923//4923 5004//5004
f 4922//4922 5004//5004 5003//5003
f 4923//4923 4924//4924 5005//5005
f 4923//4923 5005//5005 5004//5004
f 4924//4924 4925//4925 5006//5006
f 4924//4924 5006//5006 5005//5005
f 4925//4925 4926//4926 5007//5007
f 4925//4925 5007//5007 5006//5006
f 4926//4926 4927//4927 5008//5008
f 4926//4926 5008//5008 5007//5007
f 4927//4927 4928//4928 5009//5009
f 4927//4927 5009//5009 5008//5008
f 4928//4928 4929//4929 5010//5010
f 4928//4928 5010//5010 5009//5009
f 4929//4929 4930//4930 5011//5011
f 4929//4929 5011//5011 5010//5010
f 4930//4930 4931//4931 5012//5012
f 4930//4930 5012//5012 5011//5011
f 4931//4931 4932//4932 5013//5013
f 4931//4931 5013//5013 5012//5012
f 4932//4932 4933//4933 5014//5014
f 4932//4932 5014//5014 5013//5013
f 4933//4933 4934//4934 5015//5015
f 4933//4933 5015//5015 5014//5014
f 4934//4934 4935//4935 5016//5016
f 4934//4934 5016//5016 5015//5015
f 4935//4935 4936//4936 5017//5017
f 4935//4935 5017//5017 5016//5016
f 4936//4936 4937//4937 5018//5018
f 4936//4936 5018//5018 5017//5017
f 4937//4937 4938//4938 5019//5019
f 4937//4937 5019//5019 5018//5018
f 4938//4938 4939//4939 5020//5020
f 4938//4938 5020//5020 5019//5019
f 4939//4939 4940//4940 5021//5021
f 4939//4939 5021//5021 5020//5020
f 4940//4940 4941//4941 5022//5022
f 4940//4940 5022//5022 5021//5021
f 4942//4942 4943//4943 5024//5024
f 4942//4942 5024//5024 5023//5023
f 4943//4943 4944//4944 5025//5025
f 4943//4943 5025//5025 5024//5024
f 4944//4944 4945//4945 5026//5026
f 4944//4944 5026//5026 5025//5025
f 4945//4945 4946//4946 5027//5027
f 4945//4945 5027//5027 5026//5026
f 4946//4946 4947//4947 5028//5028
f 4946//4946 5028//5028 5027//5027
f 4947//4947 4948//4948 5029//5029
f 4947//4947 5029//5029 5028//5028
f 4948//4948 4949//4949 5030//5030
f 4948//4948 5030//5030 5029//5029
f 4949//4949 4950//4950 5031//5031
f 4949//4949 5031//5031 5030//5030
f 4950//4950 4951//4951 5032//5032
f 4950//4950 5032//5032 5031//5031
f 4951//4951 4952//4952 5033//5033
f 4951//4951 5033//5033 5032//5032
f 4952//4952 4953//4953 5034//5034
f 4952//4952 5034//5034 5033//5033
f 4953//4953 4954//4954 5035//5035
f 4953//4953 5035//5035 5034//5034
f 4954//4954 4955//4955 5036//5036
f 4954//4954 5036//5036 5035//5035
f 4955//4955 4956//4956 5037//5037
f 4955//4955 5037//5037 5036//5036
f 4956//4956 4957//4957 5038//5038
f 4956//4956 5038//5038 5037//5037
f 4957//4957 4958//4958 5039//5039
f 4957//4957 5039//5039 5038//5038
f 4958//4958 4959//4959 5040//5040
f 4958//4958 5040//5040 5039//5039
f 4959//4959 4960//4960 5041//5041
f 4959//4959 5041//5041 5040//5040
f 4960//4960 4961//4961 5042//5042
f 4960//4960 5042//5042 5041//5041
f 4961//4961 4962//4962 5043//5043
f 4961//4961 5043//5043 5042//5042
f 4962//4962 4963//4963 5044//5044
f 4962//4962 5044//5044 5043//5043
f 4963//4963 4964//4964 5045//5045
f 4963//4963 5045//5045 5044//5044
f 4964//4964 4965//4965 5046//5046
f 4964//4964 5046//5046 5045//5045
f 4965//4965 4966//4966 5047//5047
f 4965//4965 5047//5047 5046//5046
f 4966//4966 4967//4967 5048//5048
f 4966//4966 5048//5048 5047//5047
f 4967//4967 4968//4968 5049//5049
f 4967//4967 5049//5049 5048//5048
f 4968//4968 4969//4969 5050//5050
f 4968//4968 5050//5050 5049//5049
f 4969//4969 4970//4970 5051//5051
f 4969//4969 5051//5051 5050//5050
f 4970//4970 4971//4971 5052//5052
f 4970//4970 5052//5052 5051//5051
f 4971//4971 4972//4972 5053//5053
f 4971//4971 5053//5053 5052//5052
f 4972//4972 4973//4973 5054//5054
f 4972//4972 5054//5054 5053//5053
f 4973//4973 4974//4974 5055//5055
f 4973//4973 5055//5055 5054//5054
f 4974//4974 4975//4975 5056//5056
f 4974//4974 5056//5056 5055//5055
f 4975//4975 4976//4976 5057//5057
f 4975//4975 5057//5057 5056//5056
f 4976//4976 4977//4977 5058//5058
f 4976//4976 5058//5058 5057//5057
f 4977//4977 4978//4978 5059//5059
f 4977//4977 5059//5059 5058//5058
f 4978//4978 4979//4979 5060//5060
f 4978//4978 5060//5060 5059//5059
f 4979//4979 4980//4980 5061//5061
f 4979//4979 5061//5061 5060//5060
f 4980//4980 4981//4981 5062//5062
f 4980//4980 5062//5062 5061//5061
f 4981//4981 4982//4982 5063//5063
f 4981//4981 5063//5063 5062//5062
f 4982//4982 4983//4983 5064//5064
f 4982//4982 5064//5064 5063//5063
f 4983//4983 4984//4984 5065//5065
f 4983//4983 5065//5065 5064//5064
f 4984//4984 4985//4985 5066//5066
f 4984//4984 5066//5066 5065//5065
f 4985//4985 4986//4986 5067//5067
f 4985//4985 5067//5067 5066//5066
f 4986//4986 4987//4987 5068//5068
f 4986//4986 5068//5068 5067//5067
f 4987//4987 4988//4988 5069//5069
f 4987//4987 5069//5069 5068//5068
f 4988//4988 4989//4989 5070//5070
f 4988//4988 5070//5070 5069//5069
f 4989//4989 4990//4990 5071//5071
f 4989//4989 5071//5071 5070//5070
f 4990//4990 4991//4991 5072//5072
f 4990//4990 5072//5072 5071//5071
f 4991//4991 4992//4992 5073//5073
f 4991//4991 5073//5073 5072//5072
f 4992//4992 4993//4993 5074//5074
f 4992//4992 5074//5074 5073//5073
f 4993//4993 4994//4994 5075//5075
f 4993//4993 5075//5075 5074//5074
f 4994//4994 4995//4995 5076//5076
f 4994//4994 5076//5076 5075//5075
f 4995//4995 4996//4996 5077//5077
f 4995//4995 5077//5077 5076//5076
f 4996//4996 4997//4997 5078//5078
f 4996//4996 5078//5078 5077//5077
f 4997//4997 4998//4998 5079//5079
f 4997//4997 5079//5079 5078//5078
f 4998//4998 4999//4999 5080//5080
f 4998//4998 5080//5080 5079//5079
f 4999//4999 5000//5000 5081//5081
f 4999//4999 5081//5081 5080//5080
f 5000//5000 5001//5001 5082//5082
f 5000//5000 5082//5082 5081//5081
f 5001//5001 5002//5002 5083//5083
f 5001//5001 5083//5083 5082//5082
f 5002//5002 5003//5003 5084//5084
f 5002//5002 5084//5084 5083//5083
f 5003//5003 5004//5004 5085//5085
f 5003//5003 5085//5085 5084//5084
f 5004//5004 5005//5005 5086//5086
f 5004//5004 5086//5086 5085//5085
f 5005//5005 5006//5006 5087//5087
f 5005//5005 5087//5087 5086//5086
f 5006//5006 5007//5007 5088//5088
f 5006//5006 5088//5088 5087//5087
f 5007//5007 5008//5008 5089//5089
f 5007//5007 5089//5089 5088//5088
f 5008//5008 5009//5009 5090//5090
f 5008//5008 5090//5090 5089//5089
f 5009//5009 5010//5010 5091//5091
f 5009//5009 5091//5091 5090//5090
f 5010//5010 5011//5011 5092//5092
f 5010//5010 5092//5092 5091//5091
f 5011//5011 5012//5012 5093//5093
f 5011//5011 5093//5093 5092//5092
f 5012//5012 5013//5013 5094//5094
f 5012//5012 5094//5094 5093//5093
f 5013//5013 5014//5014 5095//5095
f 5013//5013 5095//5095 5094//5094
f 5014//5014 5015//5015 5096//5096
f 5014//5014 5096//5096 5095//5095
f 5015//5015 5016//5016 5097//5097
f 5015//5015 5097//5097 5096//5096
f 5016//5016 5017//5017 5098//5098
f 5016//5016 5098//5098 5097//5097
f 5017//5017 5018//5018 5099//5099
f 5017//5017 5099//5099 5098//5098
f 5018//5018 5019//5019 5100//5100
f 5018//5018 5100//5100 5099//5099
f 5019//5019 5020//5020 5101//5101
f 5019//5019 5101//5101 5100//5100
f 5020//5020 5021//5021 5102//5102
f 5020//5020 5102//5102 5101//5101
f 5021//5021 5022//5022 5103//5103
f 5021//5021 5103//5103 5102//5102
f 5023//5023 5024//5024 5105//5105
f 5023//5023 5105//5105 5104//5104
f 5024//5024 5025//5025 5106//5106
f 5024//5024 5106//5106 5105//5105
f 5025//5025 5026//5026 5107//5107
f 5025//5025 5107//5107 5106//5106
f 5026//5026 5027//5027 5108//5108
f 5026//5026 5108//5108 5107//5107
f 5027//5027 5028//5028 5109//5109
f 5027//5027 5109//5109 5108//5108
f 5028//5028 5029//5029 5110//5110
f 5028//5028 5110//5110 5109//5109
f 5029//5029 5030//5030 5111//5111
f 5029//5029 5111//5111 5110//5110
f 5030//5030 5031//5031 5112//5112
f 5030//5030 5112//5112 5111//5111
f 5031//5031 5032//5032 5113//5113
f 5031//5031 5113//5113 5112//5112
f 5032//5032 5033//5033 5114//5114
f 5032//5032 5114//5114 5113//5113
f 5033//5033 5034//5034 5115//5115
f 5033//5033 5115//5115 5114//5114
f 5034//5034 5035//5035 5116//5116
f 5034//5034 5116//5116 5115//5115
f 5035//5035 5036//5036 5117//5117
f 5035//5035 5117//5117 5116//5116
f 5036//5036 5037//5037 5118//5118
f 5036//5036 5118//5118 5117//5117
f 5037//5037 5038//5038 5119//5119
f 5037//5037 5119//5119 5118//5118
f 5038//5038 5039//5039 5120//5120
f 5038//5038 5120//5120 5119//5119
f 5039//5039 5040//5040 5121//5121
f 5039//5039 5121//5121 5120//5120
f 5040//5040 5041//5041 5122//5122
f 5040//5040 5122//5122 5121//5121
f 5041//5041 5042//5042 5123//5123
f 5041//5041 5123//5123 5122//5122
f 5042//5042 5043//5043 5124//5124
f 5042//5042 5124//5124 5123//5123
f 5043//5043 5044//5044 5125//5125
f 5043//5043 5125//5125 5124//5124
f 5044//5044 5045//5045 5126//5126
f 5044//5044 5126//5126 5125//5125
f 5045//5045 5046//5046 5127//5127
f 5045//5045 5127//5127 5126//5126
f 5046//5046 5047//5047 5128//5128
f 5046//5046 5128//5128 5127//5127
f 5047//5047 5048//5048 5129//5129
f 5047//5047 5129//5129 5128//5128
f 5048//5048 5049//5049 5130//5130
f 5048//5048 5130//5130 5129//5129
f 5049//5049 5050//5050 5131//5131
f 5049//5049 5131//5131 5130//5130
f 5050//5050 5051//5051 5132//5132
f 5050//5050 5132//5132 5131//5131
f 5051//5051 5052//5052 5133//5133
f 5051//5051 5133//5133 5132//5132
f 5052//5052 5053//5053 5134//5134
f 5052//5052 5134//5134 5133//5133
f 5053//5053 5054//5054 5135//5135
f 5053//5053 5135//5135 5134//5134
f 5054//5054 5055//5055 5136//5136
f 5054//5054 5136//5136 5135//5135
f 5055//5055 5056//5056 5137//5137
f 5055//5055 5137//5137 5136//5136
f 5056//5056 5057//5057 5138//5138
f 5056//5056 5138//5138 5137//5137
f 5057//5057 5058//5058 5139//5139
f 5057//5057 5139//5139 5138//5138
f 5058//5058 5059//5059 5140//5140
f 5058//5058 5140//5140 5139//5139
f 5059//5059 5060//5060 5141//5141
f 5059//5059 5141//5141 5140//5140
f 5060//5060 5061//5061 5142//5142
f 5060//5060 5142//5142 5141//5141
f 5061//5061 5062//5062 5143//5143
f 5061//5061 5143//5143 5142//5142
f 5062//5062 5063//5063 5144//5144
f 5062//5062 5144//5144 5143//5143
f 5063//5063 5064//5064 5145//5145
f 5063//5063 5145//5145 5144//5144
f 5064//5064 5065//5065 5146//5146
f 5064//5064 5146//5146 5145//5145
f 5065//5065 5066//5066 5147//5147
f 5065//5065 5147//5147 5146//5146
f 5066//5066 5067//5067 5148//5148
f 5066//5066 5148//5148 5147//5147
f 5067//5067 5068//5068 5149//5149
f 5067//5067 5149//5149 5148//5148
f 5068//5068 5069//5069 5150//5150
f 5068//5068 5150//5150 5149//5149
f 5069//5069 5070//5070 5151//5151
f 5069//5069 5151//5151 5150//5150
f 5070//5070 5071//5071 5152//5152
f 5070//5070 5152//5152 5151//5151
f 5071//5071 5072//5072 5153//5153
f 5071//5071 5153//5153 5152//5152
f 5072//5072 5073//5073 5154//5154
f 5072//5072 5154//5154 5153//5153
f 5073//5073 5074//5074 5155//5155
f 5073//5073 5155//5155 5154//5154
f 5074//5074 5075//5075 5156//5156
f 5074//5074 5156//5156 5155//5155
f 5075//5075 5076//5076 5157//5157
f 5075//5075 5157//5157 5156//5156
f 5076//5076 5077//5077 5158//5158
f 5076//5076 5158//5158 5157//5157
f 5077//5077 5078//5078 5159//5159
f 5077//5077 5159//5159 5158//5158
f 5078//5078 5079//5079 5160//5160
f 5078//5078 5160//5160 5159//5159
f 5079//5079 5080//5080 5161//5161
f 5079//5079 5161//5161 5160//5160
f 5080//5080 5081//5081 5162//5162
f 5080//5080 5162//5162 5161//5161
f 5081//5081 5082//5082 5163//5163
f 5081//5081 5163//5163 5162//5162
f 5082//5082 5083//5083 5164//5164
f 5082//5082 5164//5164 5163//5163
f 5083//5083 5084//5084 5165//5165
f 5083//5083 5165//5165 5164//5164
f 5084//5084 5085//5085 5166//5166
f 5084//5084 5166//5166 5165//5165
f 5085//5085 5086//5086 5167//5167
f 5085//5085 5167//5167 5166//5166
f 5086//5086 5087//5087 5168//5168
f 5086//5086 5168//5168 5167//5167
f 5087//5087 5088//5088 5169//5169
f 5087//5087 5169//5169 5168//5168
f 5088//5088 5089//5089 5170//5170
f 5088//5088 5170//5170 5169//5169
f 5089//5089 5090//5090 5171//5171
f 5089//5089 5171//5171 5170//5170
f 5090//5090 5091//5091 5172//5172
f 5090//5090 5172//5172 5171//5171
f 5091//5091 5092//5092 5173//5173
f 5091//5091 5173//5173 5172//5172
f 5092//5092 5093//5093 5174//5174
f 5092//5092 5174//5174 5173//5173
f 5093//5093 5094//5094 5175//5175
f 5093//5093 5175//5175 5174//5174
f 5094//5094 5095//5095 5176//5176
f 5094//5094 5176//5176 5175//5175
f 5095//5095 5096//5096 5177//5177
f 5095//5095 5177//5177 5176//5176
f 5096//5096 5097//5097 5178//5178
f 5096//5096 5178//5178 5177//5177
f 5097//5097 5098//5098 5179//5179
f 5097//5097 5179//5179 5178//5178
f 5098//5098 5099//5099 5180//5180
f 5098//5098 5180//5180 5179//5179
f 5099//5099 5100//5100 5181//5181
f 5099//5099 5181//5181 5180//5180
f 5100//5100 5101//5101 5182//5182
f 5100//5100 5182//5182 5181//5181
f 5101//5101 5102//5102 5183//5183
f 5101//5101 5183//5183 5182//5182
f 5102//5102 5103//5103 5184//5184
f 5102//5102 5184//5184 5183//5183
f 5104//5104 5105//5105 5186//5186
f 5104//5104 5186//5186 5185//5185
f 5105//5105 5106//5106 5187//5187
f 5105//5105 5187//5187 5186//5186
f 5106//5106 5107//5107 5188//5188
f 5106//5106 5188//5188 5187//5187
f 5107//5107 5108//5108 5189//5189
f 5107//5107 5189//5189 5188//5188
f 5108//5108 5109//5109 5190//5190
f 5108//5108 5190//5190 5189//5189
f 5109//5109 5110//5110 5191//5191
f 5109//5109 5191//5191 5190//5190
f 5110//5110 5111//5111 5192//5192
f 5110//5110 5192//5192 5191//5191
f 5111//5111 5112//5112 5193//5193
f 5111//5111 5193//5193 5192//5192
f 5112//5112 5113//5113 5194//5194
f 5112//5112 5194//5194 5193//5193
f 5113//5113 5114//5114 5195//5195
f 5113//5113 5195//5195 5194//5194
f 5114//5114 5115//5115 5196//5196
f 5114//5114 5196//5196 5195//5195
f 5115//5115 5116//5116 5197//5197
f 5115//5115 5197//5197 5196//5196
f 5116//5116 5117//5117 5198//5198
f 5116//5116 5198//5198 5197//5197
f 5117//5117 5118//5118 5199//5199
f 5117//5117 5199//5199 5198//5198
f 5118//5118 5119//5119 5200//5200
f 5118//5118 5200//5200 5199//5199
f 5119//5119 5120//5120 5201//5201
f 5119//5119 5201//5201 5200//5200
f 5120//5120 5121//5121 5202//5202
f 5120//5120 5202//5202 5201//5201
f 5121//5121 5122//5122 5203//5203
f 5121//5121 5203//5203 5202//5202
f 5122//5122 5123//5123 5204//5204
f 5122//5122 5204//5204 5203//5203
f 5123//5123 5124//5124 5205//5205
f 5123//5123 5205//5205 5204//5204
f 5124//5124 5125//5125 5206//5206
f 5124//5124 5206//5206 5205//5205
f 5125//5125 5126//5126 5207//5207
f 5125//5125 5207//5207 5206//5206
f 5126//5126 5127//5127 5208//5208
f 5126//5126 5208//5208 5207//5207
f 5127//5127 5128//5128 5209//5209
f 5127//5127 5209//5209 5208//5208
f 5128//5128 5129//5129 5210//5210
f 5128//5128 5210//5210 5209//5209
f 5129//5129 5130//5130 5211//5211
f 5129//5129 5211//5211 5210//5210
f 5130//5130 5131//5131 5212//5212
f 5130//5130 5212//5212 5211//5211
f 5131//5131 5132//5132 5213//5213
f 5131//5131 5213//5213 5212//5212
f 5132//5132 5133//5133 5214//5214
f 5132//5132 5214//5214 5213//5213
f 5133//5133 5134//5134 5215//5215
f 5133//5133 5215//5215 5214//5214
f 5134//5134 5135//5135 5216//5216
f 5134//5134 5216//5216 5215//5215
f 5135//5135 5136//5136 5217//5217
f 5135//5135 5217//5217 5216//5216
f 5136//5136 5137//5137 5218//5218
f 5136//5136 5218//5218 5217//5217
f 5137//5137 5138//5138 5219//5219
f 5137//5137 5219//5219 5218//5218
f 5138//5138 5139//5139 5220//5220
f 5138//5138 5220//5220 5219//5219
f 5139//5139 5140//5140 5221//5221
f 5139//5139 5221//5221 5220//5220
f 5140//5140 5141//5141 5222//5222
f 5140//5140 5222//5222 5221//5221
f 5141//5141 5142//5142 5223//5223
f 5141//5141 5223//5223 5222//5222
f 5142//5142 5143//5143 5224//5224
f 5142//5142 5224//5224 5223//5223
f 5143//5143 5144//5144 5225//5225
f 5143//5143 5225//5225 5224//5224
f 5144//5144 5145//5145 5226//5226
f 5144//5144 5226//5226 5225//5225
f 5145//5145 5146//5146 5227//5227
f 5145//5145 5227//5227 5226//5226
f 5146//5146 5147//5147 5228//5228
f 5146//5146 5228//5228 5227//5227
f 5147//5147 5148//5148 5229//5229
f 5147//5147 5229//5229 5228//5228
f 5148//5148 5149//5149 5230//5230
f 5148//5148 5230//5230 5229//5229
f 5149//5149 5150//5150 5231//5231
f 5149//5149 5231//5231 5230//5230
f 5150//5150 5151//5151 5232//5232
f 5150//5150 5232//5232 5231//5231
f 5151//5151 5152//5152 5233//5233
f 5151//5151 5233//5233 5232//5232
f 5152//5152 5153//5153 5234//5234
f 5152//5152 5234//5234 5233//5233
f 5153//5153 5154//5154 5235//5235
f 5153//5153 5235//5235 5234//5234
f 5154//5154 5155//5155 5236//5236
f 5154//5154 5236//5236 5235//5235
f 5155//5155 5156//5156 5237//5237
f 5155//5155 5237//5237 5236//5236
f 5156//5156 5157//5157 5238//5238
f 5156//5156 5238//5238 5237//5237
f 5157//5157 5158//5158 5239//5239
f 5157//5157 5239//5239 5238//5238
f 5158//5158 5159//5159 5240//5240
f 5158//5158 5240//5240 5239//5239
f 5159//5159 5160//5160 5241//5241
f 5159//5159 5241//5241 5240//5240
f 5160//5160 5161//5161 5242//5242
f 5160//5160 5242//5242 5241//5241
f 5161//5161 5162//5162 5243//5243
f 5161//5161 5243//5243 5242//5242
f 5162//5162 5163//5163 5244//5244
f 5162//5162 5244//5244 5243//5243
f 5163//5163 5164//5164 5245//5245
f 5163//5163 5245//5245 5244//5244
f 5164//5164 5165//5165 5246//5246
f 5164//5164 5246//5246 5245//5245
f 5165//5165 5166//5166 5247//5247
f 5165//5165 5247//5247 5246//5246
f 5166//5166 5167//5167 5248//5248
f 5166//5166 5248//5248 5247//5247
f 5167//5167 5168//5168 5249//5249
f 5167//5167 5249//5249 5248//5248
f 5168//5168 5169//5169 5250//5250
f 5168//5168 5250//5250 5249//5249
f 5169//5169 5170//5170 5251//5251
f 5169//5169 5251//5251 5250//5250
f 5170//5170 5171//5171 5252//5252
f 5170//5170 5252//5252 5251//5251
f 5171//5171 5172//5172 5253//5253
f 5171//5171 5253//5253 5252//5252
f 5172//5172 5173//5173 5254//5254
f 5172//5172 5254//5254 5253//5253
f 5173//5173 5174//5174 5255//5255
f 5173//5173 5255//5255 5254//5254
f 5174//5174 5175//5175 5256//5256
f 5174//5174 5256//5256 5255//5255
f 5175//5175 5176//5176 5257//5257
f 5175//5175 5257//5257 5256//5256
f 5176//5176 5177//5177 5258//5258
f 5176//5176 5258//5258 5257//5257
f 5177//5177 5178//5178 5259//5259
f 5177//5177 5259//5259 5258//5258
f 5178//5178 5179//5179 5260//5260
f 5178//5178 5260//5260 5259//5259
f 5179//5179 5180//5180 5261//5261
f 5179//5179 5261//5261 5260//5260
f 5180//5180 5181//5181 5262//5262
f 5180//5180 5262//5262 5261//5261
f 5181//5181 5182//5182 5263//5263
f 5181//5181 5263//5263 5262//5262
f 5182//5182 5183//5183 5264//5264
f 5182//5182 5264//5264 5263//5263
f 5183//5183 5184//5184 5265//5265
f 5183//5183 5265//5265 5264//5264
f 5185//5185 5186//5186 5267//5267
f 5185//5185 5267//5267 5266//5266
f 5186//5186 5187//5187 5268//5268
f 5186//5186 5268//5268 5267//5267
f 5187//5187 5188//5188 5269//5269
f 5187//5187 5269//5269 5268//5268
f 5188//5188 5189//5189 5270//5270
f 5188//5188 5270//5270 5269//5269
f 5189//5189 5190//5190 5271//5271
f 5189//5189 5271//5271 5270//5270
f 5190//5190 5191//5191 5272//5272
f 5190//5190 5272//5272 5271//5271
f 5191//5191 5192//5192 5273//5273
f 5191//5191 5273//5273 5272//5272
f 5192//5192 5193//5193 5274//5274
f 5192//5192 5274//5274 5273//5273
f 5193//5193 5194//5194 5275//5275
f 5193//5193 5275//5275 5274//5274
f 5194//5194 5195//5195 5276//5276
f 5194//5194 5276//5276 5275//5275
f 5195//5195 5196//5196 5277//5277
f 5195//5195 5277//5277 5276//5276
f 5196//5196 5197//5197 5278//5278
f 5196//5196 5278//5278 5277//5277
f 5197//5197 5198//5198 5279//5279
f 5197//5197 5279//5279 5278//5278
f 5198//5198 5199//5199 5280//5280
f 5198//5198 5280//5280 5279//5279
f 5199//5199 5200//5200 5281//5281
f 5199//5199 5281//5281 5280//5280
f 5200//5200 5201//5201 5282//5282
f 5200//5200 5282//5282 5281//5281
f 5201//5201 5202//5202 5283//5283
f 5201//5201 5283//5283 5282//5282
f 5202//5202 5203//5203 5284//5284
f 5202//5202 5284//5284 5283//5283
f 5203//5203 5204//5204 5285//5285
f 5203//5203 5285//5285 5284//5284
f 5204//5204 5205//5205 5286//5286
f 5204//5204 5286//5286 5285//5285
f 5205//5205 5206//5206 5287//5287
f 5205//5205 5287//5287 5286//5286
f 5206//5206 5207//5207 5288//5288
f 5206//5206 5288//5288 5287//5287
f 5207//5207 5208//5208 5289//5289
f 5207//5207 5289//5289 5288//5288
f 5208//5208 5209//5209 5290//5290
f 5208//5208 5290//5290 5289//5289
f 5209//5209 5210//5210 5291//5291
f 5209//5209 5291//5291 5290//5290
f 5210//5210 5211//5211 5292//5292
f 5210//5210 5292//5292 5291//5291
f 5211//5211 5212//5212 5293//5293
f 5211//5211 5293//5293 5292//5292
f 5212//5212 5213//5213 5294//5294
f 5212//5212 5294//5294 5293//5293
f 5213//5213 5214//5214 5295//5295
f 5213//5213 5295//5295 5294//5294
f 5214//5214 5215//5215 5296//5296
f 5214//5214 5296//5296 5295//5295
f 5215//5215 5216//5216 5297//5297
f 5215//5215 5297//5297 5296//5296
f 5216//5216 5217//5217 5298//5298
f 5216//5216 5298//5298 5297//5297
f 5217//5217 5218//5218 5299//5299
f 5217//5217 5299//5299 5298//5298
f 5218//5218 5219//5219 5300//5300
f 5218//5218 5300//5300 5299//5299
f 5219//5219 5220//5220 5301//5301
f 5219//5219 5301//5301 5300//5300
f 5220//5220 5221//5221 5302//5302
f 5220//5220 5302//5302 5301//5301
f 5221//5221 5222//5222 5303//5303
f 5221//5221 5303//5303 5302//5302
f 5222//5222 5223//5223 5304//5304
f 5222//5222 5304//5304 5303//5303
f 5223//5223 5224//5224 5305//5305
f 5223//5223 5305//5305 5304//5304
f 5224//5224 5225//5225 5306//5306
f 5224//5224 5306//5306 5305//5305
f 5225//5225 5226//5226 5307//5307
f 5225//5225 5307//5307 5306//5306
f 5226//5226 5227//5227 5308//5308
f 5226//5226 5308//5308 5307//5307
f 5227//5227 5228//5228 5309//5309
f 5227//5227 5309//5309 5308//5308
f 5228//5228 5229//5229 5310//5310
f 5228//5228 5310//5310 5309//5309
f 5229//5229 5230//5230 5311//5311
f 5229//5229 5311//5311 5310//5310
f 5230//5230 5231//5231 5312//5312
f 5230//5230 5312//5312 5311//5311
f 5231//5231 5232//5232 5313//5313
f 5231//5231 5313//5313 5312//5312
f 5232//5232 5233//5233 5314//5314
f 5232//5232 5314//5314 5313//5313
f 5233//5233 5234//5234 5315//5315
f 5233//5233 5315//5315 5314//5314
f 5234//5234 5235//5235 5316//5316
f 5234//5234 5316//5316 5315//5315
f 5235//5235 5236//5236 5317//5317
f 5235//5235 5317//5317 5316//5316
f 5236//5236 5237//5237 5318//5318
f 5236//5236 5318//5318 5317//5317
f 5237//5237 5238//5238 5319//5319
f 5237//5237 5319//5319 5318//5318
f 5238//5238 5239//5239 5320//5320
f 5238//5238 5320//5320 5319//5319
f 5239//5239 5240//5240 5321//5321
f 5239//5239 5321//5321 5320//5320
f 5240//5240 5241//5241 5322//5322
f 5240//5240 5322//5322 5321//5321
f 5241//5241 5242//5242 5323//5323
f 5241//5241 5323//5323 5322//5322
f 5242//5242 5243//5243 5324//5324
f 5242//5242 5324//5324 5323//5323
f 5243//5243 5244//5244 5325//5325
f 5243//5243 5325//5325 5324//5324
f 5244//5244 5245//5245 5326//5326
f 5244//5244 5326//5326 5325//5325
f 5245//5245 5246//5246 5327//5327
f 5245//5245 5327//5327 5326//5326
f 5246//5246 5247//5247 5328//5328
f 5246//5246 5328//5328 5327//5327
f 5247//5247 5248//5248 5329//5329
f 5247//5247 5329//5329 5328//5328
f 5248//5248 5249//5249 5330//5330
f 5248//5248 5330//5330 5329//5329
f 5249//5249 5250//5250 5331//5331
f 5249//5249 5331//5331 5330//5330
f 5250//5250 5251//5251 5332//5332
f 5250//5250 5332//5332 5331//5331
f 5251//5251 5252//5252 5333//5333
f 5251//5251 5333//5333 5332//5332
f 5252//5252 5253//5253 5334//5334
f 5252//5252 5334//5334 5333//5333
f 5253//5253 5254//5254 5335//5335
f 5253//5253 5335//5335 5334//5334
f 5254//5254 5255//5255 5336//5336
f 5254//5254 5336//5336 5335//5335
f 5255//5255 5256//5256 5337//5337
f 5255//5255 5337//5337 5336//5336
f 5256//5256 5257//5257 5338//5338
f 5256//5256 5338//5338 5337//5337
f 5257//5257 5258//5258 5339//5339
f 5257//5257 5339//5339 5338//5338
f 5258//5258 5259//5259 5340//5340
f 5258//5258 5340//5340 5339//5339
f 5259//5259 5260//5260 5341//5341
f 5259//5259 5341//5341 5340//5340
f 5260//5260 5261//5261 5342//5342
f 5260//5260 5342//5342 5341//5341
f 5261//5261 5262//5262 5343//5343
f 5261//5261 5343//5343 5342//5342
f 5262//5262 5263//5263 5344//5344
f 5262//5262 5344//5344 5343//5343
f 5263//5263 5264//5264 5345//5345
f 5263//5263 5345//5345 5344//5344
f 5264//5264 5265//5265 5346//5346
f 5264//5264 5346//5346 5345//5345
f 5266//5266 5267//5267 5348//5348
f 5266//5266 5348//5348 5347//5347
f 5267//5267 5268//5268 5349//5349
f 5267//5267 5349//5349 5348//5348
f 5268//5268 5269//5269 5350//5350
f 5268//5268 5350//5350 5349//5349
f 5269//5269 5270//5270 5351//5351
f 5269//5269 5351//5351 5350//5350
f 5270//5270 5271//5271 5352//5352
f 5270//5270 5352//5352 5351//5351
f 5271//5271 5272//5272 5353//5353
f 5271//5271 5353//5353 5352//5352
f 5272//5272 5273//5273 5354//5354
f 5272//5272 5354//5354 5353//5353
f 5273//5273 5274//5274 5355//5355
f 5273//5273 5355//5355 5354//5354
f 5274//5274 5275//5275 5356//5356
f 5274//5274 5356//5356 5355//5355
f 5275//5275 5276//5276 5357//5357
f 5275//5275 5357//5357 5356//5356
f 5276//5276 5277//5277 5358//5358
f 5276//5276 5358//5358 5357//5357
f 5277//5277 5278//5278 5359//5359
f 5277//5277 5359//5359 5358//5358
f 5278//5278 5279//5279 5360//5360
f 5278//5278 5360//5360 5359//5359
f 5279//5279 5280//5280 5361//5361
f 5279//5279 5361//5361 5360//5360
f 5280//5280 5281//5281 5362//5362
f 5280//5280 5362//5362 5361//5361
f 5281//5281 5282//5282 5363//5363
f 5281//5281 5363//5363 5362//5362
f 5282//5282 5283//5283 5364//5364
f 5282//5282 5364//5364 5363//5363
f 5283//5283 5284//5284 5365//5365
f 5283//5283 5365//5365 5364//5364
f 5284//5284 5285//5285 5366//5366
f 5284//5284 5366//5366 5365//5365
f 5285//5285 5286//5286 5367//5367
f 5285//5285 5367//5367 5366//5366
f 5286//5286 5287//5287 5368//5368
f 5286//5286 5368//5368 5367//5367
f 5287//5287 5288//5288 5369//5369
f 5287//5287 5369//5369 5368//5368
f 5288//5288 5289//5289 5370//5370
f 5288//5288 5370//5370 5369//5369
f 5289//5289 5290//5290 5371//5371
f 5289//5289 5371//5371 5370//5370
f 5290//5290 5291//5291 5372//5372
f 5290//5290 5372//5372 5371//5371
f 5291//5291 5292//5292 5373//5373
f 5291//5291 5373//5373 5372//5372
f 5292//5292 5293//5293 5374//5374
f 5292//5292 5374//5374 5373//5373
f 5293//5293 5294//5294 5375//5375
f 5293//5293 5375//5375 5374//5374
f 5294//5294 5295//5295 5376//5376
f 5294//5294 5376//5376 5375//5375
f 5295//5295 5296//5296 5377//5377
f 5295//5295 5377//5377 5376//5376
f 5296//5296 5297//5297 5378//5378
f 5296//5296 5378//5378 5377//5377
f 5297//5297 5298//5298 5379//5379
f 5297//5297 5379//5379 5378//5378
f 5298//5298 5299//5299 5380//5380
f 5298//5298 5380//5380 5379//5379
f 5299//5299 5300//5300 5381//5381
f 5299//5299 5381//5381 5380//5380
f 5300//5300 5301//5301 5382//5382
f 5300//5300 5382//5382 5381//5381
f 5301//5301 5302//5302 5383//5383
f 5301//5301 5383//5383 5382//5382
f 5302//5302 5303//5303 5384//5384
f 5302//5302 5384//5384 5383//5383
f 5303//5303 5304//5304 5385//5385
f 5303//5303 5385//5385 5384//5384
f 5304//5304 5305//5305 5386//5386
f 5304//5304 5386//5386 5385//5385
f 5305//5305 5306//5306 5387//5387
f 5305//5305 5387//5387 5386//5386
f 5306//5306 5307//5307 5388//5388
f 5306//5306 5388//5388 5387//5387
f 5307//5307 5308//5308 5389//5389
f 5307//5307 5389//5389 5388//5388
f 5308//5308 5309//5309 5390//5390
f 5308//5308 5390//5390 5389//5389
f 5309//5309 5310//5310 5391//5391
f 5309//5309 5391//5391 5390//5390
f 5310//5310 5311//5311 5392//5392
f 5310//5310 5392//5392 5391//5391
f 5311//5311 5312//5312 5393//5393
f 5311//5311 5393//5393 5392//5392
f 5312//5312 5313//5313 5394//5394
f 5312//5312 5394//5394 5393//5393
f 5313//5313 5314//5314 5395//5395
f 5313//5313 5395//5395 5394//5394
f 5314//5314 5315//5315 5396//5396
f 5314//5314 5396//5396 5395//5395
f 5315//5315 5316//5316 5397//5397
f 5315//5315 5397//5397 5396//5396
f 5316//5316 5317//5317 5398//5398
f 5316//5316 5398//5398 5397//5397
f 5317//5317 5318//5318 5399//5399
f 5317//5317 5399//5399 5398//5398
f 5318//5318 5319//5319 5400//5400
f 5318//5318 5400//5400 5399//5399
f 5319//5319 5320//5320 5401//5401
f 5319//5319 5401//5401 5400//5400
f 5320//5320 5321//5321 5402//5402
f 5320//5320 5402//5402 5401//5401
f 5321//5321 5322//5322 5403//5403
f 5321//5321 5403//5403 5402//5402
f 5322//5322 5323//5323 5404//5404
f 5322//5322 5404//5404 5403//5403
f 5323//5323 5324//5324 5405//5405
f 5323//5323 5405//5405 5404//5404
f 5324//5324 5325//5325 5406//5406
f 5324//5324 5406//5406 5405//5405
f 5325//5325 5326//5326 5407//5407
f 5325//5325 5407//5407 5406//5406
f 5326//5326 5327//5327 5408//5408
f 5326//5326 5408//5408 5407//5407
f 5327//5327 5328//5328 5409//5409
f 5327//5327 5409//5409 5408//5408
f 5328//5328 5329//5329 5410//5410
f 5328//5328 5410//5410 5409//5409
f 5329//5329 5330//5330 5411//5411
f 5329//5329 5411//5411 5410//5410
f 5330//5330 5331//5331 5412//5412
f 5330//5330 5412//5412 5411//5411
f 5331//5331 5332//5332 5413//5413
f 5331//5331 5413//5413 5412//5412
f 5332//5332 5333//5333 5414//5414
f 5332//5332 5414//5414 5413//5413
f 5333//5333 5334//5334 5415//5415
f 5333//5333 5415//5415 5414//5414
f 5334//5334 5335//5335 5416//5416
f 5334//5334 5416//5416 5415//5415
f 5335//5335 5336//5336 5417//5417
f 5335//5335 5417//5417 5416//5416
f 5336//5336 5337//5337 5418//5418
f 5336//5336 5418//5418 5417//5417
f 5337//5337 5338//5338 5419//5419
f 5337//5337 5419//5419 5418//5418
f 5338//5338 5339//5339 5420//5420
f 5338//5338 5420//5420 5419//5419
f 5339//5339 5340//5340 5421//5421
f 5339//5339 5421//5421 5420//5420
f 5340//5340 5341//5341 5422//5422
f 5340//5340 5422//5422 5421//5421
f 5341//5341 5342//5342 5423//5423
f 5341//5341 5423//5423 5422//5422
f 5342//5342 5343//5343 5424//5424
f 5342//5342 5424//5424 5423//5423
f 5343//5343 5344//5344 5425//5425
f 5343//5343 5425//5425 5424//5424
f 5344//5344 5345//5345 5426//5426
f 5344//5344 5426//5426 5425//5425
f 5345//5345 5346//5346 5427//5427
f 5345//5345 5427//5427 5426//5426
f 5347//5347 5348//5348 5429//5429
f 5347//5347 5429//5429 5428//5428
f 5348//5348 5349//5349 5430//5430
f 5348//5348 5430//5430 5429//5429
f 5349//5349 5350//5350 5431//5431
f 5349//5349 5431//5431 5430//5430
f 5350//5350 5351//5351 5432//5432
f 5350//5350 5432//5432 5431//5431
f 5351//5351 5352//5352 5433//5433
f 5351//5351 5433//5433 5432//5432
f 5352//5352 5353//5353 5434//5434
f 5352//5352 5434//5434 5433//5433
f 5353//5353 5354//5354 5435//5435
f 5353//5353 5435//5435 5434//5434
f 5354//5354 5355//5355 5436//5436
f 5354//5354 5436//5436 5435//5435
f 5355//5355 5356//5356 5437//5437
f 5355//5355 5437//5437 5436//5436
f 5356//5356 5357//5357 5438//5438
f 5356//5356 5438//5438 5437//5437
f 5357//5357 5358//5358 5439//5439
f 5357//5357 5439//5439 5438//5438
f 5358//5358 5359//5359 5440//5440
f 5358//5358 5440//5440 5439//5439
f 5359//5359 5360//5360 5441//5441
f 5359//5359 5441//5441 5440//5440
f 5360//5360 5361//5361 5442//5442
f 5360//5360 5442//5442 5441//5441
f 5361//5361 5362//5362 5443//5443
f 5361//5361 5443//5443 5442//5442
f 5362//5362 5363//5363 5444//5444
f 5362//5362 5444//5444 5443//5443
f 5363//5363 5364//5364 5445//5445
f 5363//5363 5445//5445 5444//5444
f 5364//5364 5365//5365 5446//5446
f 5364//5364 5446//5446 5445//5445
f 5365//5365 5366//5366 5447//5447
f 5365//5365 5447//5447 5446//5446
f 5366//5366 5367//5367 5448//5448
f 5366//5366 5448//5448 5447//5447
f 5367//5367 5368//5368 5449//5449
f 5367//5367 5449//5449 5448//5448
f 5368//5368 5369//5369 5450//5450
f 5368//5368 5450//5450 5449//5449
f 5369//5369 5370//5370 5451//5451
f 5369//5369 5451//5451 5450//5450
f 5370//5370 5371//5371 5452//5452
f 5370//5370 5452//5452 5451//5451
f 5371//5371 5372//5372 5453//5453
f 5371//5371 5453//5453 5452//5452
f 5372//5372 5373//5373 5454//5454
f 5372//5372 5454//5454 5453//5453
f 5373//5373 5374//5374 5455//5455
f 5373//5373 5455//5455 5454//5454
f 5374//5374 5375//5375 5456//5456
f 5374//5374 5456//5456 5455//5455
f 5375//5375 5376//5376 5457//5457
f 5375//5375 5457//5457 5456//5456
f 5376//5376 5377//5377 5458//5458
f 5376//5376 5458//5458 5457//5457
f 5377//5377 5378//5378 5459//5459
f 5377//5377 5459//5459 5458//5458
f 5378//5378 5379//5379 5460//5460
f 5378//5378 5460//5460 5459//5459
f 5379//5379 5380//5380 5461//5461
f 5379//5379 5461//5461 5460//5460
f 5380//5380 5381//5381 5462//5462
f 5380//5380 5462//5462 5461//5461
f 5381//5381 5382//5382 5463//5463
f 5381//5381 5463//5463 5462//5462
f 5382//5382 5383//5383 5464//5464
f 5382//5382 5464//5464 5463//5463
f 5383//5383 5384//5384 5465//5465
f 5383//5383 5465//5465 5464//5464
f 5384//5384 5385//5385 5466//5466
f 5384//5384 5466//5466 5465//5465
f 5385//5385 5386//5386 5467//5467
f 5385//5385 5467//5467 5466//5466
f 5386//5386 5387//5387 5468//5468
f 5386//5386 5468//5468 5467//5467
f 5387//5387 5388//5388 5469//5469
f 5387//5387 5469//5469 5468//5468
f 5388//5388 5389//5389 5470//5470
f 5388//5388 5470//5470 5469//5469
f 5389//5389 5390//5390 5471//5471
f 5389//5389 5471//5471 5470//5470
f 5390//5390 5391//5391 5472//5472
f 5390//5390 5472//5472 5471//5471
f 5391//5391 5392//5392 5473//5473
f 5391//5391 5473//5473 5472//5472
f 5392//5392 5393//5393 5474//5474
f 5392//5392 5474//5474 5473//5473
f 5393//5393 5394//5394 5475//5475
f 5393//5393 5475//5475 5474//5474
f 5394//5394 5395//5395 5476//5476
f 5394//5394 5476//5476 5475//5475
f 5395//5395 5396//5396 5477//5477
f 5395//5395 5477//5477 5476//5476
f 5396//5396 5397//5397 5478//5478
f 5396//5396 5478//5478 5477//5477
f 5397//5397 5398//5398 5479//5479
f 5397//5397 5479//5479 5478//5478
f 5398//5398 5399//5399 5480//5480
f 5398//5398 5480//5480 5479//5479
f 5399//5399 5400//5400 5481//5481
f 5399//5399 5481//5481 5480//5480
f 5400//5400 5401//5401 5482//5482
f 5400//5400 5482//5482 5481//5481
f 5401//5401 5402//5402 5483//5483
f 5401//5401 5483//5483 5482//5482
f 5402//5402 5403//5403 5484//5484
f 5402//5402 5484//5484 5483//5483
f 5403//5403 5404//5404 5485//5485
f 5403//5403 5485//5485 5484//5484
f 5404//5404 5405//5405 5486//5486
f 5404//5404 5486//5486 5485//5485
f 5405//5405 5406//5406 5487//5487
f 5405//5405 5487//5487 5486//5486
f 5406//5406 5407//5407 5488//5488
f 5406//5406 5488//5488 5487//5487
f 5407//5407 5408//5408 5489//5489
f 5407//5407 5489//5489 5488//5488
f 5408//5408 5409//5409 5490//5490
f 5408//5408 5490//5490 5489//5489
f 5409//5409 5410//5410 5491//5491
f 5409//5409 5491//5491 5490//5490
f 5410//5410 5411//5411 5492//5492
f 5410//5410 5492//5492 5491//5491
f 5411//5411 5412//5412 5493//5493
f 5411//5411 5493//5493 5492//5492
f 5412//5412 5413//5413 5494//5494
f 5412//5412 5494//5494 5493//5493
f 5413//5413 5414//5414 5495//5495
f 5413//5413 5495//5495 5494//5494
f 5414//5414 5415//5415 5496//5496
f 5414//5414 5496//5496 5495//5495
f 5415//5415 5416//5416 5497//5497
f 5415//5415 5497//5497 5496//5496
f 5416//5416 5417//5417 5498//5498
f 5416//5416 5498//5498 5497//5497
f 5417//5417 5418//5418 5499//5499
f 5417//5417 5499//5499 5498//5498
f 5418//5418 5419//5419 5500//5500
f 5418//5418 5500//5500 5499//5499
f 5419//5419 5420//5420 5501//5501
f 5419//5419 5501//5501 5500//5500
f 5420//5420 5421//5421 5502//5502
f 5420//5420 5502//5502 5501//5501
f 5421//5421 5422//5422 5503//5503
f 5421//5421 5503//5503 5502//5502
f 5422//5422 5423//5423 5504//5504
f 5422//5422 5504//5504 5503//5503
f 5423//5423 5424//5424 5505//5505
f 5423//5423 5505//5505 5504//5504
f 5424//5424 5425//5425 5506//5506
f 5424//5424 5506//5506 5505//5505
f 5425//5425 5426//5426 5507//5507
f 5425//5425 5507//5507 5506//5506
f 5426//5426 5427//5427 5508//5508
f 5426//5426 5508//5508 5507//5507
f 5428//5428 5429//5429 5510//5510
f 5428//5428 5510//5510 5509//5509
f 5429//5429 5430//5430 5511//5511
f 5429//5429 5511//5511 5510//5510
f 5430//5430 5431//5431 5512//5512
f 5430//5430 5512//5512 5511//5511
f 5431//5431 5432//5432 5513//5513
f 5431//5431 5513//5513 5512//5512
f 5432//5432 5433//5433 5514//5514
f 5432//5432 5514//5514 5513//5513
f 5433//5433 5434//5434 5515//5515
f 5433//5433 5515//5515 5514//5514
f 5434//5434 5435//5435 5516//5516
f 5434//5434 5516//5516 5515//5515
f 5435//5435 5436//5436 5517//5517
f 5435//5435 5517//5517 5516//5516
f 5436//5436 5437//5437 5518//5518
f 5436//5436 5518//5518 5517//5517
f 5437//5437 5438//5438 5519//5519
f 5437//5437 5519//5519 5518//5518
f 5438//5438 5439//5439 5520//5520
f 5438//5438 5520//5520 5519//5519
f 5439//5439 5440//5440 5521//5521
f 5439//5439 5521//5521 5520//5520
f 5440//5440 5441//5441 5522//5522
f 5440//5440 5522//5522 5521//5521
f 5441//5441 5442//5442 5523//5523
f 5441//5441 5523//5523 5522//5522
f 5442//5442 5443//5443 5524//5524
f 5442//5442 5524//5524 5523//5523
f 5443//5443 5444//5444 5525//5525
f 5443//5443 5525//5525 5524//5524
f 5444//5444 5445//5445 5526//5526
f 5444//5444 5526//5526 5525//5525
f 5445//5445 5446//5446 5527//5527
f 5445//5445 5527//5527 5526//5526
f 5446//5446 5447//5447 5528//5528
f 5446//5446 5528//5528 5527//5527
f 5447//5447 5448//5448 5529//5529
f 5447//5447 5529//5529 5528//5528
f 5448//5448 5449//5449 5530//5530
f 5448//5448 5530//5530 5529//5529
f 5449//5449 5450//5450 5531//5531
f 5449//5449 5531//5531 5530//5530
f 5450//5450 5451//5451 5532//5532
f 5450//5450 5532//5532 5531//5531
f 5451//5451 5452//5452 5533//5533
f 5451//5451 5533//5533 5532//5532
f 5452//5452 5453//5453 5534//5534
f 5452//5452 5534//5534 5533//5533
f 5453//5453 5454//5454 5535//5535
f 5453//5453 5535//5535 5534//5534
f 5454//5454 5455//5455 5536//5536
f 5454//5454 5536//5536 5535//5535
f 5455//5455 5456//5456 5537//5537
f 5455//5455 5537//5537 5536//5536
f 5456//5456 5457//5457 5538//5538
f 5456//5456 5538//5538 5537//5537
f 5457//5457 5458//5458 5539//5539
f 5457//5457 5539//5539 5538//5538
f 5458//5458 5459//5459 5540//5540
f 5458//5458 5540//5540 5539//5539
f 5459//5459 5460//5460 5541//5541
f 5459//5459 5541//5541 5540//5540
f 5460//5460 5461//5461 5542//5542
f 5460//5460 5542//5542 5541//5541
f 5461//5461 5462//5462 5543//5543
f 5461//5461 5543//5543 5542//5542
f 5462//5462 5463//5463 5544//5544
f 5462//5462 5544//5544 5543//5543
f 5463//5463 5464//5464 5545//5545
f 5463//5463 5545//5545 5544//5544
f 5464//5464 5465//5465 5546//5546
f 5464//5464 5546//5546 5545//5545
f 5465//5465 5466//5466 5547//5547
f 5465//5465 5547//5547 5546//5546
f 5466//5466 5467//5467 5548//5548
f 5466//5466 5548//5548 5547//5547
f 5467//5467 5468//5468 5549//5549
f 5467//5467 5549//5549 5548//5548
f 5468//5468 5469//5469 5550//5550
f 5468//5468 5550//5550 5549//5549
f 5469//5469 5470//5470 5551//5551
f 5469//5469 5551//5551 5550//5550
f 5470//5470 5471//5471 5552//5552
f 5470//5470 5552//5552 5551//5551
f 5471//5471 5472//5472 5553//5553
f 5471//5471 5553//5553 5552//5552
f 5472//5472 5473//5473 5554//5554
f 5472//5472 5554//5554 5553//5553
f 5473//5473 5474//5474 5555//5555
f 5473//5473 5555//5555 5554//5554
f 5474//5474 5475//5475 5556//5556
f 5474//5474 5556//5556 5555//5555
f 5475//5475 5476//5476 5557//5557
f 5475//5475 5557//5557 5556//5556
f 5476//5476 5477//5477 5558//5558
f 5476//5476 5558//5558 5557//5557
f 5477//5477 5478//5478 5559//5559
f 5477//5477 5559//5559 5558//5558
f 5478//5478 5479//5479 5560//5560
f 5478//5478 5560//5560 5559//5559
f 5479//5479 5480//5480 5561//5561
f 5479//5479 5561//5561 5560//5560
f 5480//5480 5481//5481 5562//5562
f 5480//5480 5562//5562 5561//5561
f 5481//5481 5482//5482 5563//5563
f 5481//5481 5563//5563 5562//5562
f 5482//5482 5483//5483 5564//5564
f 5482//5482 5564//5564 5563//5563
f 5483//5483 5484//5484 5565//5565
f 5483//5483 5565//5565 5564//5564
f 5484//5484 5485//5485 5566//5566
f 5484//5484 5566//5566 5565//5565
f 5485//5485 5486//5486 5567//5567
f 5485//5485 5567//5567 5566//5566
f 5486//5486 5487//5487 5568//5568
f 5486//5486 5568//5568 5567//5567
f 5487//5487 5488//5488 5569//5569
f 5487//5487 5569//5569 5568//5568
f 5488//5488 5489//5489 5570//5570
f 5488//5488 5570//5570 5569//5569
f 5489//5489 5490//5490 5571//5571
f 5489//5489 5571//5571 5570//5570
f 5490//5490 5491//5491 5572//5572
f 5490//5490 5572//5572 5571//5571
f 5491//5491 5492//5492 5573//5573
f 5491//5491 5573//5573 5572//5572
f 5492//5492 5493//5493 5574//5574
f 5492//5492 5574//5574 5573//5573
f 5493//5493 5494//5494 5575//5575
f 5493//5493 5575//5575 5574//5574
f 5494//5494 5495//5495 5576//5576
f 5494//5494 5576//5576 5575//5575
f 5495//5495 5496//5496 5577//5577
f 5495//5495 5577//5577 5576//5576
f 5496//5496 5497//5497 5578//5578
f 5496//5496 5578//5578 5577//5577
f 5497//5497 5498//5498 5579//5579
f 5497//5497 5579//5579 5578//5578
f 5498//5498 5499//5499 5580//5580
f 5498//5498 5580//5580 5579//5579
f 5499//5499 5500//5500 5581//5581
f 5499//5499 5581//5581 5580//5580
f 5500//5500 5501//5501 5582//5582
f 5500//5500 5582//5582 5581//5581
f 5501//5501 5502//5502 5583//5583
f 5501//5501 5583//5583 5582//5582
f 5502//5502 5503//5503 5584//5584
f 5502//5502 5584//5584 5583//5583
f 5503//5503 5504//5504 5585//5585
f 5503//5503 5585//5585 5584//5584
f 5504//5504 5505//5505 5586//5586
f 5504//5504 5586//5586 5585//5585
f 5505//5505 5506//5506 5587//5587
f 5505//5505 5587//5587 5586//5586
f 5506//5506 5507//5507 5588//5588
f 5506//5506 5588//5588 5587//5587
f 5507//5507 5508//5508 5589//5589
f 5507//5507 5589//5589 5588//5588
f 5509//5509 5510//5510 5591//5591
f 5509//5509 5591//5591 5590//5590
f 5510//5510 5511//5511 5592//5592
f 5510//5510 5592//5592 5591//5591
f 5511//5511 5512//5512 5593//5593
f 5511//5511 5593//5593 5592//5592
f 5512//5512 5513//5513 5594//5594
f 5512//5512 5594//5594 5593//5593
f 5513//5513 5514//5514 5595//5595
f 5513//5513 5595//5595 5594//5594
f 5514//5514 5515//5515 5596//5596
f 5514//5514 5596//5596 5595//5595
f 5515//5515 5516//5516 5597//5597
f 5515//5515 5597//5597 5596//5596
f 5516//5516 5517//5517 5598//5598
f 5516//5516 5598//5598 5597//5597
f 5517//5517 5518//5518 5599//5599
f 5517//5517 5599//5599 5598//5598
f 5518//5518 5519//5519 5600//5600
f 5518//5518 5600//5600 5599//5599
f 5519//5519 5520//5520 5601//5601
f 5519//5519 5601//5601 5600//5600
f 5520//5520 5521//5521 5602//5602
f 5520//5520 5602//5602 5601//5601
f 5521//5521 5522//5522 5603//5603
f 5521//5521 5603//5603 5602//5602
f 5522//5522 5523//5523 5604//5604
f 5522//5522 5604//5604 5603//5603
f 5523//5523 5524//5524 5605//5605
f 5523//5523 5605//5605 5604//5604
f 5524//5524 5525//5525 5606//5606
f 5524//5524 5606//5606 5605//5605
f 5525//5525 5526//5526 5607//5607
f 5525//5525 5607//5607 5606//5606
f 5526//5526 5527//5527 5608//5608
f 5526//5526 5608//5608 5607//5607
f 5527//5527 5528//5528 5609//5609
f 5527//5527 5609//5609 5608//5608
f 5528//5528 5529//5529 5610//5610
f 5528//5528 5610//5610 5609//5609
f 5529//5529 5530//5530 5611//5611
f 5529//5529 5611//5611 5610//5610
f 5530//5530 5531//5531 5612//5612
f 5530//5530 5612//5612 5611//5611
f 5531//5531 5532//5532 5613//5613
f 5531//5531 5613//5613 5612//5612
f 5532//5532 5533//5533 5614//5614
f 5532//5532 5614//5614 5613//5613
f 5533//5533 5534//5534 5615//5615
f 5533//5533 5615//5615 5614//5614
f 5534//5534 5535//5535 5616//5616
f 5534//5534 5616//5616 5615//5615
f 5535//5535 5536//5536 5617//5617
f 5535//5535 5617//5617 5616//5616
f 5536//5536 5537//5537 5618//5618
f 5536//5536 5618//5618 5617//5617
f 5537//5537 5538//5538 5619//5619
f 5537//5537 5619//5619 5618//5618
f 5538//5538 5539//5539 5620//5620
f 5538//5538 5620//5620 5619//5619
f 5539//5539 5540//5540 5621//5621
f 5539//5539 5621//5621 5620//5620
f 5540//5540 5541//5541 5622//5622
f 5540//5540 5622//5622 5621//5621
f 5541//5541 5542//5542 5623//5623
f 5541//5541 5623//5623 5622//5622
f 5542//5542 5543//5543 5624//5624
f 5542//5542 5624//5624 5623//5623
f 5543//5543 5544//5544 5625//5625
f 5543//5543 5625//5625 5624//5624
f 5544//5544 5545//5545 5626//5626
f 5544//5544 5626//5626 5625//5625
f 5545//5545 5546//5546 5627//5627
f 5545//5545 5627//5627 5626//5626
f 5546//5546 5547//5547 5628//5628
f 5546//5546 5628//5628 5627//5627
f 5547//5547 5548//5548 5629//5629
f 5547//5547 5629//5629 5628//5628
f 5548//5548 5549//5549 5630//5630
f 5548//5548 5630//5630 5629//5629
f 5549//5549 5550//5550 5631//5631
f 5549//5549 5631//5631 5630//5630
f 5550//5550 5551//5551 5632//5632
f 5550//5550 5632//5632 5631//5631
f 5551//5551 5552//5552 5633//5633
f 5551//5551 5633//5633 5632//5632
f 5552//5552 5553//5553 5634//5634
f 5552//5552 5634//5634 5633//5633
f 5553//5553 5554//5554 5635//5635
f 5553//5553 5635//5635 5634//5634
f 5554//5554 5555//5555 5636//5636
f 5554//5554 5636//5636 5635//5635
f 5555//5555 5556//5556 5637//5637
f 5555//5555 5637//5637 5636//5636
f 5556//5556 5557//5557 5638//5638
f 5556//5556 5638//5638 5637//5637
f 5557//5557 5558//5558 5639//5639
f 5557//5557 5639//5639 5638//5638
f 5558//5558 5559//5559 5640//5640
f 5558//5558 5640//5640 5639//5639
f 5559//5559 5560//5560 5641//5641
f 5559//5559 5641//5641 5640//5640
f 5560//5560 5561//5561 5642//5642
f 5560//5560 5642//5642 5641//5641
f 5561//5561 5562//5562 5643//5643
f 5561//5561 5643//5643 5642//5642
f 5562//5562 5563//5563 5644//5644
f 5562//5562 5644//5644 5643//5643
f 5563//5563 5564//5564 5645//5645
f 5563//5563 5645//5645 5644//5644
f 5564//5564 5565//5565 5646//5646
f 5564//5564 5646//5646 5645//5645
f 5565//5565 5566//5566 5647//5647
f 5565//5565 5647//5647 5646//5646
f 5566//5566 5567//5567 5648//5648
f 5566//5566 5648//5648 5647//5647
f 5567//5567 5568//5568 5649//5649
f 5567//5567 5649//5649 5648//5648
f 5568//5568 5569//5569 5650//5650
f 5568//5568 5650//5650 5649//5649
f 5569//5569 5570//5570 5651//5651
f 5569//5569 5651//5651 5650//5650
f 5570//5570 5571//5571 5652//5652
f 5570//5570 5652//5652 5651//5651
f 5571//5571 5572//5572 5653//5653
f 5571//5571 5653//5653 5652//5652
f 5572//5572 5573//5573 5654//5654
f 5572//5572 5654//5654 5653//5653
f 5573//5573 5574//5574 5655//5655
f 5573//5573 5655//5655 5654//5654
f 5574//5574 5575//5575 5656//5656
f 5574//5574 5656//5656 5655//5655
f 5575//5575 5576//5576 5657//5657
f 5575//5575 5657//5657 5656//5656
f 5576//5576 5577//5577 5658//5658
f 5576//5576 5658//5658 5657//5657
f 5577//5577 5578//5578 5659//5659
f 5577//5577 5659//5659 5658//5658
f 5578//5578 5579//5579 5660//5660
f 5578//5578 5660//5660 5659//5659
f 5579//5579 5580//5580 5661//5661
f 5579//5579 5661//5661 5660//5660
f 5580//5580 5581//5581 5662//5662
f 5580//5580 5662//5662 5661//5661
f 5581//5581 5582//5582 5663//5663
f 5581//5581 5663//5663 5662//5662
f 5582//5582 5583//5583 5664//5664
f 5582//5582 5664//5664 5663//5663
f 5583//5583 5584//5584 5665//5665
f 5583//5583 5665//5665 5664//5664
f 5584//5584 5585//5585 5666//5666
f 5584//5584 5666//5666 5665//5665
f 5585//5585 5586//5586 5667//5667
f 5585//5585 5667//5667 5666//5666
f 5586//5586 5587//5587 5668//5668
f 5586//5586 5668//5668 5667//5667
f 5587//5587 5588//5588 5669//5669
f 5587//5587 5669//5669 5668//5668
f 5588//5588 5589//5589 5670//5670
f 5588//5588 5670//5670 5669//5669
f 5590//5590 5591//5591 5672//5672
f 5590//5590 5672//5672 5671//5671
f 5591//5591 5592//5592 5673//5673
f 5591//5591 5673//5673 5672//5672
f 5592//5592 5593//5593 5674//5674
f 5592//5592 5674//5674 5673//5673
f 5593//5593 5594//5594 5675//5675
f 5593//5593 5675//5675 5674//5674
f 5594//5594 5595//5595 5676//5676
f 5594//5594 5676//5676 5675//5675
f 5595//5595 5596//5596 5677//5677
f 5595//5595 5677//5677 5676//5676
f 5596//5596 5597//5597 5678//5678
f 5596//5596 5678//5678 5677//5677
f 5597//5597 5598//5598 5679//5679
f 5597//5597 5679//5679 5678//5678
f 5598//5598 5599//5599 5680//5680
f 5598//5598 5680//5680 5679//5679
f 5599//5599 5600//5600 5681//5681
f 5599//5599 5681//5681 5680//5680
f 5600//5600 5601//5601 5682//5682
f 5600//5600 5682//5682 5681//5681
f 5601//5601 5602//5602 5683//5683
f 5601//5601 5683//5683 5682//5682
f 5602//5602 5603//5603 5684//5684
f 5602//5602 5684//5684 5683//5683
f 5603//5603 5604//5604 5685//5685
f 5603//5603 5685//5685 5684//5684
f 5604//5604 5605//5605 5686//5686
f 5604//5604 5686//5686 5685//5685
f 5605//5605 5606//5606 5687//5687
f 5605//5605 5687//5687 5686//5686
f 5606//5606 5607//5607 5688//5688
f 5606//5606 5688//5688 5687//5687
f 5607//5607 5608//5608 5689//5689
f 5607//5607 5689//5689 5688//5688
f 5608//5608 5609//5609 5690//5690
f 5608//5608 5690//5690 5689//5689
f 5609//5609 5610//5610 5691//5691
f 5609//5609 5691//5691 5690//5690
f 5610//5610 5611//5611 5692//5692
f 5610//5610 5692//5692 5691//5691
f 5611//5611 5612//5612 5693//5693
f 5611//5611 5693//5693 5692//5692
f 5612//5612 5613//5613 5694//5694
f 5612//5612 5694//5694 5693//5693
f 5613//5613 5614//5614 5695//5695
f 5613//5613 5695//5695 5694//5694
f 5614//5614 5615//5615 5696//5696
f 5614//5614 5696//5696 5695//5695
f 5615//5615 5616//5616 5697//5697
f 5615//5615 5697//5697 5696//5696
f 5616//5616 5617//5617 5698//5698
f 5616//5616 5698//5698 5697//5697
f 5617//5617 5618//5618 5699//5699
f 5617//5617 5699//5699 5698//5698
f 5618//5618 5619//5619 5700//5700
f 5618//5618 5700//5700 5699//5699
f 5619//5619 5620//5620 5701//5701
f 5619//5619 5701//5701 5700//5700
f 5620//5620 5621//5621 5702//5702
f 5620//5620 5702//5702 5701//5701
f 5621//5621 5622//5622 5703//5703
f 5621//5621 5703//5703 5702//5702
f 5622//5622 5623//5623 5704//5704
f 5622//5622 5704//5704 5703//5703
f 5623//5623 5624//5624 5705//5705
f 5623//5623 5705//5705 5704//5704
f 5624//5624 5625//5625 5706//5706
f 5624//5624 5706//5706 5705//5705
f 5625//5625 5626//5626 5707//5707
f 5625//5625 5707//5707 5706//5706
f 5626//5626 5627//5627 5708//5708
f 5626//5626 5708//5708 5707//5707
f 5627//5627 5628//5628 5709//5709
f 5627//5627 5709//5709 5708//5708
f 5628//5628 5629//5629 5710//5710
f 5628//5628 5710//5710 5709//5709
f 5629//5629 5630//5630 5711//5711
f 5629//5629 5711//5711 5710//5710
f 5630//5630 5631//5631 5712//5712
f 5630//5630 5712//5712 5711//5711
f 5631//5631 5632//5632 5713//5713
f 5631//5631 5713//5713 5712//5712
f 5632//5632 5633//5633 5714//5714
f 5632//5632 5714//5714 5713//5713
f 5633//5633 5634//5634 5715//5715
f 5633//5633 5715//5715 5714//5714
f 5634//5634 5635//5635 5716//5716
f 5634//5634 5716//5716 5715//5715
f 5635//5635 5636//5636 5717//5717
f 5635//5635 5717//5717 5716//5716
f 5636//5636 5637//5637 5718//5718
f 5636//5636 5718//5718 5717//5717
f 5637//5637 5638//5638 5719//5719
f 5637//5637 5719//5719 5718//5718
f 5638//5638 5639//5639 5720//5720
f 5638//5638 5720//5720 5719//5719
f 5639//5639 5640//5640 5721//5721
f 5639//5639 5721//5721 5720//5720
f 5640//5640 5641//5641 5722//5722
f 5640//5640 5722//5722 5721//5721
f 5641//5641 5642//5642 5723//5723
f 5641//5641 5723//5723 5722//5722
f 5642//5642 5643//5643 5724//5724
f 5642//5642 5724//5724 5723//5723
f 5643//5643 5644//5644 5725//5725
f 5643//5643 5725//5725 5724//5724
f 5644//5644 5645//5645 5726//5726
f 5644//5644 5726//5726 5725//5725
f 5645//5645 5646//5646 5727//5727
f 5645//5645 5727//5727 5726//5726
f 5646//5646 5647//5647 5728//5728
f 5646//5646 5728//5728 5727//5727
f 5647//5647 5648//5648 5729//5729
f 5647//5647 5729//5729 5728//5728
f 5648//5648 5649//5649 5730//5730
f 5648//5648 5730//5730 5729//5729
f 5649//5649 5650//5650 5731//5731
f 5649//5649 5731//5731 5730//5730
f 5650//5650 5651//5651 5732//5732
f 5650//5650 5732//5732 5731//5731
f 5651//5651 5652//5652 5733//5733
f 5651//5651 5733//5733 5732//5732
f 5652//5652 5653//5653 5734//5734
f 5652//5652 5734//5734 5733//5733
f 5653//5653 5654//5654 5735//5735
f 5653//5653 5735//5735 5734//5734
f 5654//5654 5655//5655 5736//5736
f 5654//5654 5736//5736 5735//5735
f 5655//5655 5656//5656 5737//5737
f 5655//5655 5737//5737 5736//5736
f 5656//5656 5657//5657 5738//5738
f 5656//5656 5738//5738 5737//5737
f 5657//5657 5658//5658 5739//5739
f 5657//5657 5739//5739 5738//5738
f 5658//5658 5659//5659 5740//5740
f 5658//5658 5740//5740 5739//5739
f 5659//5659 5660//5660 5741//5741
f 5659//5659 5741//5741 5740//5740
f 5660//5660 5661//5661 5742//5742
f 5660//5660 5742//5742 5741//5741
f 5661//5661 5662//5662 5743//5743
f 5661//5661 5743//5743 5742//5742
f 5662//5662 5663//5663 5744//5744
f 5662//5662 5744//5744 5743//5743
f 5663//5663 5664//5664 5745//5745
f 5663//5663 5745//5745 5744//5744
f 5664//5664 5665//5665 5746//5746
f 5664//5664 5746//5746 5745//5745
f 5665//5665 5666//5666 5747//5747
f 5665//5665 5747//5747 5746//5746
f 5666//5666 5667//5667 5748//5748
f 5666//5666 5748//5748 5747//5747
f 5667//5667 5668//5668 5749//5749
f 5667//5667 5749//5749 5748//5748
f 5668//5668 5669//5669 5750//5750
f 5668//5668 5750//5750 5749//5749
f 5669//5669 5670//5670 5751//5751
f 5669//5669 5751//5751 5750//5750
f 5671//5671 5672//5672 5753//5753
f 5671//5671 5753//5753 5752//5752
f 5672//5672 5673//5673 5754//5754
f 5672//5672 5754//5754 5753//5753
f 5673//5673 5674//5674 5755//5755
f 5673//5673 5755//5755 5754//5754
f 5674//5674 5675//5675 5756//5756
f 5674//5674 5756//5756 5755//5755
f 5675//5675 5676//5676 5757//5757
f 5675//5675 5757//5757 5756//5756
f 5676//5676 5677//5677 5758//5758
f 5676//5676 5758//5758 5757//5757
f 5677//5677 5678//5678 5759//5759
f 5677//5677 5759//5759 5758//5758
f 5678//5678 5679//5679 5760//5760
f 5678//5678 5760//5760 5759//5759
f 5679//5679 5680//5680 5761//5761
f 5679//5679 5761//5761 5760//5760
f 5680//5680 5681//5681 5762//5762
f 5680//5680 5762//5762 5761//5761
f 5681//5681 5682//5682 5763//5763
f 5681//5681 5763//5763 5762//5762
f 5682//5682 5683//5683 5764//5764
f 5682//5682 5764//5764 5763//5763
f 5683//5683 5684//5684 5765//5765
f 5683//5683 5765//5765 5764//5764
f 5684//5684 5685//5685 5766//5766
f 5684//5684 5766//5766 5765//5765
f 5685//5685 5686//5686 5767//5767
f 5685//5685 5767//5767 5766//5766
f 5686//5686 5687//5687 5768//5768
f 5686//5686 5768//5768 5767//5767
f 5687//5687 5688//5688 5769//5769
f 5687//5687 5769//5769 5768//5768
f 5688//5688 5689//5689 5770//5770
f 5688//5688 5770//5770 5769//5769
f 5689//5689 5690//5690 5771//5771
f 5689//5689 5771//5771 5770//5770
f 5690//5690 5691//5691 5772//5772
f 5690//5690 5772//5772 5771//5771
f 5691//5691 5692//5692 5773//5773
f 5691//5691 5773//5773 5772//5772
f 5692//5692 5693//5693 5774//5774
f 5692//5692 5774//5774 5773//5773
f 5693//5693 5694//5694 5775//5775
f 5693//5693 5775//5775 5774//5774
f 5694//5694 5695//5695 5776//5776
f 5694//5694 5776//5776 5775//5775
f 5695//5695 5696//5696 5777//5777
f 5695//5695 5777//5777 5776//5776
f 5696//5696 5697//5697 5778//5778
f 5696//5696 5778//5778 5777//5777
f 5697//5697 5698//5698 5779//5779
f 5697//5697 5779//5779 5778//5778
f 5698//5698 5699//5699 5780//5780
f 5698//5698 5780//5780 5779//5779
f 5699//5699 5700//5700 5781//5781
f 5699//5699 5781//5781 5780//5780
f 5700//5700 5701//5701 5782//5782
f 5700//5700 5782//5782 5781//5781
f 5701//5701 5702//5702 5783//5783
f 5701//5701 5783//5783 5782//5782
f 5702//5702 5703//5703 5784//5784
f 5702//5702 5784//5784 5783//5783
f 5703//5703 5704//5704 5785//5785
f 5703//5703 5785//5785 5784//5784
f 5704//5704 5705//5705 5786//5786
f 5704//5704 5786//5786 5785//5785
f 5705//5705 5706//5706 5787//5787
f 5705//5705 5787//5787 5786//5786
f 5706//5706 5707//5707 5788//5788
f 5706//5706 5788//5788 5787//5787
f 5707//5707 5708//5708 5789//5789
f 5707//5707 5789//5789 5788//5788
f 5708//5708 5709//5709 5790//5790
f 5708//5708 5790//5790 5789//5789
f 5709//5709 5710//5710 5791//5791
f 5709//5709 5791//5791 5790//5790
f 5710//5710 5711//5711 5792//5792
f 5710//5710 5792//5792 5791//5791
f 5711//5711 5712//5712 5793//5793
f 5711//5711 5793//5793 5792//5792
f 5712//5712 5713//5713 5794//5794
f 5712//5712 5794//5794 5793//5793
f 5713//5713 5714//5714 5795//5795
f 5713//5713 5795//5795 5794//5794
f 5714//5714 5715//5715 5796//5796
f 5714//5714 5796//5796 5795//5795
f 5715//5715 5716//5716 5797//5797
f 5715//5715 5797//5797 5796//5796
f 5716//5716 5717//5717 5798//5798
f 5716//5716 5798//5798 5797//5797
f 5717//5717 5718//5718 5799//5799
f 5717//5717 5799//5799 5798//5798
f 5718//5718 5719//5719 5800//5800
f 5718//5718 5800//5800 5799//5799
f 5719//5719 5720//5720 5801//5801
f 5719//5719 5801//5801 5800//5800
f 5720//5720 5721//5721 5802//5802
f 5720//5720 5802//5802 5801//5801
f 5721//5721 5722//5722 5803//5803
f 5721//5721 5803//5803 5802//5802
f 5722//5722 5723//5723 5804//5804
f 5722//5722 5804//5804 5803//5803
f 5723//5723 5724//5724 5805//5805
f 5723//5723 5805//5805 5804//5804
f 5724//5724 5725//5725 5806//5806
f 5724//5724 5806//5806 5805//5805
f 5725//5725 5726//5726 5807//5807
f 5725//5725 5807//5807 5806//5806
f 5726//5726 5727//5727 5808//5808
f 5726//5726 5808//5808 5807//5807
f 5727//5727 5728//5728 5809//5809
f 5727//5727 5809//5809 5808//5808
f 5728//5728 5729//5729 5810//5810
f 5728//5728 5810//5810 5809//5809
f 5729//5729 5730//5730 5811//5811
f 5729//5729 5811//5811 5810//5810
f 5730//5730 5731//5731 5812//5812
f 5730//5730 5812//5812 5811//5811
f 5731//5731 5732//5732 5813//5813
f 5731//5731 5813//5813 5812//5812
f 5732//5732 5733//5733 5814//5814
f 5732//5732 5814//5814 5813//5813
f 5733//5733 5734//5734 5815//5815
f 5733//5733 5815//5815 5814//5814
f 5734//5734 5735//5735 5816//5816
f 5734//5734 5816//5816 5815//5815
f 5735//5735 5736//5736 5817//5817
f 5735//5735 5817//5817 5816//5816
f 5736//5736 5737//5737 5818//5818
f 5736//5736 5818//5818 5817//5817
f 5737//5737 5738//5738 5819//5819
f 5737//5737 5819//5819 5818//5818
f 5738//5738 5739//5739 5820//5820
f 5738//5738 5820//5820 5819//5819
f 5739//5739 5740//5740 5821//5821
f 5739//5739 5821//5821 5820//5820
f 5740//5740 5741//5741 5822//5822
f 5740//5740 5822//5822 5821//5821
f 5741//5741 5742//5742 5823//5823
f 5741//5741 5823//5823 5822//5822
f 5742//5742 5743//5743 5824//5824
f 5742//5742 5824//5824 5823//5823
f 5743//5743 5744//5744 5825//5825
f 5743//5743 5825//5825 5824//5824
f 5744//5744 5745//5745 5826//5826
f 5744//5744 5826//5826 5825//5825
f 5745//5745 5746//5746 5827//5827
f 5745//5745 5827//5827 5826//5826
f 5746//5746 5747//5747 5828//5828
f 5746//5746 5828//5828 5827//5827
f 5747//5747 5748//5748 5829//5829
f 5747//5747 5829//5829 5828//5828
f 5748//5748 5749//5749 5830//5830
f 5748//5748 5830//5830 5829//5829
f 5749//5749 5750//5750 5831//5831
f 5749//5749 5831//5831 5830//5830
f 5750//5750 5751//5751 5832//5832
f 5750//5750 5832//5832 5831//5831
f 5752//5752 5753//5753 5834//5834
f 5752//5752 5834//5834 5833//5833
f 5753//5753 5754//5754 5835//5835
f 5753//5753 5835//5835 5834//5834
f 5754//5754 5755//5755 5836//5836
f 5754//5754 5836//5836 5835//5835
f 5755//5755 5756//5756 5837//5837
f 5755//5755 5837//5837 5836//5836
f 5756//5756 5757//5757 5838//5838
f 5756//5756 5838//5838 5837//5837
f 5757//5757 5758//5758 5839//5839
f 5757//5757 5839//5839 5838//5838
f 5758//5758 5759//5759 5840//5840
f 5758//5758 5840//5840 5839//5839
f 5759//5759 5760//5760 5841//5841
f 5759//5759 5841//5841 5840//5840
f 5760//5760 5761//5761 5842//5842
f 5760//5760 5842//5842 5841//5841
f 5761//5761 5762//5762 5843//5843
f 5761//5761 5843//5843 5842//5842
f 5762//5762 5763//5763 5844//5844
f 5762//5762 5844//5844 5843//5843
f 5763//5763 5764//5764 5845//5845
f 5763//5763 5845//5845 5844//5844
f 5764//5764 5765//5765 5846//5846
f 5764//5764 5846//5846 5845//5845
f 5765//5765 5766//5766 5847//5847
f 5765//5765 5847//5847 5846//5846
f 5766//5766 5767//5767 5848//5848
f 5766//5766 5848//5848 5847//5847
f 5767//5767 5768//5768 5849//5849
f 5767//5767 5849//5849 5848//5848
f 5768//5768 5769//5769 5850//5850
f 5768//5768 5850//5850 5849//5849
f 5769//5769 5770//5770 5851//5851
f 5769//5769 5851//5851 5850//5850
f 5770//5770 5771//5771 5852//5852
f 5770//5770 5852//5852 5851//5851
f 5771//5771 5772//5772 5853//5853
f 5771//5771 5853//5853 5852//5852
f 5772//5772 5773//5773 5854//5854
f 5772//5772 5854//5854 5853//5853
f 5773//5773 5774//5774 5855//5855
f 5773//5773 5855//5855 5854//5854
f 5774//5774 5775//5775 5856//5856
f 5774//5774 5856//5856 5855//5855
f 5775//5775 5776//5776 5857//5857
f 5775//5775 5857//5857 5856//5856
f 5776//5776 5777//5777 5858//5858
f 5776//5776 5858//5858 5857//5857
f 5777//5777 5778//5778 5859//5859
f 5777//5777 5859//5859 5858//5858
f 5778//5778 5779//5779 5860//5860
f 5778//5778 5860//5860 5859//5859
f 5779//5779 5780//5780 5861//5861
f 5779//5779 5861//5861 5860//5860
f 5780//5780 5781//5781 5862//5862
f 5780//5780 5862//5862 5861//5861
f 5781//5781 5782//5782 5863//5863
f 5781//5781 5863//5863 5862//5862
f 5782//5782 5783//5783 5864//5864
f 5782//5782 5864//5864 5863//5863
f 5783//5783 5784//5784 5865//5865
f 5783//5783 5865//5865 5864//5864
f 5784//5784 5785//5785 5866//5866
f 5784//5784 5866//5866 5865//5865
f 5785//5785 5786//5786 5867//5867
f 5785//5785 5867//5867 5866//5866
f 5786//5786 5787//5787 5868//5868
f 5786//5786 5868//5868 5867//5867
f 5787//5787 5788//5788 5869//5869
f 5787//5787 5869//5869 5868//5868
f 5788//5788 5789//5789 5870//5870
f 5788//5788 5870//5870 5869//5869
f 5789//5789 5790//5790 5871//5871
f 5789//5789 5871//5871 5870//5870
f 5790//5790 5791//5791 5872//5872
f 5790//5790 5872//5872 5871//5871
f 5791//5791 5792//5792 5873//5873
f 5791//5791 5873//5873 5872//5872
f 5792//5792 5793//5793 5874//5874
f 5792//5792 5874//5874 5873//5873
f 5793//5793 5794//5794 5875//5875
f 5793//5793 5875//5875 5874//5874
f 5794//5794 5795//5795 5876//5876
f 5794//5794 5876//5876 5875//5875
f 5795//5795 5796//5796 5877//5877
f 5795//5795 5877//5877 5876//5876
f 5796//5796 5797//5797 5878//5878
f 5796//5796 5878//5878 5877//5877
f 5797//5797 5798//5798 5879//5879
f 5797//5797 5879//5879 5878//5878
f 5798//5798 5799//5799 5880//5880
f 5798//5798 5880//5880 5879//5879
f 5799//5799 5800//5800 5881//5881
f 5799//5799 5881//5881 5880//5880
f 5800//5800 5801//5801 5882//5882
f 5800//5800 5882//5882 5881//5881
f 5801//5801 5802//5802 5883//5883
f 5801//5801 5883//5883 5882//5882
f 5802//5802 5803//5803 5884//5884
f 5802//5802 5884//5884 5883//5883
f 5803//5803 5804//5804 5885//5885
f 5803//5803 5885//5885 5884//5884
f 5804//5804 5805//5805 5886//5886
f 5804//5804 5886//5886 5885//5885
f 5805//5805 5806//5806 5887//5887
f 5805//5805 5887//5887 5886//5886
f 5806//5806 5807//5807 5888//5888
f 5806//5806 5888//5888 5887//5887
f 5807//5807 5808//5808 5889//5889
f 5807//5807 5889//5889 5888//5888
f 5808//5808 5809//5809 5890//5890
f 5808//5808 5890//5890 5889//5889
f 5809//5809 5810//5810 5891//5891
f 5809//5809 5891//5891 5890//5890
f 5810//5810 5811//5811 5892//5892
f 5810//5810 5892//5892 5891//5891
f 5811//5811 5812//5812 5893//5893
f 5811//5811 5893//5893 5892//5892
f 5812//5812 5813//5813 5894//5894
f 5812//5812 5894//5894 5893//5893
f 5813//5813 5814//5814 5895//5895
f 5813//5813 5895//5895 5894//5894
f 5814//5814 5815//5815 5896//5896
f 5814//5814 5896//5896 5895//5895
f 5815//5815 5816//5816 5897//5897
f 5815//5815 5897//5897 5896//5896
f 5816//5816 5817//5817 5898//5898
f 5816//5816 5898//5898 5897//5897
f 5817//5817 5818//5818 5899//5899
f 5817//5817 5899//5899 5898//5898
f 5818//5818 5819//5819 5900//5900
f 5818//5818 5900//5900 5899//5899
f 5819//5819 5820//5820 5901//5901
f 5819//5819 5901//5901 5900//5900
f 5820//5820 5821//5821 5902//5902
f 5820//5820 5902//5902 5901//5901
f 5821//5821 5822//5822 5903//5903
f 5821//5821 5903//5903 5902//5902
f 5822//5822 5823//5823 5904//5904
f 5822//5822 5904//5904 5903//5903
f 5823//5823 5824//5824 5905//5905
f 5823//5823 5905//5905 5904//5904
f 5824//5824 5825//5825 5906//5906
f 5824//5824 5906//5906 5905//5905
f 5825//5825 5826//5826 5907//5907
f 5825//5825 5907//5907 5906//5906
f 5826//5826 5827//5827 5908//5908
f 5826//5826 5908//5908 5907//5907
f 5827//5827 5828//5828 5909//5909
f 5827//5827 5909//5909 5908//5908
f 5828//5828 5829//5829 5910//5910
f 5828//5828 5910//5910 5909//5909
f 5829//5829 5830//5830 5911//5911
f 5829//5829 5911//5911 5910//5910
f 5830//5830 5831//5831 5912//5912
f 5830//5830 5912//5912 5911//5911
f 5831//5831 5832//5832 5913//5913
f 5831//5831 5913//5913 5912//5912
f 5833//5833 5834//5834 5915//5915
f 5833//5833 5915//5915 5914//5914
f 5834//5834 5835//5835 5916//5916
f 5834//5834 5916//5916 5915//5915
f 5835//5835 5836//5836 5917//5917
f 5835//5835 5917//5917 5916//5916
f 5836//5836 5837//5837 5918//5918
f 5836//5836 5918//5918 5917//5917
f 5837//5837 5838//5838 5919//5919
f 5837//5837 5919//5919 5918//5918
f 5838//5838 5839//5839 5920//5920
f 5838//5838 5920//5920 5919//5919
f 5839//5839 5840//5840 5921//5921
f 5839//5839 5921//5921 5920//5920
f 5840//5840 5841//5841 5922//5922
f 5840//5840 5922//5922 5921//5921
f 5841//5841 5842//5842 5923//5923
f 5841//5841 5923//5923 5922//5922
f 5842//5842 5843//5843 5924//5924
f 5842//5842 5924//5924 5923//5923
f 5843//5843 5844//5844 5925//5925
f 5843//5843 5925//5925 5924//5924
f 5844//5844 5845//5845 5926//5926
f 5844//5844 5926//5926 5925//5925
f 5845//5845 5846//5846 5927//5927
f 5845//5845 5927//5927 5926//5926
f 5846//5846 5847//5847 5928//5928
f 5846//5846 5928//5928 5927//5927
f 5847//5847 5848//5848 5929//5929
f 5847//5847 5929//5929 5928//5928
f 5848//5848 5849//5849 5930//5930
f 5848//5848 5930//5930 5929//5929
f 5849//5849 5850//5850 5931//5931
f 5849//5849 5931//5931 5930//5930
f 5850//5850 5851//5851 5932//5932
f 5850//5850 5932//5932 5931//5931
f 5851//5851 5852//5852 5933//5933
f 5851//5851 5933//5933 5932//5932
f 5852//5852 5853//5853 5934//5934
f 5852//5852 5934//5934 5933//5933
f 5853//5853 5854//5854 5935//5935
f 5853//5853 5935//5935 5934//5934
f 5854//5854 5855//5855 5936//5936
f 5854//5854 5936//5936 5935//5935
f 5855//5855 5856//5856 5937//5937
f 5855//5855 5937//5937 5936//5936
f 5856//5856 5857//5857 5938//5938
f 5856//5856 5938//5938 5937//5937
f 5857//5857 5858//5858 5939//5939
f 5857//5857 5939//5939 5938//5938
f 5858//5858 5859//5859 5940//5940
f 5858//5858 5940//5940 5939//5939
f 5859//5859 5860//5860 5941//5941
f 5859//5859 5941//5941 5940//5940
f 5860//5860 5861//5861 5942//5942
f 5860//5860 5942//5942 5941//5941
f 5861//5861 5862//5862 5943//5943
f 5861//5861 5943//5943 5942//5942
f 5862//5862 5863//5863 5944//5944
f 5862//5862 5944//5944 5943//5943
f 5863//5863 5864//5864 5945//5945
f 5863//5863 5945//5945 5944//5944
f 5864//5864 5865//5865 5946//5946
f 5864//5864 5946//5946 5945//5945
f 5865//5865 5866//5866 5947//5947
f 5865//5865 5947//5947 5946//5946
f 5866//5866 5867//5867 5948//5948
f 5866//5866 5948//5948 5947//5947
f 5867//5867 5868//5868 5949//5949
f 5867//5867 5949//5949 5948//5948
f 5868//5868 5869//5869 5950//5950
f 5868//5868 5950//5950 5949//5949
f 5869//5869 5870//5870 5951//5951
f 5869//5869 5951//5951 5950//5950
f 5870//5870 5871//5871 5952//5952
f 5870//5870 5952//5952 5951//5951
f 5871//5871 5872//5872 5953//5953
f 5871//5871 5953//5953 5952//5952
f 5872//5872 5873//5873 5954//5954
f 5872//5872 5954//5954 5953//5953
f 5873//5873 5874//5874 5955//5955
f 5873//5873 5955//5955 5954//5954
f 5874//5874 5875//5875 5956//5956
f 5874//5874 5956//5956 5955//5955
f 5875//5875 5876//5876 5957//5957
f 5875//5875 5957//5957 5956//5956
f 5876//5876 5877//5877 5958//5958
f 5876//5876 5958//5958 5957//5957
f 5877//5877 5878//5878 5959//5959
f 5877//5877 5959//5959 5958//5958
f 5878//5878 5879//5879 5960//5960
f 5878//5878 5960//5960 5959//5959
f 5879//5879 5880//5880 5961//5961
f 5879//5879 5961//5961 5960//5960
f 5880//5880 5881//5881 5962//5962
f 5880//5880 5962//5962 5961//5961
f 5881//5881 5882//5882 5963//5963
f 5881//5881 5963//5963 5962//5962
f 5882//5882 5883//5883 5964//5964
f 5882//5882 5964//5964 5963//5963
f 5883//5883 5884//5884 5965//5965
f 5883//5883 5965//5965 5964//5964
f 5884//5884 5885//5885 5966//5966
f 5884//5884 5966//5966 5965//5965
f 5885//5885 5886//5886 5967//5967
f 5885//5885 5967//5967 5966//5966
f 5886//5886 5887//5887 5968//5968
f 5886//5886 5968//5968 5967//5967
f 5887//5887 5888//5888 5969//5969
f 5887//5887 5969//5969 5968//5968
f 5888//5888 5889//5889 5970//5970
f 5888//5888 5970//5970 5969//5969
f 5889//5889 5890//5890 5971//5971
f 5889//5889 5971//5971 5970//5970
f 5890//5890 5891//5891 5972//5972
f 5890//5890 5972//5972 5971//5971
f 5891//5891 5892//5892 5973//5973
f 5891//5891 5973//5973 5972//5972
f 5892//5892 5893//5893 5974//5974
f 5892//5892 5974//5974 5973//5973
f 5893//5893 5894//5894 5975//5975
f 5893//5893 5975//5975 5974//5974
f 5894//5894 5895//5895 5976//5976
f 5894//5894 5976//5976 5975//5975
f 5895//5895 5896//5896 5977//5977
f 5895//5895 5977//5977 5976//5976
f 5896//5896 5897//5897 5978//5978
f 5896//5896 5978//5978 5977//5977
f 5897//5897 5898//5898 5979//5979
f 5897//5897 5979//5979 5978//5978
f 5898//5898 5899//5899 5980//5980
f 5898//5898 5980//5980 5979//5979
f 5899//5899 5900//5900 5981//5981
f 5899//5899 5981//5981 5980//5980
f 5900//5900 5901//5901 5982//5982
f 5900//5900 5982//5982 5981//5981
f 5901//5901 5902//5902 5983//5983
f 5901//5901 5983//5983 5982//5982
f 5902//5902 5903//5903 5984//5984
f 5902//5902 5984//5984 5983//5983
f 5903//5903 5904//5904 5985//5985
f 5903//5903 5985//5985 5984//5984
f 5904//5904 5905//5905 5986//5986
f 5904//5904 5986//5986 5985//5985
f 5905//5905 5906//5906 5987//5987
f 5905//5905 5987//5987 5986//5986
f 5906//5906 5907//5907 5988//5988
f 5906//5906 5988//5988 5987//5987
f 5907//5907 5908//5908 5989//5989
f 5907//5907 5989//5989 5988//5988
f 5908//5908 5909//5909 5990//5990
f 5908//5908 5990//5990 5989//5989
f 5909//5909 5910//5910 5991//5991
f 5909//5909 5991//5991 5990//5990
f 5910//5910 5911//5911 5992//5992
f 5910//5910 5992//5992 5991//5991
f 5911//5911 5912//5912 5993//5993
f 5911//5911 5993//5993 5992//5992
f 5912//5912 5913//5913 5994//5994
f 5912//5912 5994//5994 5993//5993
f 5914//5914 5915//5915 5996//5996
f 5914//5914 5996//5996 5995//5995
f 5915//5915 5916//5916 5997//5997
f 5915//5915 5997//5997 5996//5996
f 5916//5916 5917//5917 5998//5998
f 5916//5916 5998//5998 5997//5997
f 5917//5917 5918//5918 5999//5999
f 5917//5917 5999//5999 5998//5998
f 5918//5918 5919//5919 6000//6000
f 5918//5918 6000//6000 5999//5999
f 5919//5919 5920//5920 6001//6001
f 5919//5919 6001//6001 6000//6000
f 5920//5920 5921//5921 6002//6002
f 5920//5920 6002//6002 6001//6001
f 5921//5921 5922//5922 6003//6003
f 5921//5921 6003//6003 6002//6002
f 5922//5922 5923//5923 6004//6004
f 5922//5922 6004//6004 6003//6003
f 5923//5923 5924//5924 6005//6005
f 5923//5923 6005//6005 6004//6004
f 5924//5924 5925//5925 6006//6006
f 5924//5924 6006//6006 6005//6005
f 5925//5925 5926//5926 6007//6007
f 5925//5925 6007//6007 6006//6006
f 5926//5926 5927//5927 6008//6008
f 5926//5926 6008//6008 6007//6007
f 5927//5927 5928//5928 6009//6009
f 5927//5927 6009//6009 6008//6008
f 5928//5928 5929//5929 6010//6010
f 5928//5928 6010//6010 6009//6009
f 5929//5929 5930//5930 6011//6011
f 5929//5929 6011//6011 6010//6010
f 5930//5930 5931//5931 6012//6012
f 5930//5930 6012//6012 6011//6011
f 5931//5931 5932//5932 6013//6013
f 5931//5931 6013//6013 6012//6012
f 5932//5932 5933//5933 6014//6014
f 5932//5932 6014//6014 6013//6013
f 5933//5933 5934//5934 6015//6015
f 5933//5933 6015//6015 6014//6014
f 5934//5934 5935//5935 6016//6016
f 5934//5934 6016//6016 6015//6015
f 5935//5935 5936//5936 6017//6017
f 5935//5935 6017//6017 6016//6016
f 5936//5936 5937//5937 6018//6018
f 5936//5936 6018//6018 6017//6017
f 5937//5937 5938//5938 6019//6019
f 5937//5937 6019//6019 6018//6018
f 5938//5938 5939//5939 6020//6020
f 5938//5938 6020//6020 6019//6019
f 5939//5939 5940//5940 6021//6021
f 5939//5939 6021//6021 6020//6020
f 5940//5940 5941//5941 6022//6022
f 5940//5940 6022//6022 6021//6021
f 5941//5941 5942//5942 6023//6023
f 5941//5941 6023//6023 6022//6022
f 5942//5942 5943//5943 6024//6024
f 5942//5942 6024//6024 6023//6023
f 5943//5943 5944//5944 6025//6025
f 5943//5943 6025//6025 6024//6024
f 5944//5944 5945//5945 6026//6026
f 5944//5944 6026//6026 6025//6025
f 5945//5945 5946//5946 6027//6027
f 5945//5945 6027//6027 6026//6026
f 5946//5946 5947//5947 6028//6028
f 5946//5946 6028//6028 6027//6027
f 5947//5947 5948//5948 6029//6029
f 5947//5947 6029//6029 6028//6028
f 5948//5948 5949//5949 6030//6030
f 5948//5948 6030//6030 6029//6029
f 5949//5949 5950//5950 6031//6031
f 5949//5949 6031//6031 6030//6030
f 5950//5950 5951//5951 6032//6032
f 5950//5950 6032//6032 6031//6031
f 5951//5951 5952//5952 6033//6033
f 5951//5951 6033//6033 6032//6032
f 5952//5952 5953//5953 6034//6034
f 5952//5952 6034//6034 6033//6033
f 5953//5953 5954//5954 6035//6035
f 5953//5953 6035//6035 6034//6034
f 5954//5954 5955//5955 6036//6036
f 5954//5954 6036//6036 6035//6035
f 5955//5955 5956//5956 6037//6037
f 5955//5955 6037//6037 6036//6036
f 5956//5956 5957//5957 6038//6038
f 5956//5956 6038//6038 6037//6037
f 5957//5957 5958//5958 6039//6039
f 5957//5957 6039//6039 6038//6038
f 5958//5958 5959//5959 6040//6040
f 5958//5958 6040//6040 6039//6039
f 5959//5959 5960//5960 6041//6041
f 5959//5959 6041//6041 6040//6040
f 5960//5960 5961//5961 6042//6042
f 5960//5960 6042//6042 6041//6041
f 5961//5961 5962//5962 6043//6043
f 5961//5961 6043//6043 6042//6042
f 5962//5962 5963//5963 6044//6044
f 5962//5962 6044//6044 6043//6043
f 5963//5963 5964//5964 6045//6045
f 5963//5963 6045//6045 6044//6044
f 5964//5964 5965//5965 6046//6046
f 5964//5964 6046//6046 6045//6045
f 5965//5965 5966//5966 6047//6047
f 5965//5965 6047//6047 6046//6046
f 5966//5966 5967//5967 6048//6048
f 5966//5966 6048//6048 6047//6047
f 5967//5967 5968//5968 6049//6049
f 5967//5967 6049//6049 6048//6048
f 5968//5968 5969//5969 6050//6050
f 5968//5968 6050//6050 6049//6049
f 5969//5969 5970//5970 6051//6051
f 5969//5969 6051//6051 6050//6050
f 5970//5970 5971//5971 6052//6052
f 5970//5970 6052//6052 6051//6051
f 5971//5971 5972//5972 6053//6053
f 5971//5971 6053//6053 6052//6052
f 5972//5972 5973//5973 6054//6054
f 5972//5972 6054//6054 6053//6053
f 5973//5973 5974//5974 6055//6055
f 5973//5973 6055//6055 6054//6054
f 5974//5974 5975//5975 6056//6056
f 5974//5974 6056//6056 6055//6055
f 5975//5975 5976//5976 6057//6057
f 5975//5975 6057//6057 6056//6056
f 5976//5976 5977//5977 6058//6058
f 5976//5976 6058//6058 6057//6057
f 5977//5977 5978//5978 6059//6059
f 5977//5977 6059//6059 6058//6058
f 5978//5978 5979//5979 6060//6060
f 5978//5978 6060//6060 6059//6059
f 5979//5979 5980//5980 6061//6061
f 5979//5979 6061//6061 6060//6060
f 5980//5980 5981//5981 6062//6062
f 5980//5980 6062//6062 6061//6061
f 5981//5981 5982//5982 6063//6063
f 5981//5981 6063//6063 6062//6062
f 5982//5982 5983//5983 6064//6064
f 5982//5982 6064//6064 6063//6063
f 5983//5983 5984//5984 6065//6065
f 5983//5983 6065//6065 6064//6064
f 5984//5984 5985//5985 6066//6066
f 5984//5984 6066//6066 6065//6065
f 5985//5985 5986//5986 6067//6067
f 5985//5985 6067//6067 6066//6066
f 5986//5986 5987//5987 6068//6068
f 5986//5986 6068//6068 6067//6067
f 5987//5987 5988//5988 6069//6069
f 5987//5987 6069//6069 6068//6068
f 5988//5988 5989//5989 6070//6070
f 5988//5988 6070//6070 6069//6069
f 5989//5989 5990//5990 6071//6071
f 5989//5989 6071//6071 6070//6070
f 5990//5990 5991//5991 6072//6072
f 5990//5990 6072//6072 6071//6071
f 5991//5991 5992//5992 6073//6073
f 5991//5991 6073//6073 6072//6072
f 5992//5992 5993//5993 6074//6074
f 5992//5992 6074//6074 6073//6073
f 5993//5993 5994//5994 6075//6075
f 5993//5993 6075//6075 6074//6074
f 5995//5995 5996//5996 6077//6077
f 5995//5995 6077//6077 6076//6076
f 5996//5996 5997//5997 6078//6078
f 5996//5996 6078//6078 6077//6077
f 5997//5997 5998//5998 6079//6079
f 5997//5997 6079//6079 6078//6078
f 5998//5998 5999//5999 6080//6080
f 5998//5998 6080//6080 6079//6079
f 5999//5999 6000//6000 6081//6081
f 5999//5999 6081//6081 6080//6080
f 6000//6000 6001//6001 6082//6082
f 6000//6000 6082//6082 6081//6081
f 6001//6001 6002//6002 6083//6083
f 6001//6001 6083//6083 6082//6082
f 6002//6002 6003//6003 6084//6084
f 6002//6002 6084//6084 6083//6083
f 6003//6003 6004//6004 6085//6085
f 6003//6003 6085//6085 6084//6084
f 6004//6004 6005//6005 6086//6086
f 6004//6004 6086//6086 6085//6085
f 6005//6005 6006//6006 6087//6087
f 6005//6005 6087//6087 6086//6086
f 6006//6006 6007//6007 6088//6088
f 6006//6006 6088//6088 6087//6087
f 6007//6007 6008//6008 6089//6089
f 6007//6007 6089//6089 6088//6088
f 6008//6008 6009//6009 6090//6090
f 6008//6008 6090//6090 6089//6089
f 6009//6009 6010//6010 6091//6091
f 6009//6009 6091//6091 6090//6090
f 6010//6010 6011//6011 6092//6092
f 6010//6010 6092//6092 6091//6091
f 6011//6011 6012//6012 6093//6093
f 6011//6011 6093//6093 6092//6092
f 6012//6012 6013//6013 6094//6094
f 6012//6012 6094//6094 6093//6093
f 6013//6013 6014//6014 6095//6095
f 6013//6013 6095//6095 6094//6094
f 6014//6014 6015//6015 6096//6096
f 6014//6014 6096//6096 6095//6095
f 6015//6015 6016//6016 6097//6097
f 6015//6015 6097//6097 6096//6096
f 6016//6016 6017//6017 6098//6098
f 6016//6016 6098//6098 6097//6097
f 6017//6017 6018//6018 6099//6099
f 6017//6017 6099//6099 6098//6098
f 6018//6018 6019//6019 6100//6100
f 6018//6018 6100//6100 6099//6099
f 6019//6019 6020//6020 6101//6101
f 6019//6019 6101//6101 6100//6100
f 6020//6020 6021//6021 6102//6102
f 6020//6020 6102//6102 6101//6101
f 6021//6021 6022//6022 6103//6103
f 6021//6021 6103//6103 6102//6102
f 6022//6022 6023//6023 6104//6104
f 6022//6022 6104//6104 6103//6103
f 6023//6023 6024//6024 6105//6105
f 6023//6023 6105//6105 6104//6104
f 6024//6024 6025//6025 6106//6106
f 6024//6024 6106//6106 6105//6105
f 6025//6025 6026//6026 6107//6107
f 6025//6025 6107//6107 6106//6106
f 6026//6026 6027//6027 6108//6108
f 6026//6026 6108//6108 6107//6107
f 6027//6027 6028//6028 6109//6109
f 6027//6027 6109//6109 6108//6108
f 6028//6028 6029//6029 6110//6110
f 6028//6028 6110//6110 6109//6109
f 6029//6029 6030//6030 6111//6111
f 6029//6029 6111//6111 6110//6110
f 6030//6030 6031//6031 6112//6112
f 6030//6030 6112//6112 6111//6111
f 6031//6031 6032//6032 6113//6113
f 6031//6031 6113//6113 6112//6112
f 6032//6032 6033//6033 6114//6114
f 6032//6032 6114//6114 6113//6113
f 6033//6033 6034//6034 6115//6115
f 6033//6033 6115//6115 6114//6114
f 6034//6034 6035//6035 6116//6116
f 6034//6034 6116//6116 6115//6115
f 6035//6035 6036//6036 6117//6117
f 6035//6035 6117//6117 6116//6116
f 6036//6036 6037//6037 6118//6118
f 6036//6036 6118//6118 6117//6117
f 6037//6037 6038//6038 6119//6119
f 6037//6037 6119//6119 6118//6118
f 6038//6038 6039//6039 6120//6120
f 6038//6038 6120//6120 6119//6119
f 6039//6039 6040//6040 6121//6121
f 6039//6039 6121//6121 6120//6120
f 6040//6040 6041//6041 6122//6122
f 6040//6040 6122//6122 6121//6121
f 6041//6041 6042//6042 6123//6123
f 6041//6041 6123//6123 6122//6122
f 6042//6042 6043//6043 6124//6124
f 6042//6042 6124//6124 6123//6123
f 6043//6043 6044//6044 6125//6125
f 6043//6043 6125//6125 6124//6124
f 6044//6044 6045//6045 6126//6126
f 6044//6044 6126//6126 6125//6125
f 6045//6045 6046//6046 6127//6127
f 6045//6045 6127//6127 6126//6126
f 6046//6046 6047//6047 6128//6128
f 6046//6046 6128//6128 6127//6127
f 6047//6047 6048//6048 6129//6129
f 6047//6047 6129//6129 6128//6128
f 6048//6048 6049//6049 6130//6130
f 6048//6048 6130//6130 6129//6129
f 6049//6049 6050//6050 6131//6131
f 6049//6049 6131//6131 6130//6130
f 6050//6050 6051//6051 6132//6132
f 6050//6050 6132//6132 6131//6131
f 6051//6051 6052//6052 6133//6133
f 6051//6051 6133//6133 6132//6132
f 6052//6052 6053//6053 6134//6134
f 6052//6052 6134//6134 6133//6133
f 6053//6053 6054//6054 6135//6135
f 6053//6053 6135//6135 6134//6134
f 6054//6054 6055//6055 6136//6136
f 6054//6054 6136//6136 6135//6135
f 6055//6055 6056//6056 6137//6137
f 6055//6055 6137//6137 6136//6136
f 6056//6056 6057//6057 6138//6138
f 6056//6056 6138//6138 6137//6137
f 6057//6057 6058//6058 6139//6139
f 6057//6057 6139//6139 6138//6138
f 6058//6058 6059//6059 6140//6140
f 6058//6058 6140//6140 6139//6139
f 6059//6059 6060//6060 6141//6141
f 6059//6059 6141//6141 6140//6140
f 6060//6060 6061//6061 6142//6142
f 6060//6060 6142//6142 6141//6141
f 6061//6061 6062//6062 6143//6143
f 6061//6061 6143//6143 6142//6142
f 6062//6062 6063//6063 6144//6144
f 6062//6062 6144//6144 6143//6143
f 6063//6063 6064//6064 6145//6145
f 6063//6063 6145//6145 6144//6144
f 6064//6064 6065//6065 6146//6146
f 6064//6064 6146//6146 6145//6145
f 6065//6065 6066//6066 6147//6147
f 6065//6065 6147//6147 6146//6146
f 6066//6066 6067//6067 6148//6148
f 6066//6066 6148//6148 6147//6147
f 6067//6067 6068//6068 6149//6149
f 6067//6067 6149//6149 6148//6148
f 6068//6068 6069//6069 6150//6150
f 6068//6068 6150//6150 6149//6149
f 6069//6069 6070//6070 6151//6151
f 6069//6069 6151//6151 6150//6150
f 6070//6070 6071//6071 6152//6152
f 6070//6070 6152//6152 6151//6151
f 6071//6071 6072//6072 6153//6153
f 6071//6071 6153//6153 6152//6152
f 6072//6072 6073//6073 6154//6154
f 6072//6072 6154//6154 6153//6153
f 6073//6073 6074//6074 6155//6155
f 6073//6073 6155//6155 6154//6154
f 6074//6074 6075//6075 6156//6156
f 6074//6074 6156//6156 6155//6155
f 6076//6076 6077//6077 6158//6158
f 6076//6076 6158//6158 6157//6157
f 6077//6077 6078//6078 6159//6159
f 6077//6077 6159//6159 6158//6158
f 6078//6078 6079//6079 6160//6160
f 6078//6078 6160//6160 6159//6159
f 6079//6079 6080//6080 6161//6161
f 6079//6079 6161//6161 6160//6160
f 6080//6080 6081//6081 6162//6162
f 6080//6080 6162//6162 6161//6161
f 6081//6081 6082//6082 6163//6163
f 6081//6081 6163//6163 6162//6162
f 6082//6082 6083//6083 6164//6164
f 6082//6082 6164//6164 6163//6163
f 6083//6083 6084//6084 6165//6165
f 6083//6083 6165//6165 6164//6164
f 6084//6084 6085//6085 6166//6166
f 6084//6084 6166//6166 6165//6165
f 6085//6085 6086//6086 6167//6167
f 6085//6085 6167//6167 6166//6166
f 6086//6086 6087//6087 6168//6168
f 6086//6086 6168//6168 6167//6167
f 6087//6087 6088//6088 6169//6169
f 6087//6087 6169//6169 6168//6168
f 6088//6088 6089//6089 6170//6170
f 6088//6088 6170//6170 6169//6169
f 6089//6089 6090//6090 6171//6171
f 6089//6089 6171//6171 6170//6170
f 6090//6090 6091//6091 6172//6172
f 6090//6090 6172//6172 6171//6171
f 6091//6091 6092//6092 6173//6173
f 6091//6091 6173//6173 6172//6172
f 6092//6092 6093//6093 6174//6174
f 6092//6092 6174//6174 6173//6173
f 6093//6093 6094//6094 6175//6175
f 6093//6093 6175//6175 6174//6174
f 6094//6094 6095//6095 6176//6176
f 6094//6094 6176//6176 6175//6175
f 6095//6095 6096//6096 6177//6177
f 6095//6095 6177//6177 6176//6176
f 6096//6096 6097//6097 6178//6178
f 6096//6096 6178//6178 6177//6177
f 6097//6097 6098//6098 6179//6179
f 6097//6097 6179//6179 6178//6178
f 6098//6098 6099//6099 6180//6180
f 6098//6098 6180//6180 6179//6179
f 6099//6099 6100//6100 6181//6181
f 6099//6099 6181//6181 6180//6180
f 6100//6100 6101//6101 6182//6182
f 6100//6100 6182//6182 6181//6181
f 6101//6101 6102//6102 6183//6183
f 6101//6101 6183//6183 6182//6182
f 6102//6102 6103//6103 6184//6184
f 6102//6102 6184//6184 6183//6183
f 6103//6103 6104//6104 6185//6185
f 6103//6103 6185//6185 6184//6184
f 6104//6104 6105//6105 6186//6186
f 6104//6104 6186//6186 6185//6185
f 6105//6105 6106//6106 6187//6187
f 6105//6105 6187//6187 6186//6186
f 6106//6106 6107//6107 6188//6188
f 6106//6106 6188//6188 6187//6187
f 6107//6107 6108//6108 6189//6189
f 6107//6107 6189//6189 6188//6188
f 6108//6108 6109//6109 6190//6190
f 6108//6108 6190//6190 6189//6189
f 6109//6109 6110//6110 6191//6191
f 6109//6109 6191//6191 6190//6190
f 6110//6110 6111//6111 6192//6192
f 6110//6110 6192//6192 6191//6191
f 6111//6111 6112//6112 6193//6193
f 6111//6111 6193//6193 6192//6192
f 6112//6112 6113//6113 6194//6194
f 6112//6112 6194//6194 6193//6193
f 6113//6113 6114//6114 6195//6195
f 6113//6113 6195//6195 6194//6194
f 6114//6114 6115//6115 6196//6196
f 6114//6114 6196//6196 6195//6195
f 6115//6115 6116//6116 6197//6197
f 6115//6115 6197//6197 6196//6196
f 6116//6116 6117//6117 6198//6198
f 6116//6116 6198//6198 6197//6197
f 6117//6117 6118//6118 6199//6199
f 6117//6117 6199//6199 6198//6198
f 6118//6118 6119//6119 6200//6200
f 6118//6118 6200//6200 6199//6199
f 6119//6119 6120//6120 6201//6201
f 6119//6119 6201//6201 6200//6200
f 6120//6120 6121//6121 6202//6202
f 6120//6120 6202//6202 6201//6201
f 6121//6121 6122//6122 6203//6203
f 6121//6121 6203//6203 6202//6202
f 6122//6122 6123//6123 6204//6204
f 6122//6122 6204//6204 6203//6203
f 6123//6123 6124//6124 6205//6205
f 6123//6123 6205//6205 6204//6204
f 6124//6124 6125//6125 6206//6206
f 6124//6124 6206//6206 6205//6205
f 6125//6125 6126//6126 6207//6207
f 6125//6125 6207//6207 6206//6206
f 6126//6126 6127//6127 6208//6208
f 6126//6126 6208//6208 6207//6207
f 6127//6127 6128//6128 6209//6209
f 6127//6127 6209//6209 6208//6208
f 6128//6128 6129//6129 6210//6210
f 6128//6128 6210//6210 6209//6209
f 6129//6129 6130//6130 6211//6211
f 6129//6129 6211//6211 6210//6210
f 6130//6130 6131//6131 6212//6212
f 6130//6130 6212//6212 6211//6211
f 6131//6131 6132//6132 6213//6213
f 6131//6131 6213//6213 6212//6212
f 6132//6132 6133//6133 6214//6214
f 6132//6132 6214//6214 6213//6213
f 6133//6133 6134//6134 6215//6215
f 6133//6133 6215//6215 6214//6214
f 6134//6134 6135//6135 6216//6216
f 6134//6134 6216//6216 6215//6215
f 6135//6135 6136//6136 6217//6217
f 6135//6135 6217//6217 6216//6216
f 6136//6136 6137//6137 6218//6218
f 6136//6136 6218//6218 6217//6217
f 6137//6137 6138//6138 6219//6219
f 6137//6137 6219//6219 6218//6218
f 6138//6138 6139//6139 6220//6220
f 6138//6138 6220//6220 6219//6219
f 6139//6139 6140//6140 6221//6221
f 6139//6139 6221//6221 6220//6220
f 6140//6140 6141//6141 6222//6222
f 6140//6140 6222//6222 6221//6221
f 6141//6141 6142//6142 6223//6223
f 6141//6141 6223//6223 6222//6222
f 6142//6142 6143//6143 6224//6224
f 6142//6142 6224//6224 6223//6223
f 6143//6143 6144//6144 6225//6225
f 6143//6143 6225//6225 6224//6224
f 6144//6144 6145//6145 6226//6226
f 6144//6144 6226//6226 6225//6225
f 6145//6145 6146//6146 6227//6227
f 6145//6145 6227//6227 6226//6226
f 6146//6146 6147//6147 6228//6228
f 6146//6146 6228//6228 6227//6227
f 6147//6147 6148//6148 6229//6229
f 6147//6147 6229//6229 6228//6228
f 6148//6148 6149//6149 6230//6230
f 6148//6148 6230//6230 6229//6229
f 6149//6149 6150//6150 6231//6231
f 6149//6149 6231//6231 6230//6230
f 6150//6150 6151//6151 6232//6232
f 6150//6150 6232//6232 6231//6231
f 6151//6151 6152//6152 6233//6233
f 6151//6151 6233//6233 6232//6232
f 6152//6152 6153//6153 6234//6234
f 6152//6152 6234//6234 6233//6233
f 6153//6153 6154//6154 6235//6235
f 6153//6153 6235//6235 6234//6234
f 6154//6154 6155//6155 6236//6236
f 6154//6154 6236//6236 6235//6235
f 6155//6155 6156//6156 6237//6237
f 6155//6155 6237//6237 6236//6236
f 6157//6157 6158//6158 6239//6239
f 6157//6157 6239//6239 6238//6238
f 6158//6158 6159//6159 6240//6240
f 6158//6158 6240//6240 6239//6239
f 6159//6159 6160//6160 6241//6241
f 6159//6159 6241//6241 6240//6240
f 6160//6160 6161//6161 6242//6242
f 6160//6160 6242//6242 6241//6241
f 6161//6161 6162//6162 6243//6243
f 6161//6161 6243//6243 6242//6242
f 6162//6162 6163//6163 6244//6244
f 6162//6162 6244//6244 6243//6243
f 6163//6163 6164//6164 6245//6245
f 6163//6163 6245//6245 6244//6244
f 6164//6164 6165//6165 6246//6246
f 6164//6164 6246//6246 6245//6245
f 6165//6165 6166//6166 6247//6247
f 6165//6165 6247//6247 6246//6246
f 6166//6166 6167//6167 6248//6248
f 6166//6166 6248//6248 6247//6247
f 6167//6167 6168//6168 6249//6249
f 6167//6167 6249//6249 6248//6248
f 6168//6168 6169//6169 6250//6250
f 6168//6168 6250//6250 6249//6249
f 6169//6169 6170//6170 6251//6251
f 6169//6169 6251//6251 6250//6250
f 6170//6170 6171//6171 6252//6252
f 6170//6170 6252//6252 6251//6251
f 6171//6171 6172//6172 6253//6253
f 6171//6171 6253//6253 6252//6252
f 6172//6172 6173//6173 6254//6254
f 6172//6172 6254//6254 6253//6253
f 6173//6173 6174//6174 6255//6255
f 6173//6173 6255//6255 6254//6254
f 6174//6174 6175//6175 6256//6256
f 6174//6174 6256//6256 6255//6255
f 6175//6175 6176//6176 6257//6257
f 6175//6175 6257//6257 6256//6256
f 6176//6176 6177//6177 6258//6258
f 6176//6176 6258//6258 6257//6257
f 6177//6177 6178//6178 6259//6259
f 6177//6177 6259//6259 6258//6258
f 6178//6178 6179//6179 6260//6260
f 6178//6178 6260//6260 6259//6259
f 6179//6179 6180//6180 6261//6261
f 6179//6179 6261//6261 6260//6260
f 6180//6180 6181//6181 6262//6262
f 6180//6180 6262//6262 6261//6261
f 6181//6181 6182//6182 6263//6263
f 6181//6181 6263//6263 6262//6262
f 6182//6182 6183//6183 6264//6264
f 6182//6182 6264//6264 6263//6263
f 6183//6183 6184//6184 6265//6265
f 6183//6183 6265//6265 6264//6264
f 6184//6184 6185//6185 6266//6266
f 6184//6184 6266//6266 6265//6265
f 6185//6185 6186//6186 6267//6267
f 6185//6185 6267//6267 6266//6266
f 6186//6186 6187//6187 6268//6268
f 6186//6186 6268//6268 6267//6267
f 6187//6187 6188//6188 6269//6269
f 6187//6187 6269//6269 6268//6268
f 6188//6188 6189//6189 6270//6270
f 6188//6188 6270//6270 6269//6269
f 6189//6189 6190//6190 6271//6271
f 6189//6189 6271//6271 6270//6270
f 6190//6190 6191//6191 6272//6272
f 6190//6190 6272//6272 6271//6271
f 6191//6191 6192//6192 6273//6273
f 6191//6191 6273//6273 6272//6272
f 6192//6192 6193//6193 6274//6274
f 6192//6192 6274//6274 6273//6273
f 6193//6193 6194//6194 6275//6275
f 6193//6193 6275//6275 6274//6274
f 6194//6194 6195//6195 6276//6276
f 6194//6194 6276//6276 6275//6275
f 6195//6195 6196//6196 6277//6277
f 6195//6195 6277//6277 6276//6276
f 6196//6196 6197//6197 6278//6278
f 6196//6196 6278//6278 6277//6277
f 6197//6197 6198//6198 6279//6279
f 6197//6197 6279//6279 6278//6278
f 6198//6198 6199//6199 6280//6280
f 6198//6198 6280//6280 6279//6279
f 6199//6199 6200//6200 6281//6281
f 6199//6199 6281//6281 6280//6280
f 6200//6200 6201//6201 6282//6282
f 6200//6200 6282//6282 6281//6281
f 6201//6201 6202//6202 6283//6283
f 6201//6201 6283//6283 6282//6282
f 6202//6202 6203//6203 6284//6284
f 6202//6202 6284//6284 6283//6283
f 6203//6203 6204//6204 6285//6285
f 6203//6203 6285//6285 6284//6284
f 6204//6204 6205//6205 6286//6286
f 6204//6204 6286//6286 6285//6285
f 6205//6205 6206//6206 6287//6287
f 6205//6205 6287//6287 6286//6286
f 6206//6206 6207//6207 6288//6288
f 6206//6206 6288//6288 6287//6287
f 6207//6207 6208//6208 6289//6289
f 6207//6207 6289//6289 6288//6288
f 6208//6208 6209//6209 6290//6290
f 6208//6208 6290//6290 6289//6289
f 6209//6209 6210//6210 6291//6291
f 6209//6209 6291//6291 6290//6290
f 6210//6210 6211//6211 6292//6292
f 6210//6210 6292//6292 6291//6291
f 6211//6211 6212//6212 6293//6293
f 6211//6211 6293//6293 6292//6292
f 6212//6212 6213//6213 6294//6294
f 6212//6212 6294//6294 6293//6293
f 6213//6213 6214//6214 6295//6295
f 6213//6213 6295//6295 6294//6294
f 6214//6214 6215//6215 6296//6296
f 6214//6214 6296//6296 6295//6295
f 6215//6215 6216//6216 6297//6297
f 6215//6215 6297//6297 6296//6296
f 6216//6216 6217//6217 6298//6298
f 6216//6216 6298//6298 6297//6297
f 6217//6217 6218//6218 6299//6299
f 6217//6217 6299//6299 6298//6298
f 6218//6218 6219//6219 6300//6300
f 6218//6218 6300//6300 6299//6299
f 6219//6219 6220//6220 6301//6301
f 6219//6219 6301//6301 6300//6300
f 6220//6220 6221//6221 6302//6302
f 6220//6220 6302//6302 6301//6301
f 6221//6221 6222//6222 6303//6303
f 6221//6221 6303//6303 6302//6302
f 6222//6222 6223//6223 6304//6304
f 6222//6222 6304//6304 6303//6303
f 6223//6223 6224//6224 6305//6305
f 6223//6223 6305//6305 6304//6304
f 6224//6224 6225//6225 6306//6306
f 6224//6224 6306//6306 6305//6305
f 6225//6225 6226//6226 6307//6307
f 6225//6225 6307//6307 6306//6306
f 6226//6226 6227//6227 6308//6308
f 6226//6226 6308//6308 6307//6307
f 6227//6227 6228//6228 6309//6309
f 6227//6227 6309//6309 6308//6308
f 6228//6228 6229//6229 6310//6310
f 6228//6228 6310//6310 6309//6309
f 6229//6229 6230//6230 6311//6311
f 6229//6229 6311//6311 6310//6310
f 6230//6230 6231//6231 6312//6312
f 6230//6230 6312//6312 6311//6311
f 6231//6231 6232//6232 6313//6313
f 6231//6231 6313//6313 6312//6312
f 6232//6232 6233//6233 6314//6314
f 6232//6232 6314//6314 6313//6313
f 6233//6233 6234//6234 6315//6315
f 6233//6233 6315//6315 6314//6314
f 6234//6234 6235//6235 6316//6316
f 6234//6234 6316//6316 6315//6315
f 6235//6235 6236//6236 6317//6317
f 6235//6235 6317//6317 6316//6316
f 6236//6236 6237//6237 6318//6318
f 6236//6236 6318//6318 6317//6317
f 6238//6238 6239//6239 6320//6320
f 6238//6238 6320//6320 6319//6319
f 6239//6239 6240//6240 6321//6321
f 6239//6239 6321//6321 6320//6320
f 6240//6240 6241//6241 6322//6322
f 6240//6240 6322//6322 6321//6321
f 6241//6241 6242//6242 6323//6323
f 6241//6241 6323//6323 6322//6322
f 6242//6242 6243//6243 6324//6324
f 6242//6242 6324//6324 6323//6323
f 6243//6243 6244//6244 6325//6325
f 6243//6243 6325//6325 6324//6324
f 6244//6244 6245//6245 6326//6326
f 6244//6244 6326//6326 6325//6325
f 6245//6245 6246//6246 6327//6327
f 6245//6245 6327//6327 6326//6326
f 6246//6246 6247//6247 6328//6328
f 6246//6246 6328//6328 6327//6327
f 6247//6247 6248//6248 6329//6329
f 6247//6247 6329//6329 6328//6328
f 6248//6248 6249//6249 6330//6330
f 6248//6248 6330//6330 6329//6329
f 6249//6249 6250//6250 6331//6331
f 6249//6249 6331//6331 6330//6330
f 6250//6250 6251//6251 6332//6332
f 6250//6250 6332//6332 6331//6331
f 6251//6251 6252//6252 6333//6333
f 6251//6251 6333//6333 6332//6332
f 6252//6252 6253//6253 6334//6334
f 6252//6252 6334//6334 6333//6333
f 6253//6253 6254//6254 6335//6335
f 6253//6253 6335//6335 6334//6334
f 6254//6254 6255//6255 6336//6336
f 6254//6254 6336//6336 6335//6335
f 6255//6255 6256//6256 6337//6337
f 6255//6255 6337//6337 6336//6336
f 6256//6256 6257//6257 6338//6338
f 6256//6256 6338//6338 6337//6337
f 6257//6257 6258//6258 6339//6339
f 6257//6257 6339//6339 6338//6338
f 6258//6258 6259//6259 6340//6340
f 6258//6258 6340//6340 6339//6339
f 6259//6259 6260//6260 6341//6341
f 6259//6259 6341//6341 6340//6340
f 6260//6260 6261//6261 6342//6342
f 6260//6260 6342//6342 6341//6341
f 6261//6261 6262//6262 6343//6343
f 6261//6261 6343//6343 6342//6342
f 6262//6262 6263//6263 6344//6344
f 6262//6262 6344//6344 6343//6343
f 6263//6263 6264//6264 6345//6345
f 6263//6263 6345//6345 6344//6344
f 6264//6264 6265//6265 6346//6346
f 6264//6264 6346//6346 6345//6345
f 6265//6265 6266//6266 6347//6347
f 6265//6265 6347//6347 6346//6346
f 6266//6266 6267//6267 6348//6348
f 6266//6266 6348//6348 6347//6347
f 6267//6267 6268//6268 6349//6349
f 6267//6267 6349//6349 6348//6348
f 6268//6268 6269//6269 6350//6350
f 6268//6268 6350//6350 6349//6349
f 6269//6269 6270//6270 6351//6351
f 6269//6269 6351//6351 6350//6350
f 6270//6270 6271//6271 6352//6352
f 6270//6270 6352//6352 6351//6351
f 6271//6271 6272//6272 6353//6353
f 6271//6271 6353//6353 6352//6352
f 6272//6272 6273//6273 6354//6354
f 6272//6272 6354//6354 6353//6353
f 6273//6273 6274//6274 6355//6355
f 6273//6273 6355//6355 6354//6354
f 6274//6274 6275//6275 6356//6356
f 6274//6274 6356//6356 6355//6355
f 6275//6275 6276//6276 6357//6357
f 6275//6275 6357//6357 6356//6356
f 6276//6276 6277//6277 6358//6358
f 6276//6276 6358//6358 6357//6357
f 6277//6277 6278//6278 6359//6359
f 6277//6277 6359//6359 6358//6358
f 6278//6278 6279//6279 6360//6360
f 6278//6278 6360//6360 6359//6359
f 6279//6279 6280//6280 6361//6361
f 6279//6279 6361//6361 6360//6360
f 6280//6280 6281//6281 6362//6362
f 6280//6280 6362//6362 6361//6361
f 6281//6281 6282//6282 6363//6363
f 6281//6281 6363//6363 6362//6362
f 6282//6282 6283//6283 6364//6364
f 6282//6282 6364//6364 6363//6363
f 6283//6283 6284//6284 6365//6365
f 6283//6283 6365//6365 6364//6364
f 6284//6284 6285//6285 6366//6366
f 6284//6284 6366//6366 6365//6365
f 6285//6285 6286//6286 6367//6367
f 6285//6285 6367//6367 6366//6366
f 6286//6286 6287//6287 6368//6368
f 6286//6286 6368//6368 6367//6367
f 6287//6287 6288//6288 6369//6369
f 6287//6287 6369//6369 6368//6368
f 6288//6288 6289//6289 6370//6370
f 6288//6288 6370//6370 6369//6369
f 6289//6289 6290//6290 6371//6371
f 6289//6289 6371//6371 6370//6370
f 6290//6290 6291//6291 6372//6372
f 6290//6290 6372//6372 6371//6371
f 6291//6291 6292//6292 6373//6373
f 6291//6291 6373//6373 6372//6372
f 6292//6292 6293//6293 6374//6374
f 6292//6292 6374//6374 6373//6373
f 6293//6293 6294//6294 6375//6375
f 6293//6293 6375//6375 6374//6374
f 6294//6294 6295//6295 6376//6376
f 6294//6294 6376//6376 6375//6375
f 6295//6295 6296//6296 6377//6377
f 6295//6295 6377//6377 6376//6376
f 6296//6296 6297//6297 6378//6378
f 6296//6296 6378//6378 6377//6377
f 6297//6297 6298//6298 6379//6379
f 6297//6297 6379//6379 6378//6378
f 6298//6298 6299//6299 6380//6380
f 6298//6298 6380//6380 6379//6379
f 6299//6299 6300//6300 6381//6381
f 6299//6299 6381//6381 6380//6380
f 6300//6300 6301//6301 6382//6382
f 6300//6300 6382//6382 6381//6381
f 6301//6301 6302//6302 6383//6383
f 6301//6301 6383//6383 6382//6382
f 6302//6302 6303//6303 6384//6384
f 6302//6302 6384//6384 6383//6383
f 6303//6303 6304//6304 6385//6385
f 6303//6303 6385//6385 6384//6384
f 6304//6304 6305//6305 6386//6386
f 6304//6304 6386//6386 6385//6385
f 6305//6305 6306//6306 6387//6387
f 6305//6305 6387//6387 6386//6386
f 6306//6306 6307//6307 6388//6388
f 6306//6306 6388//6388 6387//6387
f 6307//6307 6308//6308 6389//6389
f 6307//6307 6389//6389 6388//6388
f 6308//6308 6309//6309 6390//6390
f 6308//6308 6390//6390 6389//6389
f 6309//6309 6310//6310 6391//6391
f 6309//6309 6391//6391 6390//6390
f 6310//6310 6311//6311 6392//6392
f 6310//6310 6392//6392 6391//6391
f 6311//6311 6312//6312 6393//6393
f 6311//6311 6393//6393 6392//6392
f 6312//6312 6313//6313 6394//6394
f 6312//6312 6394//6394 6393//6393
f 6313//6313 6314//6314 6395//6395
f 6313//6313 6395//6395 6394//6394
f 6314//6314 6315//6315 6396//6396
f 6314//6314 6396//6396 6395//6395
f 6315//6315 6316//6316 6397//6397
f 6315//6315 6397//6397 6396//6396
f 6316//6316 6317//6317 6398//6398
f 6316//6316 6398//6398 6397//6397
f 6317//6317 6318//6318 6399//6399
f 6317//6317 6399//6399 6398//6398
f 6319//6319 6320//6320 6401//6401
f 6319//6319 6401//6401 6400//6400
f 6320//6320 6321//6321 6402//6402
f 6320//6320 6402//6402 6401//6401
f 6321//6321 6322//6322 6403//6403
f 6321//6321 6403//6403 6402//6402
f 6322//6322 6323//6323 6404//6404
f 6322//6322 6404//6404 6403//6403
f 6323//6323 6324//6324 6405//6405
f 6323//6323 6405//6405 6404//6404
f 6324//6324 6325//6325 6406//6406
f 6324//6324 6406//6406 6405//6405
f 6325//6325 6326//6326 6407//6407
f 6325//6325 6407//6407 6406//6406
f 6326//6326 6327//6327 6408//6408
f 6326//6326 6408//6408 6407//6407
f 6327//6327 6328//6328 6409//6409
f 6327//6327 6409//6409 6408//6408
f 6328//6328 6329//6329 6410//6410
f 6328//6328 6410//6410 6409//6409
f 6329//6329 6330//6330 6411//6411
f 6329//6329 6411//6411 6410//6410
f 6330//6330 6331//6331 6412//6412
f 6330//6330 6412//6412 6411//6411
f 6331//6331 6332//6332 6413//6413
f 6331//6331 6413//6413 6412//6412
f 6332//6332 6333//6333 6414//6414
f 6332//6332 6414//6414 6413//6413
f 6333//6333 6334//6334 6415//6415
f 6333//6333 6415//6415 6414//6414
f 6334//6334 6335//6335 6416//6416
f 6334//6334 6416//6416 6415//6415
f 6335//6335 6336//6336 6417//6417
f 6335//6335 6417//6417 6416//6416
f 6336//6336 6337//6337 6418//6418
f 6336//6336 6418//6418 6417//6417
f 6337//6337 6338//6338 6419//6419
f 6337//6337 6419//6419 6418//6418
f 6338//6338 6339//6339 6420//6420
f 6338//6338 6420//6420 6419//6419
f 6339//6339 6340//6340 6421//6421
f 6339//6339 6421//6421 6420//6420
f 6340//6340 6341//6341 6422//6422
f 6340//6340 6422//6422 6421//6421
f 6341//6341 6342//6342 6423//6423
f 6341//6341 6423//6423 6422//6422
f 6342//6342 6343//6343 6424//6424
f 6342//6342 6424//6424 6423//6423
f 6343//6343 6344//6344 6425//6425
f 6343//6343 6425//6425 6424//6424
f 6344//6344 6345//6345 6426//6426
f 6344//6344 6426//6426 6425//6425
f 6345//6345 6346//6346 6427//6427
f 6345//6345 6427//6427 6426//6426
f 6346//6346 6347//6347 6428//6428
f 6346//6346 6428//6428 6427//6427
f 6347//6347 6348//6348 6429//6429
f 6347//6347 6429//6429 6428//6428
f 6348//6348 6349//6349 6430//6430
f 6348//6348 6430//6430 6429//6429
f 6349//6349 6350//6350 6431//6431
f 6349//6349 6431//6431 6430//6430
f 6350//6350 6351//6351 6432//6432
f 6350//6350 6432//6432 6431//6431
f 6351//6351 6352//6352 6433//6433
f 6351//6351 6433//6433 6432//6432
f 6352//6352 6353//6353 6434//6434
f 6352//6352 6434//6434 6433//6433
f 6353//6353 6354//6354 6435//6435
f 6353//6353 6435//6435 6434//6434
f 6354//6354 6355//6355 6436//6436
f 6354//6354 6436//6436 6435//6435
f 6355//6355 6356//6356 6437//6437
f 6355//6355 6437//6437 6436//6436
f 6356//6356 6357//6357 6438//6438
f 6356//6356 6438//6438 6437//6437
f 6357//6357 6358//6358 6439//6439
f 6357//6357 6439//6439 6438//6438
f 6358//6358 6359//6359 6440//6440
f 6358//6358 6440//6440 6439//6439
f 6359//6359 6360//6360 6441//6441
f 6359//6359 6441//6441 6440//6440
f 6360//6360 6361//6361 6442//6442
f 6360//6360 6442//6442 6441//6441
f 6361//6361 6362//6362 6443//6443
f 6361//6361 6443//6443 6442//6442
f 6362//6362 6363//6363 6444//6444
f 6362//6362 6444//6444 6443//6443
f 6363//6363 6364//6364 6445//6445
f 6363//6363 6445//6445 6444//6444
f 6364//6364 6365//6365 6446//6446
f 6364//6364 6446//6446 6445//6445
f 6365//6365 6366//6366 6447//6447
f 6365//6365 6447//6447 6446//6446
f 6366//6366 6367//6367 6448//6448
f 6366//6366 6448//6448 6447//6447
f 6367//6367 6368//6368 6449//6449
f 6367//6367 6449//6449 6448//6448
f 6368//6368 6369//6369 6450//6450
f 6368//6368 6450//6450 6449//6449
f 6369//6369 6370//6370 6451//6451
f 6369//6369 6451//6451 6450//6450
f 6370//6370 6371//6371 6452//6452
f 6370//6370 6452//6452 6451//6451
f 6371//6371 6372//6372 6453//6453
f 6371//6371 6453//6453 6452//6452
f 6372//6372 6373//6373 6454//6454
f 6372//6372 6454//6454 6453//6453
f 6373//6373 6374//6374 6455//6455
f 6373//6373 6455//6455 6454//6454
f 6374//6374 6375//6375 6456//6456
f 6374//6374 6456//6456 6455//6455
f 6375//6375 6376//6376 6457//6457
f 6375//6375 6457//6457 6456//6456
f 6376//6376 6377//6377 6458//6458
f 6376//6376 6458//6458 6457//6457
f 6377//6377 6378//6378 6459//6459
f 6377//6377 6459//6459 6458//6458
f 6378//6378 6379//6379 6460//6460
f 6378//6378 6460//6460 6459//6459
f 6379//6379 6380//6380 6461//6461
f 6379//6379 6461//6461 6460//6460
f 6380//6380 6381//6381 6462//6462
f 6380//6380 6462//6462 6461//6461
f 6381//6381 6382//6382 6463//6463
f 6381//6381 6463//6463 6462//6462
f 6382//6382 6383//6383 6464//6464
f 6382//6382 6464//6464 6463//6463
f 6383//6383 6384//6384 6465//6465
f 6383//6383 6465//6465 6464//6464
f 6384//6384 6385//6385 6466//6466
f 6384//6384 6466//6466 6465//6465
f 6385//6385 6386//6386 6467//6467
f 6385//6385 6467//6467 6466//6466
f 6386//6386 6387//6387 6468//6468
f 6386//6386 6468//6468 6467//6467
f 6387//6387 6388//6388 6469//6469
f 6387//6387 6469//6469 6468//6468
f 6388//6388 6389//6389 6470//6470
f 6388//6388 6470//6470 6469//6469
f 6389//6389 6390//6390 6471//6471
f 6389//6389 6471//6471 6470//6470
f 6390//6390 6391//6391 6472//6472
f 6390//6390 6472//6472 6471//6471
f 6391//6391 6392//6392 6473//6473
f 6391//6391 6473//6473 6472//6472
f 6392//6392 6393//6393 6474//6474
f 6392//6392 6474//6474 6473//6473
f 6393//6393 6394//6394 6475//6475
f 6393//6393 6475//6475 6474//6474
f 6394//6394 6395//6395 6476//6476
f 6394//6394 6476//6476 6475//6475
f 6395//6395 6396//6396 6477//6477
f 6395//6395 6477//6477 6476//6476
f 6396//6396 6397//6397 6478//6478
f 6396//6396 6478//6478 6477//6477
f 6397//6397 6398//6398 6479//6479
f 6397//6397 6479//6479 6478//6478
f 6398//6398 6399//6399 6480//6480
f 6398//6398 6480//6480 6479//6479
f 6400//6400 6401//6401 6482//6482
f 6400//6400 6482//6482 6481//6481
f 6401//6401 6402//6402 6483//6483
f 6401//6401 6483//6483 6482//6482
f 6402//6402 6403//6403 6484//6484
f 6402//6402 6484//6484 6483//6483
f 6403//6403 6404//6404 6485//6485
f 6403//6403 6485//6485 6484//6484
f 6404//6404 6405//6405 6486//6486
f 6404//6404 6486//6486 6485//6485
f 6405//6405 6406//6406 6487//6487
f 6405//6405 6487//6487 6486//6486
f 6406//6406 6407//6407 6488//6488
f 6406//6406 6488//6488 6487//6487
f 6407//6407 6408//6408 6489//6489
f 6407//6407 6489//6489 6488//6488
f 6408//6408 6409//6409 6490//6490
f 6408//6408 6490//6490 6489//6489
f 6409//6409 6410//6410 6491//6491
f 6409//6409 6491//6491 6490//6490
f 6410//6410 6411//6411 6492//6492
f 6410//6410 6492//6492 6491//6491
f 6411//6411 6412//6412 6493//6493
f 6411//6411 6493//6493 6492//6492
f 6412//6412 6413//6413 6494//6494
f 6412//6412 6494//6494 6493//6493
f 6413//6413 6414//6414 6495//6495
f 6413//6413 6495//6495 6494//6494
f 6414//6414 6415//6415 6496//6496
f 6414//6414 6496//6496 6495//6495
f 6415//6415 6416//6416 6497//6497
f 6415//6415 6497//6497 6496//6496
f 6416//6416 6417//6417 6498//6498
f 6416//6416 6498//6498 6497//6497
f 6417//6417 6418//6418 6499//6499
f 6417//6417 6499//6499 6498//6498
f 6418//6418 6419//6419 6500//6500
f 6418//6418 6500//6500 6499//6499
f 6419//6419 6420//6420 6501//6501
f 6419//6419 6501//6501 6500//6500
f 6420//6420 6421//6421 6502//6502
f 6420//6420 6502//6502 6501//6501
f 6421//6421 6422//6422 6503//6503
f 6421//6421 6503//6503 6502//6502
f 6422//6422 6423//6423 6504//6504
f 6422//6422 6504//6504 6503//6503
f 6423//6423 6424//6424 6505//6505
f 6423//6423 6505//6505 6504//6504
f 6424//6424 6425//6425 6506//6506
f 6424//6424 6506//6506 6505//6505
f 6425//6425 6426//6426 6507//6507
f 6425//6425 6507//6507 6506//6506
f 6426//6426 6427//6427 6508//6508
f 6426//6426 6508//6508 6507//6507
f 6427//6427 6428//6428 6509//6509
f 6427//6427 6509//6509 6508//6508
f 6428//6428 6429//6429 6510//6510
f 6428//6428 6510//6510 6509//6509
f 6429//6429 6430//6430 6511//6511
f 6429//6429 6511//6511 6510//6510
f 6430//6430 6431//6431 6512//6512
f 6430//6430 6512//6512 6511//6511
f 6431//6431 6432//6432 6513//6513
f 6431//6431 6513//6513 6512//6512
f 6432//6432 6433//6433 6514//6514
f 6432//6432 6514//6514 6513//6513
f 6433//6433 6434//6434 6515//6515
f 6433//6433 6515//6515 6514//6514
f 6434//6434 6435//6435 6516//6516
f 6434//6434 6516//6516 6515//6515
f 6435//6435 6436//6436 6517//6517
f 6435//6435 6517//6517 6516//6516
f 6436//6436 6437//6437 6518//6518
f 6436//6436 6518//6518 6517//6517
f 6437//6437 6438//6438 6519//6519
f 6437//6437 6519//6519 6518//6518
f 6438//6438 6439//6439 6520//6520
f 6438//6438 6520//6520 6519//6519
f 6439//6439 6440//6440 6521//6521
f 6439//6439 6521//6521 6520//6520
f 6440//6440 6441//6441 6522//6522
f 6440//6440 6522//6522 6521//6521
f 6441//6441 6442//6442 6523//6523
f 6441//6441 6523//6523 6522//6522
f 6442//6442 6443//6443 6524//6524
f 6442//6442 6524//6524 6523//6523
f 6443//6443 6444//6444 6525//6525
f 6443//6443 6525//6525 6524//6524
f 6444//6444 6445//6445 6526//6526
f 6444//6444 6526//6526 6525//6525
f 6445//6445 6446//6446 6527//6527
f 6445//6445 6527//6527 6526//6526
f 6446//6446 6447//6447 6528//6528
f 6446//6446 6528//6528 6527//6527
f 6447//6447 6448//6448 6529//6529
f 6447//6447 6529//6529 6528//6528
f 6448//6448 6449//6449 6530//6530
f 6448//6448 6530//6530 6529//6529
f 6449//6449 6450//6450 6531//6531
f 6449//6449 6531//6531 6530//6530
f 6450//6450 6451//6451 6532//6532
f 6450//6450 6532//6532 6531//6531
f 6451//6451 6452//6452 6533//6533
f 6451//6451 6533//6533 6532//6532
f 6452//6452 6453//6453 6534//6534
f 6452//6452 6534//6534 6533//6533
f 6453//6453 6454//6454 6535//6535
f 6453//6453 6535//6535 6534//6534
f 6454//6454 6455//6455 6536//6536
f 6454//6454 6536//6536 6535//6535
f 6455//6455 6456//6456 6537//6537
f 6455//6455 6537//6537 6536//6536
f 6456//6456 6457//6457 6538//6538
f 6456//6456 6538//6538 6537//6537
f 6457//6457 6458//6458 6539//6539
f 6457//6457 6539//6539 6538//6538
f 6458//6458 6459//6459 6540//6540
f 6458//6458 6540//6540 6539//6539
f 6459//6459 6460//6460 6541//6541
f 6459//6459 6541//6541 6540//6540
f 6460//6460 6461//6461 6542//6542
f 6460//6460 6542//6542 6541//6541
f 6461//6461 6462//6462 6543//6543
f 6461//6461 6543//6543 6542//6542
f 6462//6462 6463//6463 6544//6544
f 6462//6462 6544//6544 6543//6543
f 6463//6463 6464//6464 6545//6545
f 6463//6463 6545//6545 6544//6544
f 6464//6464 6465//6465 6546//6546
f 6464//6464 6546//6546 6545//6545
f 6465//6465 6466//6466 6547//6547
f 6465//6465 6547//6547 6546//6546
f 6466//6466 6467//6467 6548//6548
f 6466//6466 6548//6548 6547//6547
f 6467//6467 6468//6468 6549//6549
f 6467//6467 6549//6549 6548//6548
f 6468//6468 6469//6469 6550//6550
f 6468//6468 6550//6550 6549//6549
f 6469//6469 6470//6470 6551//6551
f 6469//6469 6551//6551 6550//6550
f 6470//6470 6471//6471 6552//6552
f 6470//6470 6552//6552 6551//6551
f 6471//6471 6472//6472 6553//6553
f 6471//6471 6553//6553 6552//6552
f 6472//6472 6473//6473 6554//6554
f 6472//6472 6554//6554 6553//6553
f 6473//6473 6474//6474 6555//6555
f 6473//6473 6555//6555 6554//6554
f 6474//6474 6475//6475 6556//6556
f 6474//6474 6556//6556 6555//6555
f 6475//6475 6476//6476 6557//6557
f 6475//6475 6557//6557 6556//6556
f 6476//6476 6477//6477 6558//6558
f 6476//6476 6558//6558 6557//6557
f 6477//6477 6478//6478 6559//6559
f 6477//6477 6559//6559 6558//6558
f 6478//6478 6479//6479 6560//6560
f 6478//6478 6560//6560 6559//6559
f 6479//6479 6480//6480 6561//6561
f 6479//6479 6561//6561 6560//6560
